# delay_800pp, ch0_on, ch1_on, ch2_on, ch3_on, ch4_on, ch5_on, ch6_on, ch7_on, ch0_off, ch1_off, ch2_off, ch3_off, ch4_off, ch5_off, ch6_off, ch7_off, ch0_on_std, ch1_on_std, ch2_on_std, ch3_on_std, ch4_on_std, ch5_on_std, ch6_on_std, ch7_on_std, ch0_off_std, ch1_off_std, ch2_off_std, ch3_off_std, ch4_off_std, ch5_off_std, ch6_off_std, ch7_off_std, ch0_on_npulses, ch1_on_npulses, ch2_on_npulses, ch3_on_npulses, ch4_on_npulses, ch5_on_npulses, ch6_on_npulses, ch7_on_npulses, ch0_off_npulses, ch1_off_npulses, ch2_off_npulses, ch3_off_npulses, ch4_off_npulses, ch5_off_npulses, ch6_off_npulses, ch7_off_npulses, 
-9.113138267042052766e-10 1.174321990039062439e+04 8.678061667968750044e+03 1.444052134033203174e+03 2.110778808593750111e-01 6.424141235351562562e-01 4.774108886718750333e-02 -7.742517089843750644e-02 -1.681560058593750129e-01 1.174012348242187545e+04 1.041620979156494116e+02 1.442936510009765698e+03 2.658440246582031152e-01 4.078474731445312362e-01 -3.289978027343750111e-01 1.534382324218749871e-01 3.944519042968749889e-02 2.423892549573928790e+01 9.476488377473959446e+00 9.198948788689000011e+00 3.058888005777562924e+00 2.582005684817315405e+00 4.674158279224842616e+00 4.028059967893414139e+00 4.928225012175696307e+00 2.435011605736577778e+01 7.849619637651613857e+00 9.318503438105736336e+00 3.178618283664741639e+00 2.616019155620105341e+00 4.302058754662598794e+00 3.871216417468107185e+00 4.766945698231641160e+00 5.000000000000000000e+02 5.000000000000000000e+02 5.000000000000000000e+02 5.000000000000000000e+02 5.000000000000000000e+02 5.000000000000000000e+02 5.000000000000000000e+02 5.000000000000000000e+02 5.000000000000000000e+02 5.000000000000000000e+02 5.000000000000000000e+02 5.000000000000000000e+02 5.000000000000000000e+02 5.000000000000000000e+02 5.000000000000000000e+02 5.000000000000000000e+02
-9.112887098305221756e-10 1.174094185546875087e+04 8.678550843749999331e+03 1.444315731445312394e+03 9.070535278320313033e-02 4.417996826171874947e-01 -9.339813232421874389e-02 -1.248333129882812503e-01 -4.311986083984374885e-01 1.174318217968749923e+04 1.041747837066650391e+02 1.443301779052734446e+03 -4.027746582031249689e-02 4.679106445312499751e-01 2.149652099609375075e-02 -8.880432128906250860e-03 7.328820800781249423e-02 2.430394631661486926e+01 9.484731390748871505e+00 9.438484151649653597e+00 3.118759292905740832e+00 2.809860560709876331e+00 4.598153302985187985e+00 4.246349822611127145e+00 4.896861633067487674e+00 2.396252866802571546e+01 8.285514334006638393e+00 9.456204906993768589e+00 3.035414240580163181e+00 2.354648397058265896e+00 4.743128757159626119e+00 4.047927365060792759e+00 4.656811815712011970e+00 5.000000000000000000e+02 5.000000000000000000e+02 5.000000000000000000e+02 5.000000000000000000e+02 5.000000000000000000e+02 5.000000000000000000e+02 5.000000000000000000e+02 5.000000000000000000e+02 5.000000000000000000e+02 5.000000000000000000e+02 5.000000000000000000e+02 5.000000000000000000e+02 5.000000000000000000e+02 5.000000000000000000e+02 5.000000000000000000e+02 5.000000000000000000e+02
-9.112637997624389870e-10 1.174216380664062490e+04 8.678257148437500291e+03 1.445204356689453107e+03 8.812191772460938044e-02 4.717206420898437669e-01 2.391898803710937604e-01 5.925848388671874772e-02 -1.240649414062500039e-01 1.174214711523437472e+04 1.046312041015625027e+02 1.444253352539062462e+03 1.277343750000000050e-03 3.900989379882812691e-01 8.165881347656249456e-02 -8.696014404296875666e-02 -5.300426025390625462e-01 2.442992244220491216e+01 9.631457004666810207e+00 9.263895957321180319e+00 3.014197723361311976e+00 2.712283421661433547e+00 4.395787400905342146e+00 4.140808723221089949e+00 4.828390767500766678e+00 2.552386045575574514e+01 8.191497453100250681e+00 9.233101003345485225e+00 3.135775620137831510e+00 2.507176719349235139e+00 4.502182328123057964e+00 4.110812659324261098e+00 4.878592924619472804e+00 5.000000000000000000e+02 5.000000000000000000e+02 5.000000000000000000e+02 5.000000000000000000e+02 5.000000000000000000e+02 5.000000000000000000e+02 5.000000000000000000e+02 5.000000000000000000e+02 5.000000000000000000e+02 5.000000000000000000e+02 5.000000000000000000e+02 5.000000000000000000e+02 5.000000000000000000e+02 5.000000000000000000e+02 5.000000000000000000e+02 5.000000000000000000e+02
-9.112390231173235339e-10 1.174288819921875074e+04 8.677546558593750888e+03 1.446933360595703107e+03 8.738339233398437211e-02 6.869268188476562731e-01 2.130994873046875016e-01 -2.283970336914062371e-01 2.758972167968749833e-02 1.174096342578125041e+04 1.032466202392578083e+02 1.445891281005859355e+03 -1.027267456054687528e-02 5.110737304687500426e-01 9.340362548828125278e-02 2.368635864257812584e-01 -1.748110351562499887e-01 2.409409936241933181e+01 9.539349718374605658e+00 9.290085836765271665e+00 3.127093132829631639e+00 2.495112759490007548e+00 4.506599200434328267e+00 4.025862002526718442e+00 5.025750903906058831e+00 2.427237600104299275e+01 7.647101432390004838e+00 9.230771865870726955e+00 2.983294631473517367e+00 2.346007471069611938e+00 4.586724467386810389e+00 3.966554045489059988e+00 4.851298752916850532e+00 5.000000000000000000e+02 5.000000000000000000e+02 5.000000000000000000e+02 5.000000000000000000e+02 5.000000000000000000e+02 5.000000000000000000e+02 5.000000000000000000e+02 5.000000000000000000e+02 5.000000000000000000e+02 5.000000000000000000e+02 5.000000000000000000e+02 5.000000000000000000e+02 5.000000000000000000e+02 5.000000000000000000e+02 5.000000000000000000e+02 5.000000000000000000e+02
-9.112139529416791661e-10 1.173945644335937504e+04 8.677407009765625844e+03 1.447241335693359360e+03 2.570776977539062647e-01 4.736634521484375249e-01 -2.026826782226562595e-01 -7.644244384765624956e-02 1.701889648437500124e-01 1.174363555273437487e+04 1.030766245422363312e+02 1.446232483398437580e+03 6.083465576171874674e-03 6.034458618164062482e-01 8.572186279296875600e-02 3.852484130859375189e-02 -1.446660156250000051e-01 2.412220805600016860e+01 9.592709913341368022e+00 9.182837930849473196e+00 3.156453051394559672e+00 2.257667832719423728e+00 4.206674795629876229e+00 3.916708866321702232e+00 4.795479818605309141e+00 2.468236551762543129e+01 7.722814166712484329e+00 8.920126463073847489e+00 3.210588831475519100e+00 2.749961695560131592e+00 4.523046038642791089e+00 4.010007303099561327e+00 4.768599755730124734e+00 5.000000000000000000e+02 5.000000000000000000e+02 5.000000000000000000e+02 5.000000000000000000e+02 5.000000000000000000e+02 5.000000000000000000e+02 5.000000000000000000e+02 5.000000000000000000e+02 5.000000000000000000e+02 5.000000000000000000e+02 5.000000000000000000e+02 5.000000000000000000e+02 5.000000000000000000e+02 5.000000000000000000e+02 5.000000000000000000e+02 5.000000000000000000e+02
-9.111888760948861272e-10 1.174354644921874933e+04 8.677331066406250102e+03 1.447120194824218743e+03 1.116668701171874972e-01 3.940352172851562251e-01 1.374857788085937504e-01 -1.066333007812499990e-02 -4.142219238281250049e-01 1.173978878124999937e+04 1.035955182647705044e+02 1.446430637207031168e+03 2.401657104492187569e-02 5.504801635742186949e-01 1.609948120117187520e-01 -1.502828369140624953e-01 -3.050009765625000258e-01 2.449547661199276405e+01 9.271429524192768667e+00 9.058482526394515233e+00 3.108759135234159032e+00 2.461666752292242855e+00 4.813407111680533035e+00 3.883577037217682548e+00 4.556627247887384158e+00 2.349971905213803680e+01 7.584697885231691750e+00 9.110275501225750361e+00 3.072970731042826475e+00 2.596524066481793902e+00 4.538286262111230762e+00 4.069379656167201098e+00 4.594579388250631169e+00 5.000000000000000000e+02 5.000000000000000000e+02 5.000000000000000000e+02 5.000000000000000000e+02 5.000000000000000000e+02 5.000000000000000000e+02 5.000000000000000000e+02 5.000000000000000000e+02 5.000000000000000000e+02 5.000000000000000000e+02 5.000000000000000000e+02 5.000000000000000000e+02 5.000000000000000000e+02 5.000000000000000000e+02 5.000000000000000000e+02 5.000000000000000000e+02
-9.111639927113966925e-10 1.174119416992187507e+04 8.677376210937500218e+03 1.444833797851562394e+03 9.147210693359375533e-02 6.409238281250000391e-01 1.195002441406250032e-01 -5.824487304687499950e-02 2.487218017578124996e-01 1.174191442773437484e+04 1.031714368896484331e+02 1.443871627929687520e+03 3.587774658203125161e-02 3.743257446289062762e-01 -3.817749023437499827e-03 4.138804931640625018e-01 4.001306152343749728e-02 2.454483099555988446e+01 9.474416888690662120e+00 9.124041029840553207e+00 3.030550554066266944e+00 2.483704853110842325e+00 4.269264906638431611e+00 4.069874510784362798e+00 4.629872029091647079e+00 2.395902035537669406e+01 7.858480321962535875e+00 9.329105578723760672e+00 3.053859292381621238e+00 2.673476729005063834e+00 4.430582288685514847e+00 4.082781583669356174e+00 4.921533015745453987e+00 5.000000000000000000e+02 5.000000000000000000e+02 5.000000000000000000e+02 5.000000000000000000e+02 5.000000000000000000e+02 5.000000000000000000e+02 5.000000000000000000e+02 5.000000000000000000e+02 5.000000000000000000e+02 5.000000000000000000e+02 5.000000000000000000e+02 5.000000000000000000e+02 5.000000000000000000e+02 5.000000000000000000e+02 5.000000000000000000e+02 5.000000000000000000e+02
-9.111389692337909546e-10 1.173928734960937436e+04 8.677288242187500146e+03 1.443673965820312560e+03 6.000540161132812689e-02 3.194496459960937673e-01 -7.728039550781250211e-02 1.383540649414062573e-01 4.063017578124999973e-01 1.174305855078125023e+04 1.030532490692138623e+02 1.442699445068359410e+03 1.792278137207031219e-01 3.425201416015625222e-01 -2.810134277343749876e-01 -1.131477661132812562e-01 2.689101562499999765e-01 2.443432916296611523e+01 9.055300639494575421e+00 9.017063926566260434e+00 3.108779500058838963e+00 2.377845478669011747e+00 4.709156272428090872e+00 4.190842336098932641e+00 5.004368740787237257e+00 2.439041416860683853e+01 7.892504863435057416e+00 9.208614850310686606e+00 3.172270038089971322e+00 2.497218990550226447e+00 4.668779350381691451e+00 3.926516222363985342e+00 4.845369886343656063e+00 5.000000000000000000e+02 5.000000000000000000e+02 5.000000000000000000e+02 5.000000000000000000e+02 5.000000000000000000e+02 5.000000000000000000e+02 5.000000000000000000e+02 5.000000000000000000e+02 5.000000000000000000e+02 5.000000000000000000e+02 5.000000000000000000e+02 5.000000000000000000e+02 5.000000000000000000e+02 5.000000000000000000e+02 5.000000000000000000e+02 5.000000000000000000e+02
-9.111139057292949478e-10 1.174310816796875042e+04 8.677094132812500902e+03 1.444074720703124967e+03 1.189555664062500046e-01 8.345692138671875204e-01 -1.789884033203124891e-01 1.347590942382812518e-01 2.471660156250000129e-01 1.173887175195312557e+04 1.037068328552246044e+02 1.443057803955078043e+03 2.327667236328124882e-03 5.373399658203125151e-01 -2.881613769531249925e-01 9.547937011718750366e-02 -4.424681396484375084e-01 2.378367594368735993e+01 9.862923247406031990e+00 9.247062623143124327e+00 3.016648177797979447e+00 2.778088409116128421e+00 4.598643599912459301e+00 4.133653353703632405e+00 5.034833158242919104e+00 2.418471905120094689e+01 8.628477123512487523e+00 9.276835698668802976e+00 3.179208071301756533e+00 2.377597578159303726e+00 4.664478364702905999e+00 4.179829022828232432e+00 5.085153236037943003e+00 5.000000000000000000e+02 5.000000000000000000e+02 5.000000000000000000e+02 5.000000000000000000e+02 5.000000000000000000e+02 5.000000000000000000e+02 5.000000000000000000e+02 5.000000000000000000e+02 5.000000000000000000e+02 5.000000000000000000e+02 5.000000000000000000e+02 5.000000000000000000e+02 5.000000000000000000e+02 5.000000000000000000e+02 5.000000000000000000e+02 5.000000000000000000e+02
-9.110888955939860351e-10 1.174119467578124932e+04 8.678130912109374549e+03 1.443955882324218692e+03 2.450329589843749933e-01 6.492228393554687615e-01 1.864953613281249839e-02 1.071837768554687459e-01 -1.871770019531250051e-01 1.174082290234375068e+04 1.039351347045898422e+02 1.442738642333984444e+03 1.500227355957031161e-01 4.503770141601562416e-01 1.136663818359374967e-01 4.075592041015625028e-02 5.642089843749999861e-02 2.452924811593192445e+01 9.570407278064450907e+00 9.175080639788065540e+00 3.157348870144091713e+00 2.689829718030650074e+00 4.470158716083833639e+00 4.141913349764940300e+00 4.526018691322532206e+00 2.373765100365601910e+01 8.107075622124023440e+00 9.018659841383767528e+00 3.138473722750861672e+00 2.329818483060627887e+00 4.430382786112522453e+00 3.947961468245763328e+00 4.554940789181172178e+00 5.000000000000000000e+02 5.000000000000000000e+02 5.000000000000000000e+02 5.000000000000000000e+02 5.000000000000000000e+02 5.000000000000000000e+02 5.000000000000000000e+02 5.000000000000000000e+02 5.000000000000000000e+02 5.000000000000000000e+02 5.000000000000000000e+02 5.000000000000000000e+02 5.000000000000000000e+02 5.000000000000000000e+02 5.000000000000000000e+02 5.000000000000000000e+02
-9.110638254183414606e-10 1.173924689648437561e+04 8.677839541015624491e+03 1.442936152099609444e+03 1.272554931640625109e-01 3.168367919921875053e-01 -4.412395629882812642e-01 -1.776123046875000000e-02 -1.407666015625000031e-02 1.174264144335937453e+04 1.033188570556640684e+02 1.442026834960937549e+03 3.229483032226562744e-02 5.628802490234374734e-01 5.518884277343750339e-02 -1.895499877929687493e-01 -3.979654541015624769e-01 2.448677980716899327e+01 9.738791724086134138e+00 9.317340917032883141e+00 3.056508536542272836e+00 2.681224068168141184e+00 4.511775266117135530e+00 4.108740929869592939e+00 4.967752074219730751e+00 2.413463421332323122e+01 7.757213249943725408e+00 9.148328566426135566e+00 3.100215985054535217e+00 2.561319889843304942e+00 4.502076038070470076e+00 4.014038729830658347e+00 4.613757980456257179e+00 5.000000000000000000e+02 5.000000000000000000e+02 5.000000000000000000e+02 5.000000000000000000e+02 5.000000000000000000e+02 5.000000000000000000e+02 5.000000000000000000e+02 5.000000000000000000e+02 5.000000000000000000e+02 5.000000000000000000e+02 5.000000000000000000e+02 5.000000000000000000e+02 5.000000000000000000e+02 5.000000000000000000e+02 5.000000000000000000e+02 5.000000000000000000e+02
-9.110387485715486285e-10 1.174342745312499937e+04 8.677228210937499171e+03 1.444216359863281241e+03 1.074111938476562528e-01 5.817061157226562917e-01 1.674328002929687531e-01 9.416748046874999500e-03 -2.902795410156249756e-01 1.173974623632812472e+04 1.035590529174804715e+02 1.443256595458984293e+03 1.645998229980468741e-01 4.415435791015625000e-01 -2.379705810546875119e-02 -5.428894042968750167e-02 -2.044189453124999837e-03 2.470240671959754408e+01 9.483326507614531664e+00 9.217893197552859519e+00 3.004605233125086095e+00 2.480984689946553967e+00 4.303294911001448675e+00 4.161415985389583128e+00 4.761018109935094778e+00 2.447332434174884597e+01 7.656643735105730819e+00 9.218077867763231126e+00 3.018043969938859483e+00 2.596136866013673661e+00 4.560630957162286059e+00 4.048976712157649871e+00 5.000774851931069520e+00 5.000000000000000000e+02 5.000000000000000000e+02 5.000000000000000000e+02 5.000000000000000000e+02 5.000000000000000000e+02 5.000000000000000000e+02 5.000000000000000000e+02 5.000000000000000000e+02 5.000000000000000000e+02 5.000000000000000000e+02 5.000000000000000000e+02 5.000000000000000000e+02 5.000000000000000000e+02 5.000000000000000000e+02 5.000000000000000000e+02 5.000000000000000000e+02
-9.110139852687301040e-10 1.174262063476562435e+04 8.677103542968750844e+03 1.441917672607421764e+03 -1.476074218750000021e-02 4.686599731445312278e-01 -2.933106689453124916e-01 1.661812744140624964e-01 -9.342285156250000611e-02 1.173951173437500074e+04 1.031671633758544857e+02 1.441003546142578216e+03 1.468055725097656139e-01 6.027598876953125240e-01 2.596575927734374734e-01 -2.479730224609374978e-02 -1.788977050781249967e-02 2.517380592153024566e+01 9.564922638185743509e+00 9.179106328704374818e+00 3.104744376561499930e+00 2.421981651302735461e+00 4.420690471545445810e+00 4.001271561650198372e+00 4.708965822821091329e+00 2.421732313029407635e+01 7.724400474658115634e+00 8.927669873061137906e+00 3.046021454036728748e+00 2.621638241469243624e+00 4.531551063108189226e+00 3.982987287442411706e+00 4.749560204594533985e+00 5.000000000000000000e+02 5.000000000000000000e+02 5.000000000000000000e+02 5.000000000000000000e+02 5.000000000000000000e+02 5.000000000000000000e+02 5.000000000000000000e+02 5.000000000000000000e+02 5.000000000000000000e+02 5.000000000000000000e+02 5.000000000000000000e+02 5.000000000000000000e+02 5.000000000000000000e+02 5.000000000000000000e+02 5.000000000000000000e+02 5.000000000000000000e+02
-9.109888817373435181e-10 1.173921409811811100e+04 8.677854556511976625e+03 1.443604262480038187e+03 1.516527623117328305e-01 4.604440203649486363e-01 1.622149939527492424e-01 1.997919789774862120e-01 -1.451676546452279615e-01 1.174306747637537410e+04 1.031685043059752331e+02 1.442501432194205336e+03 6.358952626972617928e-02 4.995612412869573360e-01 7.392514775137225269e-02 -1.061428778185815880e-01 -3.889545128493013815e-01 2.417770611427743077e+01 9.253335306978620167e+00 9.186313571738658368e+00 3.122722491366517250e+00 2.435418616743698195e+00 4.599564695686828131e+00 3.990227479530471300e+00 4.744480412982089668e+00 2.435595215015863246e+01 7.458095345172023549e+00 9.043580021596135055e+00 3.195080387170516456e+00 2.733068781893458699e+00 4.376449217438011630e+00 3.995732766282447113e+00 4.915663951942677024e+00 4.990000000000000000e+02 5.010000000000000000e+02 4.990000000000000000e+02 4.990000000000000000e+02 4.990000000000000000e+02 4.990000000000000000e+02 4.990000000000000000e+02 4.990000000000000000e+02 5.010000000000000000e+02 4.990000000000000000e+02 5.010000000000000000e+02 5.010000000000000000e+02 5.010000000000000000e+02 5.010000000000000000e+02 5.010000000000000000e+02 5.010000000000000000e+02
-9.109638048905507894e-10 1.174279288476562579e+04 8.677383996093749374e+03 1.444341395751953087e+03 1.944169006347656325e-01 3.924043579101562651e-01 -2.334972534179687587e-01 -1.144719848632812509e-01 8.164550781250000389e-02 1.174026662500000020e+04 1.036837918548583986e+02 1.443352407958984486e+03 1.664389953613281126e-01 5.860557861328125062e-01 -3.710009765624999734e-02 -6.592736816406249978e-02 2.103785400390625060e-01 2.429381980276723851e+01 9.165960373570793962e+00 9.090995516548645128e+00 3.124927654363698792e+00 2.439833958589726848e+00 4.384616182351207314e+00 4.105467590206837158e+00 5.053460705569811751e+00 2.433976248272283627e+01 8.005380369609468971e+00 9.081694525648138949e+00 3.126388060126644053e+00 2.336737050322421183e+00 4.523468914907412319e+00 3.907980994895219773e+00 4.721587764049942848e+00 5.000000000000000000e+02 5.000000000000000000e+02 5.000000000000000000e+02 5.000000000000000000e+02 5.000000000000000000e+02 5.000000000000000000e+02 5.000000000000000000e+02 5.000000000000000000e+02 5.000000000000000000e+02 5.000000000000000000e+02 5.000000000000000000e+02 5.000000000000000000e+02 5.000000000000000000e+02 5.000000000000000000e+02 5.000000000000000000e+02 5.000000000000000000e+02
-9.109388881513193432e-10 1.174221937109374994e+04 8.677265035156249724e+03 1.444353322265624911e+03 1.267054138183593692e-01 4.376364135742187300e-01 2.545101318359375142e-01 -1.868220214843749893e-01 -2.152103271484374913e-01 1.173992783203124964e+04 1.032823836669921889e+02 1.443260793945312571e+03 5.110559082031249784e-02 3.774672241210937362e-01 5.456561279296875261e-02 9.230224609375000527e-03 1.364653320312499973e-01 2.411971911362300602e+01 9.479492247821315942e+00 9.526708716301484969e+00 3.140349024881653239e+00 2.504447214622461004e+00 4.462766861464849022e+00 4.232967716430003691e+00 4.659265666649671012e+00 2.369036516516813862e+01 7.879036837896570056e+00 9.518609718264821495e+00 3.053016276236332871e+00 2.254040601142151878e+00 4.681620181010190507e+00 4.322915744900514667e+00 4.732701446372595377e+00 5.000000000000000000e+02 5.000000000000000000e+02 5.000000000000000000e+02 5.000000000000000000e+02 5.000000000000000000e+02 5.000000000000000000e+02 5.000000000000000000e+02 5.000000000000000000e+02 5.000000000000000000e+02 5.000000000000000000e+02 5.000000000000000000e+02 5.000000000000000000e+02 5.000000000000000000e+02 5.000000000000000000e+02 5.000000000000000000e+02 5.000000000000000000e+02
-9.109139047006037709e-10 1.173782864843750031e+04 8.677475994140624607e+03 1.443898622314453178e+03 3.025009155273437542e-02 3.910638427734374756e-01 1.010302734374999983e-01 -6.576446533203124389e-02 6.396789550781249722e-02 1.174302932031250020e+04 1.033361224060058561e+02 1.442802133789062509e+03 5.317770385742187633e-02 3.673165283203124742e-01 3.752025146484375129e-01 -2.191699218750000136e-02 -1.394895019531250113e-01 2.408545912906869901e+01 9.307977528873848883e+00 9.299527837868623692e+00 3.187237019051290865e+00 2.767839800045262422e+00 4.791750810549626038e+00 3.894657410425902189e+00 4.852143506013365304e+00 2.491375545439872496e+01 8.223891813224541991e+00 9.598843290640907355e+00 3.034539236085086689e+00 2.408758160897783274e+00 4.534286571273554500e+00 3.910072235371093718e+00 4.419718651880227611e+00 5.000000000000000000e+02 5.000000000000000000e+02 5.000000000000000000e+02 5.000000000000000000e+02 5.000000000000000000e+02 5.000000000000000000e+02 5.000000000000000000e+02 5.000000000000000000e+02 5.000000000000000000e+02 5.000000000000000000e+02 5.000000000000000000e+02 5.000000000000000000e+02 5.000000000000000000e+02 5.000000000000000000e+02 5.000000000000000000e+02 5.000000000000000000e+02
-9.108887878269206699e-10 1.174299741796875060e+04 8.677105876953124607e+03 1.444320406005859468e+03 1.030775451660156244e-01 3.952562866210937442e-01 -1.425890502929687553e-01 3.973919677734374933e-02 3.718920898437499956e-02 1.173918598242187545e+04 1.039071142883300780e+02 1.443327141113281186e+03 5.695013427734375161e-02 6.810835571289062251e-01 2.374300537109375053e-01 3.851622314453124751e-01 3.470662841796874898e-01 2.432769535694754381e+01 9.335542264699355997e+00 9.227753171107748287e+00 3.067204161552098629e+00 2.360158893167860761e+00 4.299184178970969938e+00 4.156092509422916415e+00 4.597352915434846032e+00 2.368439465878598327e+01 8.098274626691454259e+00 9.250063101044526448e+00 3.138380854660274721e+00 2.481924873197419945e+00 4.266527808670222299e+00 4.011452637101077023e+00 4.674132470297234221e+00 5.000000000000000000e+02 5.000000000000000000e+02 5.000000000000000000e+02 5.000000000000000000e+02 5.000000000000000000e+02 5.000000000000000000e+02 5.000000000000000000e+02 5.000000000000000000e+02 5.000000000000000000e+02 5.000000000000000000e+02 5.000000000000000000e+02 5.000000000000000000e+02 5.000000000000000000e+02 5.000000000000000000e+02 5.000000000000000000e+02 5.000000000000000000e+02
-9.108638444030955733e-10 1.174090213867187413e+04 8.677103597656250713e+03 1.443697468505859433e+03 1.529721984863281203e-01 4.749756469726562624e-01 2.676782226562500200e-01 -6.535546875000000644e-02 -2.572082519531250153e-02 1.174116667578125089e+04 1.027477835388183536e+02 1.442449557617187565e+03 1.588605651855468648e-01 6.389735107421874449e-01 -6.895898437500000422e-02 1.370109252929687382e-01 -2.316993408203124882e-01 2.441082283110581130e+01 9.376640140798427225e+00 9.321246018943899259e+00 3.244635852911748941e+00 2.455568380867053868e+00 4.532826746913786842e+00 3.831900617677037602e+00 4.833845923092114027e+00 2.377291855380170560e+01 8.150804726221783980e+00 9.275784361904575448e+00 3.051990411765688638e+00 2.237786086663172469e+00 4.505239669106688716e+00 3.933899999711278461e+00 4.774760792074312477e+00 5.000000000000000000e+02 5.000000000000000000e+02 5.000000000000000000e+02 5.000000000000000000e+02 5.000000000000000000e+02 5.000000000000000000e+02 5.000000000000000000e+02 5.000000000000000000e+02 5.000000000000000000e+02 5.000000000000000000e+02 5.000000000000000000e+02 5.000000000000000000e+02 5.000000000000000000e+02 5.000000000000000000e+02 5.000000000000000000e+02 5.000000000000000000e+02
-9.108388142543414744e-10 1.174040627929687435e+04 8.677343029296875102e+03 1.444513726074218766e+03 1.383886718750000078e-01 5.320234985351562917e-01 4.512499999999999845e-02 -1.061542358398437497e-01 9.056665039062500311e-02 1.174332693554687467e+04 1.031109264221191353e+02 1.443465663818359417e+03 -3.906115722656249706e-02 6.222263793945312926e-01 -1.074856567382812544e-01 3.434204101562499806e-02 3.190545654296875200e-01 2.366379629214933900e+01 9.255423416504825695e+00 9.287276605665917728e+00 3.049441012891918934e+00 2.697921952018994762e+00 4.334110743906324892e+00 4.137868277524931138e+00 4.790163604765891314e+00 2.442316812918820901e+01 8.286601842114714955e+00 9.426883962616020796e+00 3.139542975065097608e+00 2.227738185705104623e+00 4.410208570090793145e+00 4.112314673172442703e+00 4.768966495448709431e+00 5.000000000000000000e+02 5.000000000000000000e+02 5.000000000000000000e+02 5.000000000000000000e+02 5.000000000000000000e+02 5.000000000000000000e+02 5.000000000000000000e+02 5.000000000000000000e+02 5.000000000000000000e+02 5.000000000000000000e+02 5.000000000000000000e+02 5.000000000000000000e+02 5.000000000000000000e+02 5.000000000000000000e+02 5.000000000000000000e+02 5.000000000000000000e+02
-9.108138308036259021e-10 1.174358715429687436e+04 8.677582171874999403e+03 1.444444219482421886e+03 1.357665100097656119e-01 5.988798828125000417e-01 1.309750976562500113e-01 2.160241088867187464e-01 2.356811523437499830e-03 1.173893878906250029e+04 1.039284407043457037e+02 1.443472429931640590e+03 6.066064453125000200e-02 5.331793823242187980e-01 2.047611694335937371e-01 -7.027587890624999601e-04 6.314636230468749500e-02 2.462479112266375125e+01 9.240022954915581010e+00 8.930045140163983319e+00 3.115548261661746920e+00 2.562546370485570879e+00 4.340359796234263712e+00 4.230431683328019332e+00 4.599415810863842324e+00 2.424308795749006507e+01 8.011836300430410063e+00 9.082431376510518461e+00 3.096748037326048753e+00 2.309025609221615483e+00 4.322821939608118669e+00 3.932733017442039181e+00 4.870705239998882163e+00 5.000000000000000000e+02 5.000000000000000000e+02 5.000000000000000000e+02 5.000000000000000000e+02 5.000000000000000000e+02 5.000000000000000000e+02 5.000000000000000000e+02 5.000000000000000000e+02 5.000000000000000000e+02 5.000000000000000000e+02 5.000000000000000000e+02 5.000000000000000000e+02 5.000000000000000000e+02 5.000000000000000000e+02 5.000000000000000000e+02 5.000000000000000000e+02
-9.107888340106139181e-10 1.173880775195312526e+04 8.677263949218749985e+03 1.444848911865234413e+03 4.577185058593750272e-02 5.856023559570312509e-01 -2.844822387695312704e-01 5.112994384765624789e-02 9.799877929687500488e-02 1.174374177929687539e+04 1.020582816925048775e+02 1.443744247314453105e+03 1.109335632324218723e-01 4.415708007812499947e-01 -1.049997558593750019e-01 -8.075823974609375178e-02 3.566552734375000311e-02 2.413558468914662569e+01 9.389886820507367560e+00 8.758567981054444118e+00 3.081139555465951307e+00 2.575933912850581375e+00 4.540624404590434260e+00 4.154005280839405678e+00 4.869732474307722825e+00 2.457610698087472656e+01 8.180340795034279466e+00 9.038395058962947815e+00 3.199126973642306915e+00 2.509989568874579025e+00 4.225849554949420828e+00 4.023756868798797903e+00 4.716377569348703780e+00 5.000000000000000000e+02 5.000000000000000000e+02 5.000000000000000000e+02 5.000000000000000000e+02 5.000000000000000000e+02 5.000000000000000000e+02 5.000000000000000000e+02 5.000000000000000000e+02 5.000000000000000000e+02 5.000000000000000000e+02 5.000000000000000000e+02 5.000000000000000000e+02 5.000000000000000000e+02 5.000000000000000000e+02 5.000000000000000000e+02 5.000000000000000000e+02
-9.107638372176017273e-10 1.174171896093750001e+04 8.677488427734375364e+03 1.446530774414062535e+03 1.925886230468749905e-01 4.448338012695312593e-01 5.601379394531250111e-02 6.211657714843749761e-02 1.723120117187499911e-01 1.174040743750000001e+04 1.037121877288818297e+02 1.445706127441406352e+03 7.074432373046875278e-02 3.839739379882812775e-01 2.477287597656250007e-01 1.084716796874999993e-02 1.023653564453124998e-01 2.382581599422973895e+01 9.281487270803111755e+00 8.870707645868813884e+00 3.075782306668971344e+00 2.432752650749808065e+00 4.385472752667298302e+00 4.331015215259466089e+00 4.754896718648060627e+00 2.413794397526299917e+01 8.351793220378246119e+00 8.881758140632427967e+00 3.074667721294195744e+00 2.455607818850262802e+00 4.584949158219735033e+00 4.065379663689557610e+00 4.664067349977017329e+00 5.000000000000000000e+02 5.000000000000000000e+02 5.000000000000000000e+02 5.000000000000000000e+02 5.000000000000000000e+02 5.000000000000000000e+02 5.000000000000000000e+02 5.000000000000000000e+02 5.000000000000000000e+02 5.000000000000000000e+02 5.000000000000000000e+02 5.000000000000000000e+02 5.000000000000000000e+02 5.000000000000000000e+02 5.000000000000000000e+02 5.000000000000000000e+02
-9.107390138744475409e-10 1.174213656249999985e+04 8.677798648437499651e+03 1.445294371826171982e+03 1.312501525878906339e-01 4.564873046874999840e-01 -7.630529785156249523e-02 9.421398925781250544e-02 -3.603686523437499845e-01 1.174002407226562536e+04 1.034148734588623029e+02 1.444266018798828100e+03 4.850567626953124906e-02 5.171831054687500151e-01 -2.697674560546875142e-02 3.045776367187500062e-03 7.469958496093749567e-02 2.453412227137295432e+01 9.680949868765033273e+00 8.961140501127466962e+00 2.962367779782636656e+00 2.673797710002772110e+00 4.486899186151646290e+00 3.974244295705913199e+00 4.476621721024772071e+00 2.478778404037509020e+01 8.085812933810494485e+00 8.988915108436740908e+00 3.157366016667005670e+00 2.304538855287638022e+00 4.598196234844837527e+00 3.999992135343044097e+00 4.680643391665666897e+00 5.000000000000000000e+02 5.000000000000000000e+02 5.000000000000000000e+02 5.000000000000000000e+02 5.000000000000000000e+02 5.000000000000000000e+02 5.000000000000000000e+02 5.000000000000000000e+02 5.000000000000000000e+02 5.000000000000000000e+02 5.000000000000000000e+02 5.000000000000000000e+02 5.000000000000000000e+02 5.000000000000000000e+02 5.000000000000000000e+02 5.000000000000000000e+02
-9.107138836584676146e-10 1.173836451757812574e+04 8.677726357421874127e+03 1.444773964599609371e+03 3.528897094726562295e-02 6.214772949218749787e-01 -6.213500976562500409e-03 -9.591979980468750069e-03 8.149987792968750588e-02 1.174291254296875013e+04 1.030690081329345702e+02 1.443794216308593832e+03 -7.544372558593749958e-03 4.119640502929687309e-01 -2.896008300781249822e-01 4.802612304687500430e-03 -1.949963378906250169e-02 2.463713714369651697e+01 9.713982043309393077e+00 9.116918474532351269e+00 3.041872833237528440e+00 2.459436852720197741e+00 4.661435315677713298e+00 4.015672323481726202e+00 4.640330344091534442e+00 2.375869593470326180e+01 8.013222247962026756e+00 9.082997310538933888e+00 3.124642636852910105e+00 2.403461868878545182e+00 4.738521907855075987e+00 4.154050129158310511e+00 4.724280286196106182e+00 5.000000000000000000e+02 5.000000000000000000e+02 5.000000000000000000e+02 5.000000000000000000e+02 5.000000000000000000e+02 5.000000000000000000e+02 5.000000000000000000e+02 5.000000000000000000e+02 5.000000000000000000e+02 5.000000000000000000e+02 5.000000000000000000e+02 5.000000000000000000e+02 5.000000000000000000e+02 5.000000000000000000e+02 5.000000000000000000e+02 5.000000000000000000e+02
-9.106889669192360651e-10 1.174272274023437421e+04 8.675952650390625422e+03 1.443353178466796862e+03 5.910540771484375233e-02 5.254971923828124503e-01 -3.310027465820312709e-01 -7.077978515624999689e-02 -2.043237304687500061e-02 1.173974986132812410e+04 1.023139508361816468e+02 1.442858359619140629e+03 2.669661865234375098e-01 4.554332275390625129e-01 -2.235821533203125044e-02 -1.396942749023437624e-01 3.462553710937499862e-01 2.400175059146024736e+01 9.688765428245803335e+00 9.055069148078139563e+00 3.119825906949993843e+00 2.416865335416672700e+00 4.655955724925151529e+00 4.054503220481853631e+00 4.873897188579032758e+00 2.420134966416312849e+01 7.887828976566077621e+00 8.829961897914646585e+00 3.046809474457545353e+00 2.659061455812071539e+00 4.246587582149349949e+00 3.958500450126937853e+00 4.505373901725866936e+00 5.000000000000000000e+02 5.000000000000000000e+02 5.000000000000000000e+02 5.000000000000000000e+02 5.000000000000000000e+02 5.000000000000000000e+02 5.000000000000000000e+02 5.000000000000000000e+02 5.000000000000000000e+02 5.000000000000000000e+02 5.000000000000000000e+02 5.000000000000000000e+02 5.000000000000000000e+02 5.000000000000000000e+02 5.000000000000000000e+02 5.000000000000000000e+02
-9.106642703279014600e-10 1.173916039453125086e+04 8.676666824218749753e+03 1.443291259765625000e+03 2.627329101562499991e-01 4.564424438476562540e-01 -1.483807373046874996e-02 1.054552001953125012e-01 -2.103452148437499891e-01 1.174234272265625077e+04 1.024097265167236372e+02 1.442839858642578065e+03 2.427666625976562520e-01 4.143739013671874916e-01 -4.540088500976562358e-01 4.611474609374999895e-02 -1.457824707031249965e-02 2.426853406034375382e+01 9.856046134007067749e+00 9.073657882228483018e+00 3.063384509890654694e+00 2.607107002121055839e+00 4.626939030325518232e+00 4.050064096552851822e+00 4.774883661134070145e+00 2.531025843725543112e+01 7.748714337137422525e+00 9.206100887581339265e+00 3.144057428206842975e+00 2.705540905068335444e+00 4.588761951613084200e+00 4.207018322029132840e+00 4.939438241200666546e+00 5.000000000000000000e+02 5.000000000000000000e+02 5.000000000000000000e+02 5.000000000000000000e+02 5.000000000000000000e+02 5.000000000000000000e+02 5.000000000000000000e+02 5.000000000000000000e+02 5.000000000000000000e+02 5.000000000000000000e+02 5.000000000000000000e+02 5.000000000000000000e+02 5.000000000000000000e+02 5.000000000000000000e+02 5.000000000000000000e+02 5.000000000000000000e+02
-9.106387932122053182e-10 1.174153518554687435e+04 8.675943501953124724e+03 1.443914698486328234e+03 1.923497924804687398e-01 4.865725097656249942e-01 -6.258001708984374523e-02 -2.897422485351562327e-01 -1.051671142578124996e-01 1.174012155273437565e+04 1.023441550750732461e+02 1.443953831542968828e+03 1.632824707031249947e-02 5.618439941406250249e-01 3.553527832031249788e-03 -1.110056762695312560e-01 -1.886787109374999938e-01 2.461073134850984800e+01 9.451565739972567215e+00 9.018682126953255107e+00 3.081087381980541551e+00 2.296289247425355118e+00 4.401426395779679090e+00 3.955352077127958665e+00 4.587224557929567403e+00 2.466862671070781943e+01 7.687736529083270653e+00 9.253730547297752906e+00 3.198497264574182264e+00 2.566564508304816083e+00 4.549634114016511965e+00 3.976958153875959745e+00 4.549508117522158557e+00 5.000000000000000000e+02 5.000000000000000000e+02 5.000000000000000000e+02 5.000000000000000000e+02 5.000000000000000000e+02 5.000000000000000000e+02 5.000000000000000000e+02 5.000000000000000000e+02 5.000000000000000000e+02 5.000000000000000000e+02 5.000000000000000000e+02 5.000000000000000000e+02 5.000000000000000000e+02 5.000000000000000000e+02 5.000000000000000000e+02 5.000000000000000000e+02
-9.106138431172316538e-10 1.174055261328125016e+04 8.676247900390624636e+03 1.441126516113281241e+03 1.908663940429687622e-01 6.065971069335936994e-01 -2.933917236328124900e-02 2.989394531249999765e-01 1.784338378906250022e-01 1.174073426953125090e+04 1.023311347503662176e+02 1.443123761718750075e+03 6.702767944335936978e-02 5.964642333984374600e-01 7.700347900390625000e-02 1.113225708007812564e-01 -1.268872070312499975e-02 2.445146144322936621e+01 9.658816784859469706e+00 8.486381553479606765e+00 3.214817793302587212e+00 2.374448066766134069e+00 4.811769556620360433e+00 3.980125676585759997e+00 4.848545830156122172e+00 2.384422222233463273e+01 7.616002188005551510e+00 9.269453473927702802e+00 2.984124794718421736e+00 2.726502509932157370e+00 4.418282027480192831e+00 3.977018548542454734e+00 4.847411220313694535e+00 5.000000000000000000e+02 5.000000000000000000e+02 5.000000000000000000e+02 5.000000000000000000e+02 5.000000000000000000e+02 5.000000000000000000e+02 5.000000000000000000e+02 5.000000000000000000e+02 5.000000000000000000e+02 5.000000000000000000e+02 5.000000000000000000e+02 5.000000000000000000e+02 5.000000000000000000e+02 5.000000000000000000e+02 5.000000000000000000e+02 5.000000000000000000e+02
-9.105888663376646492e-10 1.174000673437499972e+04 8.676912636718749127e+03 1.438538785888671782e+03 1.220663757324218779e-01 4.185970458984374920e-01 -1.994506225585937487e-01 6.490582275390624489e-02 -4.465539550781250089e-01 1.174088621093750044e+04 1.030139795989990290e+02 1.444654431640625035e+03 6.459457397460938166e-02 4.398930664062499774e-01 2.534710693359374864e-02 2.364652099609375058e-01 6.829907226562499656e-02 2.367837401562712074e+01 9.585623862132223394e+00 7.933017908625409120e+00 3.132710835995687670e+00 2.357312643283210996e+00 4.550149550756183991e+00 4.044743982082392719e+00 4.974094470400778789e+00 2.409271511430331714e+01 7.884899328624005221e+00 9.095095711943217864e+00 3.120656710373545639e+00 2.577492671232940680e+00 4.548185445008825489e+00 4.032559577460678391e+00 4.407708235409726782e+00 5.000000000000000000e+02 5.000000000000000000e+02 5.000000000000000000e+02 5.000000000000000000e+02 5.000000000000000000e+02 5.000000000000000000e+02 5.000000000000000000e+02 5.000000000000000000e+02 5.000000000000000000e+02 5.000000000000000000e+02 5.000000000000000000e+02 5.000000000000000000e+02 5.000000000000000000e+02 5.000000000000000000e+02 5.000000000000000000e+02 5.000000000000000000e+02
-9.105638028331686424e-10 1.174223083203124952e+04 8.676477738281249913e+03 1.433127582031250085e+03 9.219458007812500466e-02 3.867463378906250138e-01 -1.056362304687499948e-01 -3.552117309570312353e-01 8.621044921874999878e-02 1.173986305664062456e+04 1.025775348205566360e+02 1.444661643310546879e+03 -1.449960327148437471e-02 4.884134521484375102e-01 -1.078754272460937524e-01 -2.127409057617187516e-01 1.352662353515625138e-01 2.503707650814654428e+01 9.377278487889313396e+00 7.860562393779870760e+00 3.011059176583612995e+00 2.321639910913978699e+00 4.661074603284721007e+00 4.219828580464874079e+00 4.814308786305051768e+00 2.436736521496240115e+01 7.618107739686499791e+00 8.874431500464968536e+00 2.922387160995481459e+00 2.547120073888847980e+00 4.628575102221982540e+00 4.059348520314936870e+00 4.610248058669545124e+00 5.000000000000000000e+02 5.000000000000000000e+02 5.000000000000000000e+02 5.000000000000000000e+02 5.000000000000000000e+02 5.000000000000000000e+02 5.000000000000000000e+02 5.000000000000000000e+02 5.000000000000000000e+02 5.000000000000000000e+02 5.000000000000000000e+02 5.000000000000000000e+02 5.000000000000000000e+02 5.000000000000000000e+02 5.000000000000000000e+02 5.000000000000000000e+02
-9.105392663493952164e-10 1.173802083984374985e+04 8.675983607421874694e+03 1.429096219482421930e+03 1.964462280273437597e-02 5.369647827148437136e-01 6.448948364257812704e-01 1.158275146484375046e-01 -9.753149414062499412e-02 1.174229893554687442e+04 1.018941957550048869e+02 1.445386708007812558e+03 2.272183227539062433e-02 4.983203124999999734e-01 -3.310743408203125071e-01 -2.455666503906250020e-01 1.753090820312500075e-01 2.405463321802618282e+01 9.272590072628588587e+00 7.772108338523627147e+00 3.119263242569950467e+00 2.302528289331055245e+00 4.558339025952777845e+00 4.068410601582511887e+00 4.758840826580873262e+00 2.455779555099881861e+01 7.915102653472593452e+00 9.066459733955854361e+00 3.151833435660028826e+00 2.637480838066478928e+00 4.336157822001078799e+00 4.290495190809808790e+00 4.637906152670752569e+00 5.000000000000000000e+02 5.000000000000000000e+02 5.000000000000000000e+02 5.000000000000000000e+02 5.000000000000000000e+02 5.000000000000000000e+02 5.000000000000000000e+02 5.000000000000000000e+02 5.000000000000000000e+02 5.000000000000000000e+02 5.000000000000000000e+02 5.000000000000000000e+02 5.000000000000000000e+02 5.000000000000000000e+02 5.000000000000000000e+02 5.000000000000000000e+02
-9.105139693547056467e-10 1.174304541406250064e+04 8.675577890624999782e+03 1.428098638916015716e+03 8.158331298828125355e-02 5.856105346679687518e-01 -1.753302001953125078e-01 -2.449332275390624925e-01 -6.376586914062500229e-03 1.173884205859374924e+04 1.019613388061523409e+02 1.446718594482421850e+03 1.014941406250000067e-01 3.291368408203125262e-01 3.042144775390625069e-02 -1.354883422851562436e-01 5.145119628906249520e-01 2.433914976891037441e+01 9.421853309436837520e+00 8.188256292760517141e+00 3.211614518773093785e+00 2.609950955693101093e+00 4.661277806509426469e+00 3.915937139151153268e+00 4.612097849904311708e+00 2.409731640393621177e+01 8.194136727830390043e+00 9.187043217789284455e+00 2.968849895062807942e+00 2.484156212722341550e+00 4.276568817660352018e+00 4.239651478464003809e+00 4.893791260339945381e+00 5.000000000000000000e+02 5.000000000000000000e+02 5.000000000000000000e+02 5.000000000000000000e+02 5.000000000000000000e+02 5.000000000000000000e+02 5.000000000000000000e+02 5.000000000000000000e+02 5.000000000000000000e+02 5.000000000000000000e+02 5.000000000000000000e+02 5.000000000000000000e+02 5.000000000000000000e+02 5.000000000000000000e+02 5.000000000000000000e+02 5.000000000000000000e+02
-9.104888391387256171e-10 1.173896234570312481e+04 8.676736779296874374e+03 1.425860413574218683e+03 2.623846435546875119e-02 6.000662841796875480e-01 -1.167781372070312434e-01 1.160112915039062526e-01 2.619429931640624987e-01 1.174284426367187552e+04 1.021796082763671905e+02 1.444384269775390521e+03 1.513723449707031210e-01 5.346568603515624574e-01 -4.539068603515625244e-02 -3.794317626953124661e-02 1.465673828124999974e-02 2.422816259037332287e+01 9.422339357414884375e+00 8.731350785759458333e+00 3.146231090601852021e+00 2.675066235082280475e+00 4.402007721939147800e+00 4.023066545563026786e+00 4.664835436812984959e+00 2.382765514668125206e+01 8.237517058077058252e+00 9.412534910781110042e+00 3.119633101808582332e+00 2.409012916415716798e+00 4.478285795899950017e+00 4.072777165849255532e+00 4.486277213735470504e+00 5.000000000000000000e+02 5.000000000000000000e+02 5.000000000000000000e+02 5.000000000000000000e+02 5.000000000000000000e+02 5.000000000000000000e+02 5.000000000000000000e+02 5.000000000000000000e+02 5.000000000000000000e+02 5.000000000000000000e+02 5.000000000000000000e+02 5.000000000000000000e+02 5.000000000000000000e+02 5.000000000000000000e+02 5.000000000000000000e+02 5.000000000000000000e+02
-9.104639757686811617e-10 1.174235001367187579e+04 8.676612669921874840e+03 1.429700885498046773e+03 1.954671325683593752e-01 4.767638549804687487e-01 3.581502075195312496e-01 -7.717382812499999634e-02 -6.350036621093750611e-02 1.173906510742187493e+04 1.026914816131591834e+02 1.446638045898437440e+03 -5.122756958007812500e-02 6.778600463867187065e-01 3.043994750976562469e-01 -1.194349975585937557e-01 3.068776855468750009e-01 2.406703797165675596e+01 9.529518013607336968e+00 8.781329541995171795e+00 2.973633587916670873e+00 2.663678566747005316e+00 4.422728900864851376e+00 4.065396124798576594e+00 4.922166995203976825e+00 2.417952806833189072e+01 7.800058713367367780e+00 9.294230645050951978e+00 3.174158638741278349e+00 2.493566964657767393e+00 4.522291319874748083e+00 3.974714433491667975e+00 4.921874354036431143e+00 5.000000000000000000e+02 5.000000000000000000e+02 5.000000000000000000e+02 5.000000000000000000e+02 5.000000000000000000e+02 5.000000000000000000e+02 5.000000000000000000e+02 5.000000000000000000e+02 5.000000000000000000e+02 5.000000000000000000e+02 5.000000000000000000e+02 5.000000000000000000e+02 5.000000000000000000e+02 5.000000000000000000e+02 5.000000000000000000e+02 5.000000000000000000e+02
-9.104387721700688517e-10 1.173965128906249993e+04 8.676565828124999825e+03 1.432606644775390578e+03 8.218948364257812333e-02 6.292668457031249662e-01 -1.646466064453125100e-01 3.563842773437499861e-02 -3.386437988281249672e-02 1.174211477343750084e+04 1.023525306091308664e+02 1.447855311523437422e+03 -4.551119995117187261e-02 4.429765625000000040e-01 1.040534057617187452e-01 1.293142700195312467e-01 3.639953613281250028e-02 2.460956139286431110e+01 9.410342600396758073e+00 9.078744683793988912e+00 3.131297980329292852e+00 2.560351574872184344e+00 4.548793096286734894e+00 4.324289979590978383e+00 4.432643176490873138e+00 2.453542893170283534e+01 7.762948674084194423e+00 9.199766927710953723e+00 3.129670999191997982e+00 2.438337684456174159e+00 4.647940270774355120e+00 4.110430570783960569e+00 5.046420169705465142e+00 5.000000000000000000e+02 5.000000000000000000e+02 5.000000000000000000e+02 5.000000000000000000e+02 5.000000000000000000e+02 5.000000000000000000e+02 5.000000000000000000e+02 5.000000000000000000e+02 5.000000000000000000e+02 5.000000000000000000e+02 5.000000000000000000e+02 5.000000000000000000e+02 5.000000000000000000e+02 5.000000000000000000e+02 5.000000000000000000e+02 5.000000000000000000e+02
-9.104139955249535020e-10 1.174179928320312501e+04 8.675147291015624432e+03 1.433256155273437571e+03 1.282723693847656332e-01 4.440742797851562340e-01 1.603863525390624920e-02 -1.866475219726562440e-01 2.987343749999999964e-01 1.173966199414062430e+04 1.019323020477294932e+02 1.447345028076171957e+03 1.155666809082031288e-01 6.292299804687500053e-01 3.384057006835937687e-01 2.554140014648437762e-01 -5.862426757812500000e-02 2.386258484512767808e+01 9.403272049343211592e+00 8.810587667348563912e+00 2.928079244777851642e+00 2.526068816943046524e+00 4.658119297505608714e+00 3.986879922920523178e+00 4.798859790657433955e+00 2.458947673653666044e+01 7.729206860098704723e+00 9.032144348068229078e+00 3.186806835531159621e+00 2.552933615806749490e+00 4.402573146440955654e+00 3.509486694159409392e+00 4.816043823854099237e+00 5.000000000000000000e+02 5.000000000000000000e+02 5.000000000000000000e+02 5.000000000000000000e+02 5.000000000000000000e+02 5.000000000000000000e+02 5.000000000000000000e+02 5.000000000000000000e+02 5.000000000000000000e+02 5.000000000000000000e+02 5.000000000000000000e+02 5.000000000000000000e+02 5.000000000000000000e+02 5.000000000000000000e+02 5.000000000000000000e+02 5.000000000000000000e+02
-9.103890387588316835e-10 1.174041703906250041e+04 8.675956861328124432e+03 1.431904822753906274e+03 9.296139526367187822e-02 4.670426025390624902e-01 3.189752197265625228e-02 -1.547729492187500076e-02 -7.606738281250000067e-02 1.174154593164062499e+04 1.012035469665527359e+02 1.444562744628906330e+03 1.072498474121093698e-01 6.834337768554687997e-01 2.398468017578125056e-01 6.437231445312499578e-02 -3.013269042968750103e-02 2.462053089375338288e+01 9.338200334777738476e+00 8.797970098994658983e+00 3.055376917819542903e+00 2.566654885247624307e+00 4.501293571816566974e+00 4.108818337596729542e+00 4.789680642649080333e+00 2.448008265721407994e+01 7.581682064832098611e+00 9.155277951512543311e+00 3.100346946702077222e+00 2.724436397663895004e+00 4.292607544997903979e+00 3.997324946909359245e+00 4.649198310257912858e+00 5.000000000000000000e+02 5.000000000000000000e+02 5.000000000000000000e+02 5.000000000000000000e+02 5.000000000000000000e+02 5.000000000000000000e+02 5.000000000000000000e+02 5.000000000000000000e+02 5.000000000000000000e+02 5.000000000000000000e+02 5.000000000000000000e+02 5.000000000000000000e+02 5.000000000000000000e+02 5.000000000000000000e+02 5.000000000000000000e+02 5.000000000000000000e+02
-9.103640553081163179e-10 1.174030770703125017e+04 8.676101746093749171e+03 1.432780032470703190e+03 1.345442199707031217e-01 4.901245727539062513e-01 6.955151367187499545e-02 -2.019033203124999953e-01 -1.292216796875000073e-01 1.174207054101562426e+04 1.020945999755859361e+02 1.444904406249999965e+03 4.858343505859374911e-02 6.198962402343749512e-01 2.487362670898437544e-01 1.895187377929687389e-01 -1.258681640625000098e-01 2.336670391697398941e+01 9.703588590185214358e+00 8.614350046151068696e+00 3.034531124296387272e+00 2.481859498158020205e+00 4.577282902507990414e+00 4.422219962337914367e+00 4.884439791750191162e+00 2.375899007656262896e+01 7.716833933995799200e+00 8.993217084514123272e+00 3.081971580803124944e+00 2.725051573422394124e+00 4.503075410994769712e+00 4.043887302285158469e+00 4.862718263613925451e+00 5.000000000000000000e+02 5.000000000000000000e+02 5.000000000000000000e+02 5.000000000000000000e+02 5.000000000000000000e+02 5.000000000000000000e+02 5.000000000000000000e+02 5.000000000000000000e+02 5.000000000000000000e+02 5.000000000000000000e+02 5.000000000000000000e+02 5.000000000000000000e+02 5.000000000000000000e+02 5.000000000000000000e+02 5.000000000000000000e+02 5.000000000000000000e+02
-9.103388650518009366e-10 1.174210417382812557e+04 8.676749937500000669e+03 1.433090006591796964e+03 1.786502075195312567e-01 6.484988403320312012e-01 -1.595525512695312453e-01 2.039552612304687540e-01 1.710002441406250073e-01 1.174004749609374994e+04 1.028283713378906299e+02 1.444974086669921917e+03 1.619830932617187524e-01 4.137366943359375160e-01 -5.560015869140624845e-02 1.390026855468749940e-02 3.631103515624999750e-02 2.471925437757431609e+01 9.549048004229470976e+00 8.432345850603930160e+00 3.175605110723741298e+00 2.490749491751724332e+00 4.299156284363985669e+00 3.985063045228167677e+00 4.727396783401148106e+00 2.472095124306966696e+01 8.001213452556072525e+00 8.971057333774290043e+00 3.017599944597502581e+00 2.522843817643952491e+00 4.515520681345372545e+00 4.096733619846184560e+00 4.793762523014939880e+00 5.000000000000000000e+02 5.000000000000000000e+02 5.000000000000000000e+02 5.000000000000000000e+02 5.000000000000000000e+02 5.000000000000000000e+02 5.000000000000000000e+02 5.000000000000000000e+02 5.000000000000000000e+02 5.000000000000000000e+02 5.000000000000000000e+02 5.000000000000000000e+02 5.000000000000000000e+02 5.000000000000000000e+02 5.000000000000000000e+02 5.000000000000000000e+02
-9.103139416414210261e-10 1.173878242187499927e+04 8.676705855468750087e+03 1.433615683105468861e+03 1.572558288574218699e-01 4.884121704101562766e-01 -1.847445678710937511e-01 2.410294799804687527e-01 2.093767089843749929e-01 1.174207772656250017e+04 1.030872777404785126e+02 1.444644416503906314e+03 2.291277770996093810e-01 4.728937988281249893e-01 -2.104004516601562513e-01 7.135247802734374922e-02 -7.036608886718749567e-02 2.428424528891136802e+01 9.356792955685891755e+00 8.694148256114557327e+00 3.111040661018085629e+00 2.540250875686537402e+00 4.712915006334001511e+00 4.128367854391470360e+00 4.669303871075641155e+00 2.437589012824269474e+01 8.125924959587164764e+00 9.202685505675924915e+00 3.099598668483785069e+00 2.477498993465254262e+00 4.318873716414011632e+00 4.089321840299423805e+00 4.618112160550182921e+00 5.000000000000000000e+02 5.000000000000000000e+02 5.000000000000000000e+02 5.000000000000000000e+02 5.000000000000000000e+02 5.000000000000000000e+02 5.000000000000000000e+02 5.000000000000000000e+02 5.000000000000000000e+02 5.000000000000000000e+02 5.000000000000000000e+02 5.000000000000000000e+02 5.000000000000000000e+02 5.000000000000000000e+02 5.000000000000000000e+02 5.000000000000000000e+02
-9.102889248349636492e-10 1.174231683593749949e+04 8.676615646484375247e+03 1.433682001708984444e+03 -4.938995361328125250e-03 5.439341430664061949e-01 7.751440429687500577e-02 2.167593994140624980e-01 2.667449951171875222e-01 1.173926338476562523e+04 1.032138040924072300e+02 1.444424665283203012e+03 4.661734008789062550e-02 6.322505493164062296e-01 1.145469970703125034e-01 7.500805664062500100e-02 -1.884001464843750029e-01 2.389125545902615499e+01 9.417577323379219933e+00 8.760445310303730082e+00 3.047545032019101097e+00 2.630595309579547347e+00 4.523133847862532697e+00 4.279550579142405553e+00 4.780010182286585696e+00 2.425659184210942243e+01 8.237688847411250848e+00 9.151239799818515763e+00 2.964073502389688475e+00 2.407391911201844259e+00 4.434169176400477141e+00 4.040273595699685139e+00 4.780725103868475045e+00 5.000000000000000000e+02 5.000000000000000000e+02 5.000000000000000000e+02 5.000000000000000000e+02 5.000000000000000000e+02 5.000000000000000000e+02 5.000000000000000000e+02 5.000000000000000000e+02 5.000000000000000000e+02 5.000000000000000000e+02 5.000000000000000000e+02 5.000000000000000000e+02 5.000000000000000000e+02 5.000000000000000000e+02 5.000000000000000000e+02 5.000000000000000000e+02
-9.102643883511902232e-10 1.173897615625000071e+04 8.676865470703125538e+03 1.434033109863281197e+03 1.244942932128906277e-01 5.258531494140624707e-01 -1.669723510742187611e-01 2.187866821289062569e-01 -3.860574951171875102e-01 1.174259718749999956e+04 1.023414081115722638e+02 1.443860067626953196e+03 9.897784423828125122e-02 4.873128051757812385e-01 -1.552800903320312453e-01 1.083469238281249969e-01 2.189444580078125091e-01 2.443202808886826816e+01 9.363332504084361574e+00 8.885833538155857525e+00 2.986226265925233658e+00 2.627722030372138917e+00 4.480759224559294651e+00 4.051663136470589954e+00 4.715627017617365802e+00 2.451029908966209447e+01 7.914741778815754358e+00 9.253067473200626836e+00 3.105852645212314744e+00 2.341804610365921580e+00 4.396928644498497185e+00 3.906595496444281501e+00 4.897236338347566331e+00 5.000000000000000000e+02 5.000000000000000000e+02 5.000000000000000000e+02 5.000000000000000000e+02 5.000000000000000000e+02 5.000000000000000000e+02 5.000000000000000000e+02 5.000000000000000000e+02 5.000000000000000000e+02 5.000000000000000000e+02 5.000000000000000000e+02 5.000000000000000000e+02 5.000000000000000000e+02 5.000000000000000000e+02 5.000000000000000000e+02 5.000000000000000000e+02
-9.102389045643457205e-10 1.174218239062499924e+04 8.676389441406250626e+03 1.435292818115234468e+03 8.086660766601562467e-02 4.578782348632812749e-01 -2.008727416992187598e-01 -6.883581542968750244e-02 -2.112414550781250080e-02 1.173895376171875068e+04 1.029870733337402413e+02 1.445206104003906148e+03 4.772195434570312284e-02 5.528242187499999849e-01 1.365769042968749958e-01 -1.601141357421875105e-02 -1.919217529296874947e-01 2.353592777096604038e+01 9.511595076230921819e+00 8.495468626356865727e+00 3.182788982367373176e+00 2.625874748721363616e+00 4.536191019604858710e+00 4.071616211585626921e+00 4.518441339689264424e+00 2.453141176562377979e+01 7.749337751022316034e+00 8.770585430750942990e+00 3.210789089703017574e+00 2.468390144967573807e+00 4.638181809354039231e+00 3.970565658555877064e+00 4.788763243496124034e+00 5.000000000000000000e+02 5.000000000000000000e+02 5.000000000000000000e+02 5.000000000000000000e+02 5.000000000000000000e+02 5.000000000000000000e+02 5.000000000000000000e+02 5.000000000000000000e+02 5.000000000000000000e+02 5.000000000000000000e+02 5.000000000000000000e+02 5.000000000000000000e+02 5.000000000000000000e+02 5.000000000000000000e+02 5.000000000000000000e+02 5.000000000000000000e+02
-9.102137143080300289e-10 1.174031456835937570e+04 8.677761951171874898e+03 1.432248660644531356e+03 -3.372406005859375153e-03 5.132125244140625098e-01 7.859716796875000633e-02 -1.555225219726562580e-01 4.840566406249999787e-01 1.174094847070312426e+04 1.031064612121582087e+02 1.442396093261718761e+03 5.002737426757812578e-02 4.660632324218749734e-01 -4.082449340820312744e-01 1.347888183593750067e-01 -2.749437255859374929e-01 2.393300996076837350e+01 9.889295292489805433e+00 8.947363620030063913e+00 3.234162236473260066e+00 2.441061953298130582e+00 4.359242950470459732e+00 3.894581027405343399e+00 4.514730767802219269e+00 2.440763258717088036e+01 7.727232236807082266e+00 9.445960329115710152e+00 2.970151610497990813e+00 2.681371407526161654e+00 4.279223744176785971e+00 4.011113760980255627e+00 4.350909724354383279e+00 5.000000000000000000e+02 5.000000000000000000e+02 5.000000000000000000e+02 5.000000000000000000e+02 5.000000000000000000e+02 5.000000000000000000e+02 5.000000000000000000e+02 5.000000000000000000e+02 5.000000000000000000e+02 5.000000000000000000e+02 5.000000000000000000e+02 5.000000000000000000e+02 5.000000000000000000e+02 5.000000000000000000e+02 5.000000000000000000e+02 5.000000000000000000e+02
-9.101887708842051391e-10 1.174070853515624913e+04 8.677285701171875189e+03 1.434152157226562394e+03 4.894970703124999767e-02 5.189130249023437003e-01 9.200219726562500200e-02 -1.025187377929687449e-01 1.514777832031249938e-01 1.174167175390625016e+04 1.034204369049072199e+02 1.444035020263671868e+03 5.422119140624999910e-03 4.433541259765624853e-01 -5.818853149414062731e-01 -1.480333862304687442e-01 -2.257110595703125111e-01 2.440856101023027236e+01 9.011738060827372720e+00 8.615416451782509810e+00 2.989992825530392917e+00 2.488773159305007532e+00 4.226587054107927344e+00 4.250335053079222547e+00 4.686595886136548650e+00 2.386968340875566597e+01 7.834637386934485193e+00 9.450662804724839106e+00 3.062274494576019634e+00 2.726678220200292824e+00 4.542019348348181218e+00 4.263154713593194423e+00 4.700337467338234987e+00 5.000000000000000000e+02 5.000000000000000000e+02 5.000000000000000000e+02 5.000000000000000000e+02 5.000000000000000000e+02 5.000000000000000000e+02 5.000000000000000000e+02 5.000000000000000000e+02 5.000000000000000000e+02 5.000000000000000000e+02 5.000000000000000000e+02 5.000000000000000000e+02 5.000000000000000000e+02 5.000000000000000000e+02 5.000000000000000000e+02 5.000000000000000000e+02
-9.101638474738251252e-10 1.174271890429687483e+04 8.677452546874999825e+03 1.434751435791015638e+03 8.409414672851563133e-02 5.107061767578124911e-01 4.670434570312499978e-01 -5.035000610351562100e-01 2.085546875000000161e-02 1.173930449023437541e+04 1.034329226226806639e+02 1.444689892822265620e+03 6.246673583984375250e-02 5.911865844726562624e-01 -3.149768066406249956e-02 -2.630939331054687469e-01 -1.696594238281250167e-02 2.386765908985965012e+01 9.580717485988493820e+00 9.012538530748633647e+00 3.040378857868858198e+00 2.593470651710905184e+00 4.919518674151809101e+00 3.986401834237020214e+00 4.764376639339809039e+00 2.411547948645715778e+01 8.307616416526411030e+00 9.328143759473467966e+00 3.063832482935782142e+00 2.560865756076026400e+00 4.639579356592242299e+00 3.976624235782475925e+00 4.678526398286162014e+00 5.000000000000000000e+02 5.000000000000000000e+02 5.000000000000000000e+02 5.000000000000000000e+02 5.000000000000000000e+02 5.000000000000000000e+02 5.000000000000000000e+02 5.000000000000000000e+02 5.000000000000000000e+02 5.000000000000000000e+02 5.000000000000000000e+02 5.000000000000000000e+02 5.000000000000000000e+02 5.000000000000000000e+02 5.000000000000000000e+02 5.000000000000000000e+02
-9.101388573519613987e-10 1.173818273828124984e+04 8.677462091796875029e+03 1.434786639648437585e+03 1.548221130371093823e-01 7.716742553710937980e-01 1.967760009765625040e-01 -7.082257080078124822e-02 1.332095947265624913e-01 1.174270057617187558e+04 1.030562857666015617e+02 1.443973876464843670e+03 6.462197875976562200e-02 4.794001464843750115e-01 -2.816804809570312429e-01 -2.278283081054687520e-01 1.543215332031249998e-01 2.458457952892418419e+01 9.308296807198866318e+00 9.162563818437480023e+00 3.073381450430136663e+00 2.610082552454576099e+00 4.720346681408313927e+00 3.839533049810328613e+00 4.475396679204629358e+00 2.494105803088355344e+01 7.912964624743120901e+00 9.524750194987765539e+00 3.076395631711189793e+00 2.475208005617450358e+00 4.536429897208469342e+00 3.982656719396092893e+00 4.655977899558664035e+00 5.000000000000000000e+02 5.000000000000000000e+02 5.000000000000000000e+02 5.000000000000000000e+02 5.000000000000000000e+02 5.000000000000000000e+02 5.000000000000000000e+02 5.000000000000000000e+02 5.000000000000000000e+02 5.000000000000000000e+02 5.000000000000000000e+02 5.000000000000000000e+02 5.000000000000000000e+02 5.000000000000000000e+02 5.000000000000000000e+02 5.000000000000000000e+02
-9.101138405455038150e-10 1.174186194726562462e+04 8.676991140624999389e+03 1.435319959228515700e+03 1.112778320312499958e-01 5.596904296875000462e-01 1.052609863281250002e-01 7.487457275390624334e-02 6.111132812500000289e-02 1.173913275390624949e+04 1.032395673828124956e+02 1.444140756591796844e+03 6.941690063476561867e-02 5.347736206054687358e-01 4.082183837890625278e-02 -2.462333984375000007e-01 4.916342773437499813e-01 2.402771279912150959e+01 9.606893896083008144e+00 9.104259277620606383e+00 3.089690621878007359e+00 2.458199566101718414e+00 4.578445925493600299e+00 3.987926516914809483e+00 4.479605716033654872e+00 2.447392373155700085e+01 8.111765678346158026e+00 9.446948691227946782e+00 3.028384629865466859e+00 2.715247728283895157e+00 4.520159904646233073e+00 3.954509697962663051e+00 4.648634995054106156e+00 5.000000000000000000e+02 5.000000000000000000e+02 5.000000000000000000e+02 5.000000000000000000e+02 5.000000000000000000e+02 5.000000000000000000e+02 5.000000000000000000e+02 5.000000000000000000e+02 5.000000000000000000e+02 5.000000000000000000e+02 5.000000000000000000e+02 5.000000000000000000e+02 5.000000000000000000e+02 5.000000000000000000e+02 5.000000000000000000e+02 5.000000000000000000e+02
-9.100890372157950215e-10 1.173917535937499997e+04 8.677254757812499520e+03 1.434757077636718805e+03 6.562210083007812000e-02 5.100002441406249476e-01 5.072198486328124978e-02 3.642531127929687362e-01 1.866613769531250133e-02 1.174248819531250047e+04 1.026687225494384705e+02 1.442581828369140567e+03 8.499472045898437411e-02 4.645397949218750266e-01 2.012025146484374971e-01 1.824614257812499918e-01 -2.855097656250000226e-01 2.433832315694506576e+01 9.422187560791021710e+00 8.880448179673051001e+00 3.118041429508844331e+00 2.548115611483078524e+00 4.537961456670743132e+00 4.128306946570874381e+00 5.089029963937961476e+00 2.399635173765618745e+01 8.017087007090063722e+00 9.339872294970465560e+00 3.015463983019510241e+00 2.369827439167369931e+00 4.424075749981286165e+00 4.223205442119349229e+00 4.538569617820051860e+00 5.000000000000000000e+02 5.000000000000000000e+02 5.000000000000000000e+02 5.000000000000000000e+02 5.000000000000000000e+02 5.000000000000000000e+02 5.000000000000000000e+02 5.000000000000000000e+02 5.000000000000000000e+02 5.000000000000000000e+02 5.000000000000000000e+02 5.000000000000000000e+02 5.000000000000000000e+02 5.000000000000000000e+02 5.000000000000000000e+02 5.000000000000000000e+02
-9.100638603017764654e-10 1.174327281445312474e+04 8.676598798828124927e+03 1.435953382080078200e+03 -1.087243652343749915e-02 4.958803710937499942e-01 8.482043457031250566e-02 -3.366918945312499800e-02 -3.143273925781250172e-02 1.173901438671875076e+04 1.030746039276123014e+02 1.443257401367187413e+03 -1.056383056640625012e-01 5.376066284179688015e-01 -1.426088256835937595e-01 1.296199340820312629e-01 -5.676672363281250189e-02 2.397544775470045408e+01 9.518701352546802497e+00 8.926045827279679656e+00 3.143607440831616362e+00 2.704506025469694208e+00 4.790813780547225065e+00 4.165407218106283338e+00 5.016894253804692561e+00 2.412493144169243209e+01 8.219133968471814100e+00 9.146672684834129541e+00 3.210854051142950638e+00 2.411573372832259476e+00 4.554264110034369040e+00 4.138044743615880705e+00 4.519699370478369893e+00 5.000000000000000000e+02 5.000000000000000000e+02 5.000000000000000000e+02 5.000000000000000000e+02 5.000000000000000000e+02 5.000000000000000000e+02 5.000000000000000000e+02 5.000000000000000000e+02 5.000000000000000000e+02 5.000000000000000000e+02 5.000000000000000000e+02 5.000000000000000000e+02 5.000000000000000000e+02 5.000000000000000000e+02 5.000000000000000000e+02 5.000000000000000000e+02
-9.100387500992417253e-10 1.173895833593749921e+04 8.677113751953125757e+03 1.436893724609375113e+03 1.187246704101562432e-02 6.220302734374999476e-01 -3.255391845703125009e-01 -1.996977539062499973e-01 8.780969238281249867e-02 1.174328490234375022e+04 1.024753428192138642e+02 1.443834548828124980e+03 1.496999511718750120e-01 4.859695434570312500e-01 -1.611505126953124978e-01 -1.748892822265624980e-01 -4.064086914062499910e-03 2.323199918557721944e+01 9.377642598425676823e+00 8.954590786673334080e+00 2.989647462271304068e+00 2.656905756883642056e+00 4.668164258487447427e+00 3.909913922360676697e+00 4.827059193021631778e+00 2.429173378428047769e+01 7.787055617145195008e+00 9.055106335543822382e+00 3.117205769377422442e+00 2.383613330858376678e+00 4.414333874671306113e+00 3.928880236637787071e+00 4.769484733757193062e+00 5.000000000000000000e+02 5.000000000000000000e+02 5.000000000000000000e+02 5.000000000000000000e+02 5.000000000000000000e+02 5.000000000000000000e+02 5.000000000000000000e+02 5.000000000000000000e+02 5.000000000000000000e+02 5.000000000000000000e+02 5.000000000000000000e+02 5.000000000000000000e+02 5.000000000000000000e+02 5.000000000000000000e+02 5.000000000000000000e+02 5.000000000000000000e+02
-9.100138733869002379e-10 1.174304981054687414e+04 8.676785419921874563e+03 1.435079116210937400e+03 1.115274047851562561e-01 6.724098510742188006e-01 6.715368652343750577e-02 1.196494140625000008e-01 1.527106933593750104e-01 1.173974038281250068e+04 1.028655796661376911e+02 1.442094135009765523e+03 3.251654052734374856e-02 5.470564575195312473e-01 -3.345794677734374722e-02 2.771866455078125235e-01 7.003283691406249345e-02 2.399591345967734313e+01 9.570115669666570568e+00 9.089344207349794758e+00 3.129887224747750718e+00 2.432310675954493462e+00 4.796180171444830442e+00 3.985821201667854474e+00 4.821883180034016725e+00 2.512199523959446523e+01 7.626793560953907480e+00 9.388483719623158308e+00 3.085798967795226222e+00 2.769375483109774994e+00 4.513315675312599140e+00 4.024541087131944472e+00 4.696944287601575674e+00 5.000000000000000000e+02 5.000000000000000000e+02 5.000000000000000000e+02 5.000000000000000000e+02 5.000000000000000000e+02 5.000000000000000000e+02 5.000000000000000000e+02 5.000000000000000000e+02 5.000000000000000000e+02 5.000000000000000000e+02 5.000000000000000000e+02 5.000000000000000000e+02 5.000000000000000000e+02 5.000000000000000000e+02 5.000000000000000000e+02 5.000000000000000000e+02
-9.099889766611140814e-10 1.173981372851562446e+04 8.676888703124999665e+03 1.436053531005859440e+03 1.014500427246093767e-01 5.844895629882812527e-01 -3.294552612304687544e-01 1.193075561523437439e-01 -1.998776855468749891e-01 1.174294538867187475e+04 1.018589998779296906e+02 1.442749206054687420e+03 -9.292202758789062933e-02 5.915329589843749680e-01 2.255493164062500038e-03 -1.111633300781249972e-02 -2.951435546874999760e-01 2.488960181088712531e+01 9.749350628036516753e+00 9.070288264290132574e+00 3.167844358122436699e+00 2.370992851399476464e+00 4.318796618136629739e+00 4.159033036260499472e+00 4.758343473904823817e+00 2.411891915725728452e+01 7.477854879143970734e+00 9.253827012973589561e+00 2.952936140689473188e+00 2.649506121022803473e+00 4.801227755204651615e+00 3.915954131797560578e+00 4.696498636703239526e+00 5.000000000000000000e+02 5.000000000000000000e+02 5.000000000000000000e+02 5.000000000000000000e+02 5.000000000000000000e+02 5.000000000000000000e+02 5.000000000000000000e+02 5.000000000000000000e+02 5.000000000000000000e+02 5.000000000000000000e+02 5.000000000000000000e+02 5.000000000000000000e+02 5.000000000000000000e+02 5.000000000000000000e+02 5.000000000000000000e+02 5.000000000000000000e+02
-9.099639865392502515e-10 1.174302883984374967e+04 8.676139833984374491e+03 1.435647505615234422e+03 1.687327270507812393e-01 3.830491333007812749e-01 -2.231860961914062524e-01 4.531939697265625205e-02 5.498568115234374609e-01 1.174074654101562555e+04 1.020689388122558654e+02 1.442143332519531214e+03 4.503900146484374895e-02 6.547529907226562473e-01 -1.353027343749999955e-03 -1.445469360351562538e-01 -4.978149414062499854e-03 2.388799914181349493e+01 9.963228474761621101e+00 8.905805085158677414e+00 3.021595000355710603e+00 2.419301776482645661e+00 4.389461691352619432e+00 3.865370028714375739e+00 4.465374515768365526e+00 2.457207080432154100e+01 8.115472595471654671e+00 9.214991409644902376e+00 3.153017034415094955e+00 2.659792359832175102e+00 4.522593815475942414e+00 3.942962892917749596e+00 4.637750453086265878e+00 5.000000000000000000e+02 5.000000000000000000e+02 5.000000000000000000e+02 5.000000000000000000e+02 5.000000000000000000e+02 5.000000000000000000e+02 5.000000000000000000e+02 5.000000000000000000e+02 5.000000000000000000e+02 5.000000000000000000e+02 5.000000000000000000e+02 5.000000000000000000e+02 5.000000000000000000e+02 5.000000000000000000e+02 5.000000000000000000e+02 5.000000000000000000e+02
-9.099390030885348859e-10 1.174023292382812542e+04 8.677356892578125553e+03 1.436917554199218785e+03 1.266776123046874925e-01 6.372294921875000240e-01 -4.097814941406249800e-02 -5.160913085937499784e-02 2.284497070312499836e-02 1.174278424218749933e+04 1.029838655242919856e+02 1.443118603027343852e+03 -2.617218017578125042e-02 5.515212402343749876e-01 -2.645501098632812575e-01 1.564714965820312442e-01 2.707653808593750086e-02 2.424938660240704635e+01 9.501908652472319972e+00 8.929222268781332517e+00 3.100703212807649933e+00 2.280870872802401639e+00 4.424428732279395149e+00 3.956866455105384262e+00 4.749748360267092018e+00 2.393054693887247097e+01 7.712866245421576394e+00 9.164674013690257581e+00 3.261702759825734876e+00 2.499849006697214993e+00 4.548867734727259027e+00 4.257506282172873746e+00 4.662676222427850625e+00 5.000000000000000000e+02 5.000000000000000000e+02 5.000000000000000000e+02 5.000000000000000000e+02 5.000000000000000000e+02 5.000000000000000000e+02 5.000000000000000000e+02 5.000000000000000000e+02 5.000000000000000000e+02 5.000000000000000000e+02 5.000000000000000000e+02 5.000000000000000000e+02 5.000000000000000000e+02 5.000000000000000000e+02 5.000000000000000000e+02 5.000000000000000000e+02
-9.099139128994451252e-10 1.174308869726562443e+04 8.676481718749999345e+03 1.436923818359374991e+03 1.603164978027343812e-01 4.131925659179687682e-01 2.064135131835937442e-01 -1.718811035156250083e-03 -1.189769287109374990e-01 1.173997647460937515e+04 1.031057755737304689e+02 1.443429418457031261e+03 1.713612670898437551e-01 5.292404785156249458e-01 -7.383648681640625488e-02 -1.732384643554687464e-01 1.596328124999999987e-01 2.473994527225801221e+01 9.543244019811156775e+00 9.021456682820177875e+00 3.072704909842903565e+00 2.620257750615845982e+00 4.709609083365954518e+00 4.044883926224905224e+00 4.690039819712849223e+00 2.479391916207988800e+01 8.292985615637023855e+00 9.266606990486897288e+00 3.145071435841829466e+00 2.600721377328018225e+00 4.451464267507619255e+00 4.018328003210026367e+00 4.695810395817992422e+00 5.000000000000000000e+02 5.000000000000000000e+02 5.000000000000000000e+02 5.000000000000000000e+02 5.000000000000000000e+02 5.000000000000000000e+02 5.000000000000000000e+02 5.000000000000000000e+02 5.000000000000000000e+02 5.000000000000000000e+02 5.000000000000000000e+02 5.000000000000000000e+02 5.000000000000000000e+02 5.000000000000000000e+02 5.000000000000000000e+02 5.000000000000000000e+02
-9.098889494621750492e-10 1.174008431054687571e+04 8.676658486328124127e+03 1.436183909912109357e+03 1.806164550781249878e-01 6.175667114257812340e-01 -3.174030151367187580e-01 -1.681278686523437482e-01 3.480327148437499796e-01 1.174286249609375045e+04 1.023217550811767609e+02 1.442726655761718803e+03 7.448883056640624722e-02 3.284426879882812456e-01 7.475744628906250133e-02 2.108892211914062398e-01 3.759992675781250182e-01 2.377414236241554590e+01 9.434191211119497211e+00 8.414209411130093130e+00 3.095674571343243642e+00 2.511285360330229199e+00 4.556424650316834857e+00 4.162002957563391448e+00 4.933591427319908185e+00 2.475309042317810793e+01 8.098355406804067513e+00 9.199387226365100645e+00 3.114937540850673869e+00 2.372968498732735299e+00 4.379374940289586071e+00 3.886837507742478603e+00 4.618180754614501282e+00 5.000000000000000000e+02 5.000000000000000000e+02 5.000000000000000000e+02 5.000000000000000000e+02 5.000000000000000000e+02 5.000000000000000000e+02 5.000000000000000000e+02 5.000000000000000000e+02 5.000000000000000000e+02 5.000000000000000000e+02 5.000000000000000000e+02 5.000000000000000000e+02 5.000000000000000000e+02 5.000000000000000000e+02 5.000000000000000000e+02 5.000000000000000000e+02
-9.098638726153820104e-10 1.174271236914062501e+04 8.677725634765625728e+03 1.437443843750000042e+03 5.838323974609375272e-02 3.755588378906249969e-01 2.941918945312500117e-02 -2.038334960937500107e-01 1.020430908203125014e-01 1.173974453906249983e+04 1.038560612640380896e+02 1.444261503173828032e+03 3.563345336914062328e-02 6.844899902343749565e-01 1.810018920898437411e-01 2.972749023437499805e-01 -2.635351562500000064e-02 2.460697036655395564e+01 8.995625667954978866e+00 8.774864194873122969e+00 3.190238198532341585e+00 2.524459913883407847e+00 4.472456780764101580e+00 4.122954061877702969e+00 4.817562703031671667e+00 2.446279836593629042e+01 8.408169317368070494e+00 9.074043950498992928e+00 3.177805008116100893e+00 2.630790143994675034e+00 4.326512197235439672e+00 4.043236466209669366e+00 4.699005646970957351e+00 5.000000000000000000e+02 5.000000000000000000e+02 5.000000000000000000e+02 5.000000000000000000e+02 5.000000000000000000e+02 5.000000000000000000e+02 5.000000000000000000e+02 5.000000000000000000e+02 5.000000000000000000e+02 5.000000000000000000e+02 5.000000000000000000e+02 5.000000000000000000e+02 5.000000000000000000e+02 5.000000000000000000e+02 5.000000000000000000e+02 5.000000000000000000e+02
-9.098388824935182839e-10 1.173975183007812484e+04 8.677403695312499622e+03 1.436597263427734333e+03 9.943869018554687966e-02 5.025996093750000338e-01 8.362219238281250189e-02 -9.458258056640625466e-02 -3.401243896484374973e-01 1.174304629101562568e+04 1.027010122222900321e+02 1.443409992431640603e+03 6.831597900390624922e-02 4.169940185546874845e-01 -4.875305175781249716e-03 -1.539752197265625011e-01 3.816528320312499722e-02 2.507370614008518572e+01 8.924334772388872850e+00 8.805086485005084285e+00 3.067316545798232763e+00 2.652498906829618086e+00 4.596618417702159398e+00 4.095917153898750662e+00 4.230714052157956928e+00 2.471560369703886550e+01 7.435969766396634206e+00 8.976459804111009078e+00 3.145510132570682238e+00 2.503802134129429646e+00 4.410109290721219821e+00 3.917482739319678942e+00 4.786534490169805700e+00 5.000000000000000000e+02 5.000000000000000000e+02 5.000000000000000000e+02 5.000000000000000000e+02 5.000000000000000000e+02 5.000000000000000000e+02 5.000000000000000000e+02 5.000000000000000000e+02 5.000000000000000000e+02 5.000000000000000000e+02 5.000000000000000000e+02 5.000000000000000000e+02 5.000000000000000000e+02 5.000000000000000000e+02 5.000000000000000000e+02 5.000000000000000000e+02
-9.098140591503643043e-10 1.174260024023437472e+04 8.677571437500000684e+03 1.437197567138671957e+03 5.660537719726562583e-02 6.042705078125000240e-01 8.086975097656250167e-02 -3.818008422851562611e-01 -2.968663330078125107e-01 1.174014898828124933e+04 1.033075552368164125e+02 1.444133451171875095e+03 -5.153939819335937728e-02 5.922605590820312349e-01 3.904440917968750036e-01 -1.291854858398437389e-01 2.937211914062500262e-01 2.438916849324221303e+01 9.534368263169525903e+00 8.804402793594373833e+00 3.093238619070878048e+00 2.450932682085615877e+00 4.491369695280424956e+00 4.259406751383883361e+00 5.091356598141575596e+00 2.416371797419324352e+01 7.529731802990173861e+00 9.052324794324233537e+00 3.054122086547187642e+00 2.541441842554700514e+00 4.415723357601278209e+00 3.874944316653737175e+00 4.512279946732159708e+00 5.000000000000000000e+02 5.000000000000000000e+02 5.000000000000000000e+02 5.000000000000000000e+02 5.000000000000000000e+02 5.000000000000000000e+02 5.000000000000000000e+02 5.000000000000000000e+02 5.000000000000000000e+02 5.000000000000000000e+02 5.000000000000000000e+02 5.000000000000000000e+02 5.000000000000000000e+02 5.000000000000000000e+02 5.000000000000000000e+02 5.000000000000000000e+02
-9.097888555517519943e-10 1.174005543164062510e+04 8.676743611328125553e+03 1.435298353759765632e+03 1.008442382812499982e-01 4.160339355468750111e-01 4.592993774414062536e-01 9.904705810546875211e-02 -1.196884765625000069e-01 1.174233083203124988e+04 1.027064529876709003e+02 1.441779405029296868e+03 1.567193603515625033e-02 3.419465942382812762e-01 -1.482335205078124940e-01 1.518334350585937575e-01 1.645788574218750022e-01 2.414894783052634963e+01 9.710865866963171555e+00 8.874071687474211600e+00 3.175492358654206537e+00 2.477250690898055385e+00 4.487599875151997431e+00 4.174418175994360602e+00 4.959259469483786376e+00 2.435485097358326456e+01 7.687164965172773812e+00 9.043312554912372292e+00 3.189598532902114147e+00 2.669069226549728224e+00 4.605526960695041083e+00 3.981175785328887606e+00 4.862086976749913525e+00 5.000000000000000000e+02 5.000000000000000000e+02 5.000000000000000000e+02 5.000000000000000000e+02 5.000000000000000000e+02 5.000000000000000000e+02 5.000000000000000000e+02 5.000000000000000000e+02 5.000000000000000000e+02 5.000000000000000000e+02 5.000000000000000000e+02 5.000000000000000000e+02 5.000000000000000000e+02 5.000000000000000000e+02 5.000000000000000000e+02 5.000000000000000000e+02
-9.097637720338108013e-10 1.174138749023437413e+04 8.677890605468750437e+03 1.436040983886718777e+03 -1.190545654296874985e-02 4.193901977539062353e-01 -6.046667480468750216e-02 2.563232421874999875e-02 -1.404111328125000058e-01 1.174064745312500054e+04 1.036050325775146490e+02 1.442514056396484420e+03 1.337331237792968863e-01 6.376530151367187926e-01 -3.695496826171875138e-01 4.498052978515625078e-02 5.302999267578124565e-01 2.474906386471721120e+01 9.905922032633034391e+00 9.057587158216190204e+00 3.038071838844958794e+00 2.378633025917041621e+00 4.796017980342660358e+00 3.812435646932009981e+00 4.756388002551696914e+00 2.420196034767013415e+01 7.796384245578387606e+00 9.230704075131759723e+00 3.222588659224107754e+00 2.829582995684238433e+00 4.659242376820548870e+00 4.299516067094579341e+00 4.931718620135879583e+00 5.000000000000000000e+02 5.000000000000000000e+02 5.000000000000000000e+02 5.000000000000000000e+02 5.000000000000000000e+02 5.000000000000000000e+02 5.000000000000000000e+02 5.000000000000000000e+02 5.000000000000000000e+02 5.000000000000000000e+02 5.000000000000000000e+02 5.000000000000000000e+02 5.000000000000000000e+02 5.000000000000000000e+02 5.000000000000000000e+02 5.000000000000000000e+02
-9.097389019926178816e-10 1.174155435351562483e+04 8.678110037109374389e+03 1.436612218505859346e+03 1.610000000000000042e-01 5.722797851562499982e-01 -1.512061767578125049e-01 -1.039331665039062436e-01 -1.378572998046874998e-01 1.174189064648437488e+04 1.044621100769042954e+02 1.442780895996093705e+03 8.963888549804686912e-02 5.297903442382811967e-01 -1.726112670898437562e-01 4.662131958007812438e-01 -8.886791992187499656e-02 2.444805945562975680e+01 9.614565471996792567e+00 8.947807862683882618e+00 3.254018238963017229e+00 2.456926099274740150e+00 4.790721926039481104e+00 4.061663791972111248e+00 4.997346281345196317e+00 2.402579202808249548e+01 8.009604239645268464e+00 9.160032415869810762e+00 3.216454221109410039e+00 2.735016448790515309e+00 4.364297201230903589e+00 3.918566159794278025e+00 4.856665597454213668e+00 5.000000000000000000e+02 5.000000000000000000e+02 5.000000000000000000e+02 5.000000000000000000e+02 5.000000000000000000e+02 5.000000000000000000e+02 5.000000000000000000e+02 5.000000000000000000e+02 5.000000000000000000e+02 5.000000000000000000e+02 5.000000000000000000e+02 5.000000000000000000e+02 5.000000000000000000e+02 5.000000000000000000e+02 5.000000000000000000e+02 5.000000000000000000e+02
-9.097138251458251529e-10 1.173982708593750067e+04 8.677643755859375233e+03 1.436866579833984360e+03 2.412811279296874986e-02 5.943963012695312464e-01 8.752319335937499764e-03 -8.782843017578124967e-02 1.437341308593750033e-01 1.174251145312500012e+04 1.032287102813720736e+02 1.442681570800781174e+03 -4.556085205078125311e-02 6.411988525390625027e-01 -1.241956787109374932e-01 6.097222900390625311e-02 2.622332763671875178e-01 2.394381239964133812e+01 9.376917922284690121e+00 8.899807379389406137e+00 3.175749346323001987e+00 2.613482299170480694e+00 4.581184552779786756e+00 3.931207205688981521e+00 4.750658642561190526e+00 2.388811117459365363e+01 8.115343564274949628e+00 9.116559536278682430e+00 3.174148392897651938e+00 2.408311829042093954e+00 4.546782962829158059e+00 3.969121213269197757e+00 4.698562947431480730e+00 5.000000000000000000e+02 5.000000000000000000e+02 5.000000000000000000e+02 5.000000000000000000e+02 5.000000000000000000e+02 5.000000000000000000e+02 5.000000000000000000e+02 5.000000000000000000e+02 5.000000000000000000e+02 5.000000000000000000e+02 5.000000000000000000e+02 5.000000000000000000e+02 5.000000000000000000e+02 5.000000000000000000e+02 5.000000000000000000e+02 5.000000000000000000e+02
-9.096889150777419643e-10 1.174228937500000029e+04 8.676612283203125116e+03 1.438436487060546824e+03 2.418329772949218692e-01 4.380206298828124845e-01 -2.947674560546875017e-02 -3.218894042968750147e-01 -4.022347412109374964e-01 1.174042414257812561e+04 1.027579387664794979e+02 1.443986862304687520e+03 1.208504333496093763e-01 6.196489257812499707e-01 -1.096840209960937562e-01 3.602966918945312291e-01 9.201660156249999445e-03 2.369457888087118391e+01 9.516377629800853555e+00 8.802910066218847973e+00 3.113202317972122657e+00 2.568307903093923539e+00 4.593493226269474761e+00 3.908919584212562359e+00 4.817668673820405090e+00 2.497370496411424412e+01 8.286370946298276863e+00 9.067876312876039790e+00 2.931653153444628401e+00 2.392251601736507194e+00 4.703561881236275610e+00 4.277279933429998238e+00 4.889914336380870807e+00 5.000000000000000000e+02 5.000000000000000000e+02 5.000000000000000000e+02 5.000000000000000000e+02 5.000000000000000000e+02 5.000000000000000000e+02 5.000000000000000000e+02 5.000000000000000000e+02 5.000000000000000000e+02 5.000000000000000000e+02 5.000000000000000000e+02 5.000000000000000000e+02 5.000000000000000000e+02 5.000000000000000000e+02 5.000000000000000000e+02 5.000000000000000000e+02
-9.096639249558779276e-10 1.173897276171874910e+04 8.676653548828124258e+03 1.438654606689453203e+03 2.238607177734374953e-01 5.464633178710937012e-01 -4.541998291015624661e-02 1.538616943359374933e-02 1.538664550781249918e-01 1.174385456640624943e+04 1.026192776794433570e+02 1.443903087890625102e+03 9.894448852539063088e-02 5.381823730468749956e-01 -1.184896850585937522e-01 3.779637451171874996e-01 3.900220947265625182e-01 2.476044114236639260e+01 9.335408653711548155e+00 9.107291606173934184e+00 3.086090295886807944e+00 2.499817134175462474e+00 4.539416337628033205e+00 4.049318076086088958e+00 4.564788710757276213e+00 2.430440344590676460e+01 7.624565240285847700e+00 9.257307580490589771e+00 2.979702542177778746e+00 2.615665876375500964e+00 4.545466606349487293e+00 4.010159051917403517e+00 4.671152803189661640e+00 5.000000000000000000e+02 5.000000000000000000e+02 5.000000000000000000e+02 5.000000000000000000e+02 5.000000000000000000e+02 5.000000000000000000e+02 5.000000000000000000e+02 5.000000000000000000e+02 5.000000000000000000e+02 5.000000000000000000e+02 5.000000000000000000e+02 5.000000000000000000e+02 5.000000000000000000e+02 5.000000000000000000e+02 5.000000000000000000e+02 5.000000000000000000e+02
-9.096393951432530694e-10 1.174281078125000022e+04 8.676361460937499942e+03 1.439489847167968719e+03 8.679989624023437544e-02 5.252041625976562322e-01 -1.976693115234375020e-01 -9.199584960937499944e-03 -4.751650390625000164e-01 1.173962793554687414e+04 1.019901715240478524e+02 1.444523585205078234e+03 1.401726379394531152e-01 3.466668701171874978e-01 8.106982421875000289e-02 3.395837402343750144e-02 -1.622548828125000009e-01 2.489047430444037090e+01 9.604474659279565785e+00 9.002888418409387583e+00 3.162496110852022646e+00 2.414003319989007412e+00 4.520446839572612063e+00 4.011409544500581070e+00 4.723487961271624513e+00 2.477573347393554215e+01 7.482208344655310484e+00 8.912690749379160948e+00 2.992887132382914483e+00 2.582123925306709644e+00 4.616249775928532806e+00 4.096475556383621708e+00 4.751942906163137081e+00 5.000000000000000000e+02 5.000000000000000000e+02 5.000000000000000000e+02 5.000000000000000000e+02 5.000000000000000000e+02 5.000000000000000000e+02 5.000000000000000000e+02 5.000000000000000000e+02 5.000000000000000000e+02 5.000000000000000000e+02 5.000000000000000000e+02 5.000000000000000000e+02 5.000000000000000000e+02 5.000000000000000000e+02 5.000000000000000000e+02 5.000000000000000000e+02
-9.096142582561248856e-10 1.173955794140625039e+04 8.676464587890624898e+03 1.438872239746093783e+03 3.256744384765625222e-02 5.106937866210937704e-01 3.256726074218749961e-02 2.488115234374999873e-01 2.661098632812500253e-01 1.174394111718749991e+04 1.024920653533935564e+02 1.443476552978515656e+03 -3.271078491210937383e-02 4.698497924804687642e-01 2.205387573242187371e-01 -3.225002441406250031e-01 -2.815330810546874951e-01 2.449555100855070222e+01 9.340714580830269398e+00 9.176533918897629150e+00 3.228946133898163762e+00 2.402430556163871245e+00 4.551706803115722622e+00 4.039086405873441699e+00 4.616559555806093229e+00 2.455087001603756747e+01 7.744361233615278728e+00 9.222661349768895178e+00 3.170073885617783027e+00 2.561306104958904317e+00 4.511057618604605857e+00 3.884535037221833242e+00 4.822763150037398638e+00 5.000000000000000000e+02 5.000000000000000000e+02 5.000000000000000000e+02 5.000000000000000000e+02 5.000000000000000000e+02 5.000000000000000000e+02 5.000000000000000000e+02 5.000000000000000000e+02 5.000000000000000000e+02 5.000000000000000000e+02 5.000000000000000000e+02 5.000000000000000000e+02 5.000000000000000000e+02 5.000000000000000000e+02 5.000000000000000000e+02 5.000000000000000000e+02
-9.095894749398609682e-10 1.174329114648437462e+04 8.675916406250000364e+03 1.439577588378906285e+03 9.494171142578125555e-03 5.280039062500000435e-01 -5.823345947265624878e-02 -1.365325927734374889e-01 6.673413085937500433e-02 1.173978442968749914e+04 1.019231959381103536e+02 1.443766173828124920e+03 -1.374667358398437567e-01 5.752507324218749662e-01 7.352429199218750433e-02 -3.982187500000000102e-01 -1.921108398437499920e-01 2.385038574626642927e+01 9.015912260083879914e+00 9.096947503830637771e+00 3.105346282807425418e+00 2.585010824272012009e+00 4.227150448184576526e+00 4.260756062277820888e+00 4.952156508073984220e+00 2.433865494824117803e+01 8.196301006172618031e+00 9.154225844141631541e+00 3.036803883536744575e+00 2.468494390528400029e+00 4.564116256347383604e+00 3.925220562136187752e+00 4.996889405268578166e+00 5.000000000000000000e+02 5.000000000000000000e+02 5.000000000000000000e+02 5.000000000000000000e+02 5.000000000000000000e+02 5.000000000000000000e+02 5.000000000000000000e+02 5.000000000000000000e+02 5.000000000000000000e+02 5.000000000000000000e+02 5.000000000000000000e+02 5.000000000000000000e+02 5.000000000000000000e+02 5.000000000000000000e+02 5.000000000000000000e+02 5.000000000000000000e+02
-9.095639244415326494e-10 1.173963139648437573e+04 8.676318619140625742e+03 1.441568370361328107e+03 2.503314208984374831e-02 4.638031616210937513e-01 3.653461303710937580e-01 -2.047460937500000105e-02 -2.452010498046874876e-01 1.174302524218749932e+04 1.014076409606933566e+02 1.445783573242187458e+03 1.195831604003906312e-01 4.210630493164062571e-01 7.603912353515625278e-02 3.698005981445312562e-01 -2.347546386718750086e-02 2.381295400310862931e+01 9.614084144851569036e+00 8.859003654291385033e+00 3.107984888077609309e+00 2.520292528275760890e+00 4.554127979773294754e+00 4.113065591333707083e+00 4.267878533110262218e+00 2.436693062233598184e+01 8.035841980413332308e+00 8.985313815008241889e+00 3.142954005497395009e+00 2.394537882166921872e+00 4.442430284089192938e+00 4.044726748164405805e+00 4.722562640917765009e+00 5.000000000000000000e+02 5.000000000000000000e+02 5.000000000000000000e+02 5.000000000000000000e+02 5.000000000000000000e+02 5.000000000000000000e+02 5.000000000000000000e+02 5.000000000000000000e+02 5.000000000000000000e+02 5.000000000000000000e+02 5.000000000000000000e+02 5.000000000000000000e+02 5.000000000000000000e+02 5.000000000000000000e+02 5.000000000000000000e+02 5.000000000000000000e+02
-9.095390077023010999e-10 1.174301405078125026e+04 8.677673957031249302e+03 1.440790081054687562e+03 -1.305633544921875038e-03 4.663567504882812353e-01 -7.648309326171874589e-02 -2.919165039062500133e-01 1.474437255859374907e-01 1.173947043359374948e+04 1.033855877227783253e+02 1.445353903564453049e+03 -2.130545043945312328e-02 4.201506347656249751e-01 -4.436126708984375333e-02 2.785089111328125158e-02 -3.648546142578125151e-01 2.427597275097012641e+01 1.000636132861964889e+01 9.151951863599791182e+00 3.159013331479206155e+00 2.320392592871631798e+00 4.517983976719216699e+00 4.403761531017678088e+00 4.625020975037353210e+00 2.496639310954826030e+01 7.824725410596002462e+00 9.191874001460005772e+00 3.146813161368212874e+00 2.589049394446099051e+00 4.413402106045476003e+00 4.005865848075242930e+00 4.751021247668020031e+00 5.000000000000000000e+02 5.000000000000000000e+02 5.000000000000000000e+02 5.000000000000000000e+02 5.000000000000000000e+02 5.000000000000000000e+02 5.000000000000000000e+02 5.000000000000000000e+02 5.000000000000000000e+02 5.000000000000000000e+02 5.000000000000000000e+02 5.000000000000000000e+02 5.000000000000000000e+02 5.000000000000000000e+02 5.000000000000000000e+02 5.000000000000000000e+02
-9.095139441978048862e-10 1.173956285546875006e+04 8.675899898437499360e+03 1.440256886962890576e+03 9.180624389648436856e-02 5.646327514648437074e-01 -1.533966674804687624e-01 -1.169225463867187564e-01 -5.371020507812500344e-02 1.174381942578125017e+04 1.015700980834960916e+02 1.444633337890624944e+03 6.869467163085937744e-02 4.925401000976562527e-01 -2.496341552734374913e-01 -2.347139282226562429e-01 1.461903076171874871e-01 2.352949916555247967e+01 9.464735615841101790e+00 9.160032739010173231e+00 3.040678112486848939e+00 2.381286779136902343e+00 4.562564179884570414e+00 4.118494016894149290e+00 4.568185778696700616e+00 2.386340534807818514e+01 7.730635308752748180e+00 9.399081189468676101e+00 2.997010914301944773e+00 2.553497093782333582e+00 4.475972617482551819e+00 3.945524724304833253e+00 5.024581165574424801e+00 5.000000000000000000e+02 5.000000000000000000e+02 5.000000000000000000e+02 5.000000000000000000e+02 5.000000000000000000e+02 5.000000000000000000e+02 5.000000000000000000e+02 5.000000000000000000e+02 5.000000000000000000e+02 5.000000000000000000e+02 5.000000000000000000e+02 5.000000000000000000e+02 5.000000000000000000e+02 5.000000000000000000e+02 5.000000000000000000e+02 5.000000000000000000e+02
-9.094888073106768059e-10 1.174358383007812517e+04 8.676295298828124942e+03 1.441712812988281257e+03 9.230560302734375222e-02 3.722609863281249876e-01 1.265668945312500016e-01 2.352439575195312549e-01 5.776782226562499761e-02 1.173946866406250047e+04 1.024724613800048871e+02 1.446109902343750036e+03 5.579446411132812228e-02 4.783936157226562624e-01 -3.062200317382812731e-01 1.088231201171875051e-01 -1.052769775390624968e-01 2.414486785933553747e+01 9.240748245248379789e+00 9.031636788833218077e+00 3.125637093440612357e+00 2.514825687155173739e+00 4.369897850491115676e+00 4.116959491997110199e+00 4.854642107478229995e+00 2.405129522861208713e+01 8.016555957611004146e+00 9.129550470565243714e+00 3.088428151700019164e+00 2.519487562151589533e+00 4.346107398188465254e+00 4.124115347981986091e+00 4.842936355843487917e+00 5.000000000000000000e+02 5.000000000000000000e+02 5.000000000000000000e+02 5.000000000000000000e+02 5.000000000000000000e+02 5.000000000000000000e+02 5.000000000000000000e+02 5.000000000000000000e+02 5.000000000000000000e+02 5.000000000000000000e+02 5.000000000000000000e+02 5.000000000000000000e+02 5.000000000000000000e+02 5.000000000000000000e+02 5.000000000000000000e+02 5.000000000000000000e+02
-9.094640840347482401e-10 1.173982819726562411e+04 8.677005675781250829e+03 1.440674108154296846e+03 7.923916625976562544e-02 4.611037597656250098e-01 1.259117431640625062e-01 -2.361198120117187493e-01 -6.778747558593750666e-02 1.174347393554687551e+04 1.024385346984863219e+02 1.444899834716796931e+03 4.654455566406250078e-02 6.573630371093750480e-01 3.635522460937500033e-02 5.676623535156249956e-02 -1.376884765624999951e-01 2.471681197603399482e+01 9.187151791605895568e+00 8.789412711497655906e+00 3.131538903810057395e+00 2.744194056148101524e+00 4.482875587190552125e+00 3.986110576293010688e+00 4.466080323956195031e+00 2.431267751174688385e+01 7.877437342853368385e+00 8.947621591640494643e+00 3.050633094909227516e+00 2.525237337461190723e+00 4.604451317855692949e+00 4.042628766835979270e+00 4.547778922685322911e+00 5.000000000000000000e+02 5.000000000000000000e+02 5.000000000000000000e+02 5.000000000000000000e+02 5.000000000000000000e+02 5.000000000000000000e+02 5.000000000000000000e+02 5.000000000000000000e+02 5.000000000000000000e+02 5.000000000000000000e+02 5.000000000000000000e+02 5.000000000000000000e+02 5.000000000000000000e+02 5.000000000000000000e+02 5.000000000000000000e+02 5.000000000000000000e+02
-9.094388604226911575e-10 1.174255673828124964e+04 8.676676390624999840e+03 1.441700837158203058e+03 1.346057434082031379e-01 6.119530639648437242e-01 -1.228495483398437532e-01 1.022554321289062540e-01 2.583092041015624951e-01 1.173995848828125054e+04 1.026175183410644536e+02 1.445988337890624962e+03 1.226720275878906280e-01 3.904432983398437584e-01 3.039453124999999881e-02 -1.947827148437500031e-02 1.260439453124999887e-01 2.373103486340076529e+01 9.646124377499759817e+00 8.936009829111759117e+00 3.110305510801534279e+00 2.463184795946776973e+00 4.165232073463950968e+00 3.869791395516599231e+00 4.696952477099346268e+00 2.409289344743293881e+01 7.809341512427038445e+00 8.924736284646641593e+00 3.192478132214749298e+00 2.510584813327358500e+00 4.597315332507072583e+00 4.128328873182249836e+00 4.535973154523613715e+00 5.000000000000000000e+02 5.000000000000000000e+02 5.000000000000000000e+02 5.000000000000000000e+02 5.000000000000000000e+02 5.000000000000000000e+02 5.000000000000000000e+02 5.000000000000000000e+02 5.000000000000000000e+02 5.000000000000000000e+02 5.000000000000000000e+02 5.000000000000000000e+02 5.000000000000000000e+02 5.000000000000000000e+02 5.000000000000000000e+02 5.000000000000000000e+02
-9.094138102604916657e-10 1.173931460351562419e+04 8.676480046874999971e+03 1.441690326904296853e+03 1.301497497558593841e-01 4.994124145507812251e-01 -1.431724853515624896e-01 -1.235795288085937554e-01 1.548791503906249943e-02 1.174260421679687533e+04 1.025291551818847609e+02 1.445983078857421788e+03 -6.077789306640625326e-03 4.487896118164062531e-01 1.236528930664062553e-01 2.345693359375000120e-01 -5.934521484375000072e-02 2.504955133059688066e+01 9.481288348738404537e+00 8.908511518942601626e+00 3.056325612736534580e+00 2.286338298386830115e+00 4.837508737373978462e+00 4.149841716118357837e+00 4.837249813396803155e+00 2.474328742562981986e+01 7.609849485837445471e+00 8.922043891694489304e+00 3.127902421630416541e+00 2.447079249650104149e+00 4.378241113999623124e+00 3.835407360847527869e+00 4.740291338643420005e+00 5.000000000000000000e+02 5.000000000000000000e+02 5.000000000000000000e+02 5.000000000000000000e+02 5.000000000000000000e+02 5.000000000000000000e+02 5.000000000000000000e+02 5.000000000000000000e+02 5.000000000000000000e+02 5.000000000000000000e+02 5.000000000000000000e+02 5.000000000000000000e+02 5.000000000000000000e+02 5.000000000000000000e+02 5.000000000000000000e+02 5.000000000000000000e+02
-9.093887400848472980e-10 1.174276559179687501e+04 8.675604013671874782e+03 1.440732705322265701e+03 2.407937316894531166e-01 6.018104248046874938e-01 -4.721105957031249828e-02 -1.831989135742187469e-01 1.233868408203124961e-01 1.173978590624999924e+04 1.022785877380371033e+02 1.444956631591796850e+03 1.321834411621093663e-01 4.101840209960937456e-01 -3.044293212890625266e-01 -1.475292968749999933e-02 -9.621069335937500189e-02 2.425045258484793820e+01 9.628107731547057568e+00 8.958154392287292822e+00 3.206277457882281912e+00 2.431432166161801689e+00 4.346662641838932473e+00 4.232740785952379348e+00 4.986745797345364828e+00 2.482142325478390532e+01 7.828523297092576883e+00 9.200159175336523276e+00 3.107564181452535657e+00 2.755728495714321546e+00 4.514926623129930761e+00 4.198108329867566546e+00 4.662483533053295659e+00 5.000000000000000000e+02 5.000000000000000000e+02 5.000000000000000000e+02 5.000000000000000000e+02 5.000000000000000000e+02 5.000000000000000000e+02 5.000000000000000000e+02 5.000000000000000000e+02 5.000000000000000000e+02 5.000000000000000000e+02 5.000000000000000000e+02 5.000000000000000000e+02 5.000000000000000000e+02 5.000000000000000000e+02 5.000000000000000000e+02 5.000000000000000000e+02
-9.093639300839898334e-10 1.173899508007812437e+04 8.675588207031249112e+03 1.442040958496093708e+03 1.686278686523437487e-01 4.278430786132812469e-01 -2.796384887695312349e-01 -2.576721801757812513e-01 1.145666503906249967e-01 1.174317752734375063e+04 1.014074081420898494e+02 1.446159023193359417e+03 1.541067504882812425e-02 6.579302368164062775e-01 -2.976765136718749760e-01 7.136291503906250396e-03 -1.471225585937500080e-01 2.496614906211856777e+01 9.486339221806904476e+00 8.875061225224060379e+00 3.100726043072393967e+00 2.724217732368555023e+00 4.570603964783608752e+00 3.955593917582474361e+00 4.739569317894760658e+00 2.447425717597284134e+01 7.972187002262717037e+00 9.201438293194009077e+00 3.080811576913521588e+00 2.318536505337175146e+00 4.363497717039963142e+00 4.115545601299428036e+00 4.799792839370985220e+00 5.000000000000000000e+02 5.000000000000000000e+02 5.000000000000000000e+02 5.000000000000000000e+02 5.000000000000000000e+02 5.000000000000000000e+02 5.000000000000000000e+02 5.000000000000000000e+02 5.000000000000000000e+02 5.000000000000000000e+02 5.000000000000000000e+02 5.000000000000000000e+02 5.000000000000000000e+02 5.000000000000000000e+02 5.000000000000000000e+02 5.000000000000000000e+02
-9.093390000024617688e-10 1.174363326757812501e+04 8.675505109375000757e+03 1.442816214111328236e+03 2.591680908203124883e-02 4.513864746093749769e-01 7.242266845703125566e-02 -6.576080322265624722e-02 3.977832031249999706e-02 1.173974774414062449e+04 1.015383549957275449e+02 1.446844179687499945e+03 4.457772827148437367e-02 4.715798950195312367e-01 -6.024664306640625105e-02 1.105786132812499982e-02 -2.827889404296874964e-01 2.343616938184190701e+01 9.427348234753976541e+00 9.127718101830541997e+00 2.987650471222484949e+00 2.540377612515232641e+00 4.671428026673686063e+00 4.106950922712030660e+00 4.732546148436483691e+00 2.511309794042879773e+01 8.518172426851172929e+00 9.336962480896167094e+00 3.127197504719720467e+00 2.384434017415049567e+00 4.631701822327380924e+00 4.414111524392549946e+00 4.591507132580461281e+00 5.000000000000000000e+02 5.000000000000000000e+02 5.000000000000000000e+02 5.000000000000000000e+02 5.000000000000000000e+02 5.000000000000000000e+02 5.000000000000000000e+02 5.000000000000000000e+02 5.000000000000000000e+02 5.000000000000000000e+02 5.000000000000000000e+02 5.000000000000000000e+02 5.000000000000000000e+02 5.000000000000000000e+02 5.000000000000000000e+02 5.000000000000000000e+02
-9.093137563769590865e-10 1.174248530078125077e+04 8.675578019531250902e+03 1.441581846923828152e+03 -3.632769775390624900e-02 3.976394653320312611e-01 -2.343332519531249880e-01 -1.442224731445312380e-01 1.495119628906249887e-01 1.174180245898437533e+04 1.009304654846191340e+02 1.445875393310546769e+03 1.252333984375000042e-01 5.329761352539063024e-01 2.118659667968749993e-01 8.959197998046875000e-02 1.344232177734374922e-01 2.463464794559477511e+01 9.533573606943482659e+00 9.284077438195822651e+00 3.098367510175589867e+00 2.429352047469654607e+00 4.752992913698226296e+00 4.042350778885468010e+00 4.673408786770601786e+00 2.444192499885097902e+01 7.561147607633819767e+00 9.359945438897234737e+00 3.075862055006376217e+00 2.549866457494864846e+00 4.460418105659509358e+00 4.016671675418106879e+00 5.017384138183933473e+00 5.000000000000000000e+02 5.000000000000000000e+02 5.000000000000000000e+02 5.000000000000000000e+02 5.000000000000000000e+02 5.000000000000000000e+02 5.000000000000000000e+02 5.000000000000000000e+02 5.000000000000000000e+02 5.000000000000000000e+02 5.000000000000000000e+02 5.000000000000000000e+02 5.000000000000000000e+02 5.000000000000000000e+02 5.000000000000000000e+02 5.000000000000000000e+02
-9.092887662550953600e-10 1.174004160937499910e+04 8.675879636718749680e+03 1.441140237060546951e+03 7.448922729492186978e-02 4.953573608398437744e-01 -2.147174072265624900e-01 -2.076104736328125006e-02 3.018900146484375102e-01 1.174320335351562426e+04 1.015857591857910194e+02 1.445165704833984364e+03 1.753722839355468799e-01 4.372828369140625004e-01 6.074725341796875094e-02 -1.693865966796875150e-02 -4.254577636718750305e-02 2.489704711016335992e+01 9.773073354082971065e+00 9.060487584955840390e+00 3.124750098637759876e+00 2.351097380897991584e+00 4.756591096280175179e+00 4.132110466684728145e+00 4.643847258737253014e+00 2.364989315233115263e+01 7.785702019083245773e+00 9.087706600930548717e+00 3.043430489389129079e+00 2.618545623192724214e+00 4.430993306161711942e+00 4.045578555136068566e+00 4.811829185157295186e+00 5.000000000000000000e+02 5.000000000000000000e+02 5.000000000000000000e+02 5.000000000000000000e+02 5.000000000000000000e+02 5.000000000000000000e+02 5.000000000000000000e+02 5.000000000000000000e+02 5.000000000000000000e+02 5.000000000000000000e+02 5.000000000000000000e+02 5.000000000000000000e+02 5.000000000000000000e+02 5.000000000000000000e+02 5.000000000000000000e+02 5.000000000000000000e+02
-9.092638094889734381e-10 1.174373161718750089e+04 8.675035410156249782e+03 1.440179990234375055e+03 -2.733154296875000069e-03 6.050729370117187145e-01 1.693803100585937471e-01 -3.620479736328124920e-01 -1.605324707031250131e-01 1.173941087695312490e+04 1.013805346374511771e+02 1.444166126708984393e+03 -3.155578613281250031e-03 4.790665283203124902e-01 -1.667293090820312629e-01 3.216162109375000216e-02 -1.940661621093749956e-01 2.460651575304995475e+01 9.327960598691459992e+00 9.215526491948397236e+00 3.219555836527234316e+00 2.331817231819589775e+00 4.502237400933450040e+00 4.005200665839885765e+00 4.664609288021166478e+00 2.518642751104481903e+01 7.536077865948112908e+00 9.060729163148229404e+00 2.961137463489655008e+00 2.691559353520467379e+00 4.305354655464241453e+00 4.095045693180884960e+00 4.857048618062403733e+00 5.000000000000000000e+02 5.000000000000000000e+02 5.000000000000000000e+02 5.000000000000000000e+02 5.000000000000000000e+02 5.000000000000000000e+02 5.000000000000000000e+02 5.000000000000000000e+02 5.000000000000000000e+02 5.000000000000000000e+02 5.000000000000000000e+02 5.000000000000000000e+02 5.000000000000000000e+02 5.000000000000000000e+02 5.000000000000000000e+02 5.000000000000000000e+02
-9.092390795418967183e-10 1.173951696875000016e+04 8.676384072265624127e+03 1.442357550048828216e+03 9.073852539062500500e-02 5.221802978515625027e-01 -1.210163574218749982e-01 -1.568501586914062551e-01 1.376888427734374865e-01 1.174447937500000080e+04 1.017047672576904347e+02 1.445771830566406152e+03 4.081091308593749745e-02 4.564334106445312456e-01 -9.568133544921875178e-02 -1.415882568359375093e-01 -3.282177734374999711e-02 2.466329077786704360e+01 9.262080265367682586e+00 8.817926687364776583e+00 3.060589753252801248e+00 2.633129579541271248e+00 4.741578372045139211e+00 4.070997746490158775e+00 4.846736390459011723e+00 2.366888328999434421e+01 8.254156136084038309e+00 9.098674897830676400e+00 3.177988140382005167e+00 2.489775620021136948e+00 4.402252565775757631e+00 4.189960358703623378e+00 4.901513920429596105e+00 5.000000000000000000e+02 5.000000000000000000e+02 5.000000000000000000e+02 5.000000000000000000e+02 5.000000000000000000e+02 5.000000000000000000e+02 5.000000000000000000e+02 5.000000000000000000e+02 5.000000000000000000e+02 5.000000000000000000e+02 5.000000000000000000e+02 5.000000000000000000e+02 5.000000000000000000e+02 5.000000000000000000e+02 5.000000000000000000e+02 5.000000000000000000e+02
-9.092139559970651529e-10 1.174323311718749937e+04 8.676300742187500873e+03 1.441428342285156305e+03 8.193356323242187433e-02 5.931196289062500293e-01 1.484853515625000064e-01 -1.134111938476562442e-01 -1.504958496093750098e-01 1.174035168359374984e+04 1.021172285461425844e+02 1.445128991455078221e+03 1.695168762207031332e-01 6.363811645507811976e-01 2.573614501953124800e-01 1.650598144531250089e-01 -4.949206542968749845e-01 2.417852861392809771e+01 9.492098681747526356e+00 8.963451267465995187e+00 3.178285672329814293e+00 2.528799987228410373e+00 4.574442638531075467e+00 3.748902669579080804e+00 4.611846459911404850e+00 2.364662199829764688e+01 7.758226641173443738e+00 9.110163553196544584e+00 3.126550726540296310e+00 2.586369582897812158e+00 4.559675379418999697e+00 4.290516836165193304e+00 4.747995732766617571e+00 5.000000000000000000e+02 5.000000000000000000e+02 5.000000000000000000e+02 5.000000000000000000e+02 5.000000000000000000e+02 5.000000000000000000e+02 5.000000000000000000e+02 5.000000000000000000e+02 5.000000000000000000e+02 5.000000000000000000e+02 5.000000000000000000e+02 5.000000000000000000e+02 5.000000000000000000e+02 5.000000000000000000e+02 5.000000000000000000e+02 5.000000000000000000e+02
-9.091888591368272381e-10 1.174151508789062427e+04 8.676462953124999331e+03 1.439009506103515605e+03 -1.861267089843750061e-03 5.503163452148437385e-01 9.693060302734375633e-02 -2.930302734374999885e-01 1.746214599609375029e-01 1.174193883789062420e+04 1.018349182891845714e+02 1.442399875732421833e+03 -8.871121215820312877e-02 6.259128417968750080e-01 5.095407104492187811e-01 6.549658203125000022e-02 6.876574707031249400e-02 2.436361793124697428e+01 9.875191719024385861e+00 8.916971686868139457e+00 3.092852780113459321e+00 2.514937599186365169e+00 4.376483156416455245e+00 4.038222383665811321e+00 4.757525505902200358e+00 2.400683508589482429e+01 7.592873297113884590e+00 9.070725841871176698e+00 3.181733836157202955e+00 2.564045487725375327e+00 4.405250522463135532e+00 4.146117263514766726e+00 4.724013351980187458e+00 5.000000000000000000e+02 5.000000000000000000e+02 5.000000000000000000e+02 5.000000000000000000e+02 5.000000000000000000e+02 5.000000000000000000e+02 5.000000000000000000e+02 5.000000000000000000e+02 5.000000000000000000e+02 5.000000000000000000e+02 5.000000000000000000e+02 5.000000000000000000e+02 5.000000000000000000e+02 5.000000000000000000e+02 5.000000000000000000e+02 5.000000000000000000e+02
-9.091638690149634082e-10 1.173977339062499959e+04 8.675552892578125466e+03 1.440641514648437578e+03 5.106680297851562411e-02 4.034328613281250031e-01 -2.248834838867187491e-01 -2.372333984374999927e-01 -1.532652587890624973e-01 1.174251901171875033e+04 1.019749348144531211e+02 1.443562113037109384e+03 4.400549316406249939e-02 4.631027221679687722e-01 4.827636718750000222e-03 -1.137289428710937522e-01 -3.116667480468749973e-01 2.414348021365558239e+01 9.738159588460748139e+00 8.753846035568580319e+00 3.143483730161486189e+00 2.744588183180924457e+00 4.578482262859241203e+00 4.140730198722094357e+00 4.908867108908589572e+00 2.460633764251796762e+01 7.877263460744625689e+00 8.947474802520371640e+00 3.001422314244373890e+00 2.496159282159050807e+00 4.482040933476197253e+00 3.950247019782414437e+00 4.273566547062803700e+00 5.000000000000000000e+02 5.000000000000000000e+02 5.000000000000000000e+02 5.000000000000000000e+02 5.000000000000000000e+02 5.000000000000000000e+02 5.000000000000000000e+02 5.000000000000000000e+02 5.000000000000000000e+02 5.000000000000000000e+02 5.000000000000000000e+02 5.000000000000000000e+02 5.000000000000000000e+02 5.000000000000000000e+02 5.000000000000000000e+02 5.000000000000000000e+02
-9.091393925715254374e-10 1.174263147656249930e+04 8.675990841796874520e+03 1.439133124023437404e+03 2.223220214843749931e-01 5.958912353515625204e-01 -2.887055664062500027e-01 4.605564575195312260e-01 -5.550866699218749700e-02 1.173983835937500044e+04 1.023079755401611379e+02 1.442654435302734328e+03 2.391693115234375111e-02 4.427988281249999880e-01 6.858862304687500522e-02 8.901708984374999412e-02 -9.465576171874999500e-02 2.477009799552447333e+01 9.393131463409034154e+00 9.030219388772852795e+00 3.106163515120791363e+00 2.664645699927836731e+00 4.566791327996138072e+00 4.274691271366240386e+00 4.640238874055710561e+00 2.441488284906126793e+01 8.203918354453637818e+00 9.375960716581463572e+00 3.013009795926188783e+00 2.554226661804628762e+00 4.514950195281280720e+00 4.010272321556848318e+00 4.615773015356972486e+00 5.000000000000000000e+02 5.000000000000000000e+02 5.000000000000000000e+02 5.000000000000000000e+02 5.000000000000000000e+02 5.000000000000000000e+02 5.000000000000000000e+02 5.000000000000000000e+02 5.000000000000000000e+02 5.000000000000000000e+02 5.000000000000000000e+02 5.000000000000000000e+02 5.000000000000000000e+02 5.000000000000000000e+02 5.000000000000000000e+02 5.000000000000000000e+02
-9.091138954423840060e-10 1.174031751953125058e+04 8.675716826171874345e+03 1.439798292236328052e+03 8.842242431640624789e-02 6.440958251953124991e-01 1.107661132812499949e-01 -1.623584594726562580e-01 2.390446777343749885e-01 1.174393075390625017e+04 1.014691712951660207e+02 1.442655437988281165e+03 6.699459838867187489e-02 4.797102050781250071e-01 9.452136230468749512e-02 6.297241210937500402e-03 1.470440673828125044e-01 2.475376631577247011e+01 9.512717543787500674e+00 8.982007200415024428e+00 3.107601399372075246e+00 2.789430307185633673e+00 4.633107298087151271e+00 4.214216900041380498e+00 4.893533991669955618e+00 2.530773045243471842e+01 7.967344051067104083e+00 9.126566826084205886e+00 3.112893862407378531e+00 2.641400199215700795e+00 4.416027347770560496e+00 3.926132313090328285e+00 4.734663703340551422e+00 5.000000000000000000e+02 5.000000000000000000e+02 5.000000000000000000e+02 5.000000000000000000e+02 5.000000000000000000e+02 5.000000000000000000e+02 5.000000000000000000e+02 5.000000000000000000e+02 5.000000000000000000e+02 5.000000000000000000e+02 5.000000000000000000e+02 5.000000000000000000e+02 5.000000000000000000e+02 5.000000000000000000e+02 5.000000000000000000e+02 5.000000000000000000e+02
-9.090890053877462103e-10 1.174294382421874980e+04 8.674926464843749272e+03 1.441168862792968639e+03 1.186390075683593781e-01 5.731093139648437695e-01 -1.203746337890625046e-01 1.979880981445312493e-01 -4.243886718750000120e-01 1.173967589062499974e+04 1.012095184936523395e+02 1.444349987792968705e+03 1.097773132324218748e-01 5.465830688476562838e-01 -1.628361816406249940e-01 -4.942828369140624817e-02 -1.747565917968749993e-01 2.473679048168214578e+01 9.352794868717477783e+00 9.100990830420164102e+00 3.048693037316275944e+00 2.518453743883171558e+00 4.567643377950962424e+00 3.970145722432694146e+00 4.672757075469239574e+00 2.376887867901909246e+01 7.526080238446910542e+00 8.848407395990486535e+00 3.094597570560919220e+00 2.707886485162698254e+00 4.555419871225345751e+00 4.231530328397773211e+00 4.824310527834709816e+00 5.000000000000000000e+02 5.000000000000000000e+02 5.000000000000000000e+02 5.000000000000000000e+02 5.000000000000000000e+02 5.000000000000000000e+02 5.000000000000000000e+02 5.000000000000000000e+02 5.000000000000000000e+02 5.000000000000000000e+02 5.000000000000000000e+02 5.000000000000000000e+02 5.000000000000000000e+02 5.000000000000000000e+02 5.000000000000000000e+02 5.000000000000000000e+02
-9.090640619639211137e-10 1.173951470898437583e+04 8.674171111328125335e+03 1.441137787597656143e+03 1.349057006835937544e-01 7.255569458007812278e-01 2.912005615234375053e-02 2.633723144531249782e-01 -2.408017578124999891e-01 1.174424694726562484e+04 9.995658354187011696e+01 1.444078906982421813e+03 7.477197265625000477e-02 4.394099121093750226e-01 -5.459692382812499772e-02 2.261421508789062396e-01 2.026452636718749922e-01 2.426191807096002151e+01 9.361957645698382180e+00 8.955215179629636424e+00 3.134474030294499780e+00 2.568981540597394364e+00 4.419846114753329225e+00 4.025201740413639762e+00 4.605577121173172195e+00 2.479532348644345774e+01 7.499743923415347346e+00 8.918143925909360448e+00 3.146597719310503471e+00 2.650943091853517508e+00 4.543288084473439348e+00 3.932044207557901849e+00 4.859396869923142681e+00 5.000000000000000000e+02 5.000000000000000000e+02 5.000000000000000000e+02 5.000000000000000000e+02 5.000000000000000000e+02 5.000000000000000000e+02 5.000000000000000000e+02 5.000000000000000000e+02 5.000000000000000000e+02 5.000000000000000000e+02 5.000000000000000000e+02 5.000000000000000000e+02 5.000000000000000000e+02 5.000000000000000000e+02 5.000000000000000000e+02 5.000000000000000000e+02
-9.090388049961215027e-10 1.174256124218749937e+04 8.673979624999999942e+03 1.441827705322265729e+03 1.238839416503906277e-01 7.396468505859374876e-01 1.402886962890624867e-01 2.271987915039062611e-01 2.033337402343749975e-02 1.174053306054687528e+04 1.004681796112060539e+02 1.444665242675781201e+03 6.733883666992188100e-02 5.303261108398437118e-01 -2.700115966796874933e-01 6.623895263671875089e-02 2.513991699218749987e-01 2.469914307642692464e+01 9.214312535477882093e+00 8.737363081033031165e+00 3.129697141926115478e+00 2.612621316785986192e+00 4.565973444361629774e+00 4.204133534334418165e+00 4.700793112416771002e+00 2.479531435764492642e+01 8.198278586271463553e+00 9.111583985683786580e+00 3.024164961878181845e+00 2.450124554922418874e+00 4.295379917541398918e+00 3.938381203663229080e+00 4.980851156873347563e+00 5.000000000000000000e+02 5.000000000000000000e+02 5.000000000000000000e+02 5.000000000000000000e+02 5.000000000000000000e+02 5.000000000000000000e+02 5.000000000000000000e+02 5.000000000000000000e+02 5.000000000000000000e+02 5.000000000000000000e+02 5.000000000000000000e+02 5.000000000000000000e+02 5.000000000000000000e+02 5.000000000000000000e+02 5.000000000000000000e+02 5.000000000000000000e+02
-9.090137881896642292e-10 1.174130030468750010e+04 8.674918595703125902e+03 1.439870849365234335e+03 -6.379437255859375655e-02 5.639075927734374938e-01 -4.340415649414062771e-01 3.543022460937499951e-01 3.637219238281250155e-01 1.174063997265625039e+04 1.012127266235351613e+02 1.442790369628906319e+03 2.715223693847656494e-01 6.489541625976562589e-01 -2.861025390624999942e-01 2.575491943359374813e-01 -2.899987792968750089e-01 2.446091352238961392e+01 9.277510318705957104e+00 9.000057221560229692e+00 3.111694380064826237e+00 2.425900260099231875e+00 4.394777924371128464e+00 4.163780094386461350e+00 4.696199080436542772e+00 2.398173727952263690e+01 8.104707415428242356e+00 9.239751249342640804e+00 3.107431968529231980e+00 2.511553283911488688e+00 4.333586307352984335e+00 4.181442718423270755e+00 4.757700896930603385e+00 5.000000000000000000e+02 5.000000000000000000e+02 5.000000000000000000e+02 5.000000000000000000e+02 5.000000000000000000e+02 5.000000000000000000e+02 5.000000000000000000e+02 5.000000000000000000e+02 5.000000000000000000e+02 5.000000000000000000e+02 5.000000000000000000e+02 5.000000000000000000e+02 5.000000000000000000e+02 5.000000000000000000e+02 5.000000000000000000e+02 5.000000000000000000e+02
-9.089888981350263301e-10 1.173934355664062423e+04 8.675467021484375437e+03 1.442379192871093665e+03 8.421090698242186812e-02 4.877002563476562358e-01 2.684656982421875226e-01 -2.383831787109375044e-01 1.417000732421875020e-01 1.174374921679687577e+04 1.015656654968261705e+02 1.445250275634765558e+03 9.678863525390625500e-02 5.863030395507812242e-01 3.427723388671874982e-01 1.605218505859374867e-01 1.152778320312499993e-01 2.421555424619326047e+01 9.437418923192678832e+00 9.013562841814309223e+00 3.117455273273531446e+00 2.420279741323459799e+00 4.206654790108365738e+00 3.999123796312773482e+00 4.655101030019610953e+00 2.454443751726677903e+01 7.552442422893481222e+00 8.999568563282450029e+00 3.177844842316727370e+00 2.486529765846070994e+00 4.280218562717927888e+00 3.852289138264456625e+00 4.834855101018967538e+00 5.000000000000000000e+02 5.000000000000000000e+02 5.000000000000000000e+02 5.000000000000000000e+02 5.000000000000000000e+02 5.000000000000000000e+02 5.000000000000000000e+02 5.000000000000000000e+02 5.000000000000000000e+02 5.000000000000000000e+02 5.000000000000000000e+02 5.000000000000000000e+02 5.000000000000000000e+02 5.000000000000000000e+02 5.000000000000000000e+02 5.000000000000000000e+02
-9.089637812613430223e-10 1.174361729687499974e+04 8.675498539062500640e+03 1.442342127929687422e+03 3.345550537109374944e-02 6.404326782226562598e-01 -2.349215087890625109e-01 -7.305053710937500430e-03 2.603342285156249880e-01 1.174061821289062573e+04 1.015144040374755861e+02 1.445436060058593739e+03 -1.417758178710937580e-02 4.823291625976562358e-01 5.963916015625000261e-02 -1.905692138671875036e-01 -7.835607910156250355e-02 2.412835497993110678e+01 1.005145333926770412e+01 8.679305967837585456e+00 3.296763785632776944e+00 2.414110362641448404e+00 4.557978103912462053e+00 4.076022292375758305e+00 4.821476714740043690e+00 2.428601134216788537e+01 7.859383373980049825e+00 8.745981047324892899e+00 3.212068095137306845e+00 2.523165769516166002e+00 4.393977216432146449e+00 3.907640911373958748e+00 4.782726300317149182e+00 5.000000000000000000e+02 5.000000000000000000e+02 5.000000000000000000e+02 5.000000000000000000e+02 5.000000000000000000e+02 5.000000000000000000e+02 5.000000000000000000e+02 5.000000000000000000e+02 5.000000000000000000e+02 5.000000000000000000e+02 5.000000000000000000e+02 5.000000000000000000e+02 5.000000000000000000e+02 5.000000000000000000e+02 5.000000000000000000e+02 5.000000000000000000e+02
-9.089388511798149577e-10 1.174113428125000064e+04 8.676184798828124258e+03 1.440283703369140540e+03 5.269375610351562794e-02 4.459665527343750213e-01 -2.221533813476562480e-01 5.252775268554688015e-01 3.493431396484374951e-01 1.174271043749999990e+04 1.017400858459472630e+02 1.443190583984375053e+03 8.462271118164062245e-02 3.883366088867187260e-01 -1.946000976562499984e-01 -6.783673095703124378e-02 -3.665319824218749717e-02 2.384428364107779075e+01 9.551663992111532053e+00 9.029482801463807107e+00 3.076960134761712151e+00 2.495249706304356607e+00 4.527723973508614108e+00 4.043721850497453474e+00 4.886979857708444897e+00 2.418806150362975416e+01 8.118780355717623465e+00 9.241813601880380702e+00 3.129215604233158032e+00 2.713030565365239788e+00 4.535682843161972677e+00 3.908294996579885439e+00 4.851968406825366564e+00 5.000000000000000000e+02 5.000000000000000000e+02 5.000000000000000000e+02 5.000000000000000000e+02 5.000000000000000000e+02 5.000000000000000000e+02 5.000000000000000000e+02 5.000000000000000000e+02 5.000000000000000000e+02 5.000000000000000000e+02 5.000000000000000000e+02 5.000000000000000000e+02 5.000000000000000000e+02 5.000000000000000000e+02 5.000000000000000000e+02 5.000000000000000000e+02
-9.089138543868027669e-10 1.174097646289062504e+04 8.675435878906249854e+03 1.439294051513671775e+03 -3.226116943359375044e-02 5.535399780273437820e-01 -8.449114990234375677e-02 7.957769775390624578e-02 -1.891674804687500100e-01 1.174170163476562448e+04 1.015590938873290980e+02 1.442068010009765658e+03 1.023611450195312522e-01 4.668771362304687256e-01 -2.902396240234375036e-01 1.111273193359375022e-01 -3.770329589843749996e-01 2.417800002038483242e+01 9.055339276420685479e+00 8.755271010421484590e+00 3.073662185919926237e+00 2.648158072659086315e+00 4.410287485153733478e+00 3.903690420924072590e+00 4.482940043962155841e+00 2.410393583808243889e+01 8.253861003549385345e+00 9.185685966711215400e+00 3.090624018852111021e+00 2.442507002768454338e+00 4.749531479392599564e+00 4.139358472493801067e+00 4.863677685954935548e+00 5.000000000000000000e+02 5.000000000000000000e+02 5.000000000000000000e+02 5.000000000000000000e+02 5.000000000000000000e+02 5.000000000000000000e+02 5.000000000000000000e+02 5.000000000000000000e+02 5.000000000000000000e+02 5.000000000000000000e+02 5.000000000000000000e+02 5.000000000000000000e+02 5.000000000000000000e+02 5.000000000000000000e+02 5.000000000000000000e+02 5.000000000000000000e+02
-9.088888909495324841e-10 1.174317954101562464e+04 8.674928503906250626e+03 1.440556570556640736e+03 4.521691894531249672e-02 3.325604858398437669e-01 2.129260253906249956e-01 1.856097412109375053e-02 -1.478215332031249940e-01 1.173932917578124943e+04 1.013915593719482473e+02 1.443523407226562540e+03 8.383831787109374822e-02 4.711732788085937762e-01 4.204351806640624911e-01 1.637302246093750024e-01 1.211884765624999943e-01 2.410197634447319359e+01 9.343052326351058312e+00 9.277996751108751994e+00 3.094919367515125863e+00 2.683823782335744923e+00 4.245495400179458478e+00 4.131164876491690841e+00 4.591284500719130968e+00 2.484731459206030735e+01 8.052019068065819241e+00 9.046599502350183286e+00 3.008784334624322376e+00 2.620476993987649550e+00 4.465173072930962661e+00 4.001653993678419674e+00 4.725507610776074507e+00 5.000000000000000000e+02 5.000000000000000000e+02 5.000000000000000000e+02 5.000000000000000000e+02 5.000000000000000000e+02 5.000000000000000000e+02 5.000000000000000000e+02 5.000000000000000000e+02 5.000000000000000000e+02 5.000000000000000000e+02 5.000000000000000000e+02 5.000000000000000000e+02 5.000000000000000000e+02 5.000000000000000000e+02 5.000000000000000000e+02 5.000000000000000000e+02
-9.088637273778105465e-10 1.173906231445312551e+04 8.675888789062499200e+03 1.440484137939453149e+03 1.008000183105468711e-01 5.939302368164062207e-01 2.932781982421875031e-02 -1.836755371093750089e-01 1.717658691406249993e-01 1.174436653124999975e+04 1.014330980224609391e+02 1.443255399169921930e+03 3.159432983398437200e-02 3.876742553710937345e-01 1.978475952148437411e-01 2.964991455078124782e-01 2.386110839843749998e-01 2.433014436735217245e+01 9.075497045729486345e+00 8.705704501294039943e+00 3.149666710689478233e+00 2.315760193668242373e+00 4.583013291758825325e+00 3.886851116291211827e+00 4.659478424810580499e+00 2.415791586636327182e+01 7.653703886568387738e+00 9.046643873402636871e+00 3.111484686845555458e+00 2.606195289509033231e+00 4.632077675235159120e+00 4.106430311487236473e+00 4.803281268307837415e+00 5.000000000000000000e+02 5.000000000000000000e+02 5.000000000000000000e+02 5.000000000000000000e+02 5.000000000000000000e+02 5.000000000000000000e+02 5.000000000000000000e+02 5.000000000000000000e+02 5.000000000000000000e+02 5.000000000000000000e+02 5.000000000000000000e+02 5.000000000000000000e+02 5.000000000000000000e+02 5.000000000000000000e+02 5.000000000000000000e+02 5.000000000000000000e+02
-9.088390774845145712e-10 1.174279606640625025e+04 8.675615539062500829e+03 1.440362900878906203e+03 1.491111145019531348e-01 4.996771850585937647e-01 9.747314453125000000e-02 1.055502319335937522e-01 3.429003906249999956e-02 1.174178000976562544e+04 1.017703632965087905e+02 1.443228794921875078e+03 -4.742810058593750072e-02 5.450265502929687589e-01 -3.466644287109375139e-02 1.349723510742187604e-01 9.803381347656249523e-02 2.450211771384755011e+01 9.934647171149167733e+00 8.935110986728320270e+00 3.110350027437920328e+00 2.483989658861482486e+00 4.272340860702767529e+00 4.167786682473471060e+00 4.757209479348764702e+00 2.448590436559357286e+01 7.884362220470451987e+00 8.986784016614240755e+00 3.183231697712873842e+00 2.721127516929152446e+00 4.580167868874026382e+00 3.926625124740241723e+00 4.433027595752601968e+00 5.000000000000000000e+02 5.000000000000000000e+02 5.000000000000000000e+02 5.000000000000000000e+02 5.000000000000000000e+02 5.000000000000000000e+02 5.000000000000000000e+02 5.000000000000000000e+02 5.000000000000000000e+02 5.000000000000000000e+02 5.000000000000000000e+02 5.000000000000000000e+02 5.000000000000000000e+02 5.000000000000000000e+02 5.000000000000000000e+02 5.000000000000000000e+02
-9.088138138455669095e-10 1.174275377148437474e+04 8.675983533203125262e+03 1.439718695800781234e+03 1.494554443359374929e-01 4.994696655273437313e-01 -1.172231445312500037e-01 2.106668090820312533e-01 -2.312672119140624927e-01 1.174122307421874939e+04 1.016037427520751919e+02 1.442385713378906303e+03 -1.904479980468749833e-02 5.109045410156249911e-01 5.685290527343749706e-02 -3.852841796875000058e-01 3.883325195312500172e-02 2.378002412651537867e+01 9.311289685700606000e+00 8.972128054514731943e+00 3.129644104393080273e+00 2.595002657488937992e+00 4.597825577712968403e+00 4.071960979118630419e+00 4.848537742736557909e+00 2.366337518944218488e+01 8.170077727362935249e+00 9.155232246597032386e+00 3.067404097971043520e+00 2.429666188355414036e+00 4.521779121475163699e+00 4.159154953319444736e+00 4.816149789167003981e+00 5.000000000000000000e+02 5.000000000000000000e+02 5.000000000000000000e+02 5.000000000000000000e+02 5.000000000000000000e+02 5.000000000000000000e+02 5.000000000000000000e+02 5.000000000000000000e+02 5.000000000000000000e+02 5.000000000000000000e+02 5.000000000000000000e+02 5.000000000000000000e+02 5.000000000000000000e+02 5.000000000000000000e+02 5.000000000000000000e+02 5.000000000000000000e+02
-9.087888370659996981e-10 1.173980095117187557e+04 8.676480333984374738e+03 1.441409077392578183e+03 7.772250366210937955e-02 4.167260131835937575e-01 -2.196968383789062451e-01 -3.849816894531250117e-02 2.412785644531250107e-01 1.174422562109375031e+04 1.022882980346679744e+02 1.443826617675781335e+03 4.199951171874999854e-03 5.814526367187500266e-01 3.661926269531250167e-02 3.136431884765625289e-02 1.414318847656250051e-02 2.408193152358987632e+01 9.615403268392096692e+00 8.765811236774341708e+00 3.103610362812086354e+00 2.762766179099997554e+00 4.478072205210064993e+00 4.134752009724566690e+00 4.532418640574279678e+00 2.506738410552944174e+01 8.088400265471339168e+00 8.934684693887932738e+00 3.004431828768055812e+00 2.382126475779759112e+00 4.792841640471256603e+00 3.949122283716408166e+00 4.553273850929390854e+00 5.000000000000000000e+02 5.000000000000000000e+02 5.000000000000000000e+02 5.000000000000000000e+02 5.000000000000000000e+02 5.000000000000000000e+02 5.000000000000000000e+02 5.000000000000000000e+02 5.000000000000000000e+02 5.000000000000000000e+02 5.000000000000000000e+02 5.000000000000000000e+02 5.000000000000000000e+02 5.000000000000000000e+02 5.000000000000000000e+02 5.000000000000000000e+02
-9.087638269306907855e-10 1.174301882812499935e+04 8.676065664062500218e+03 1.440667396484375104e+03 6.142776489257812528e-02 5.631206665039062420e-01 3.888836669921875294e-02 1.538892211914062447e-01 1.732105712890625038e-01 1.174108254296875020e+04 1.026950570068359383e+02 1.443292187255859290e+03 -4.431124877929687456e-02 5.552374267578125133e-01 2.309467163085937580e-01 -2.715102539062499987e-01 3.081323242187499964e-02 2.410386330512489650e+01 9.833194551240705295e+00 8.855875161370168058e+00 3.187585694908092293e+00 2.365041172758412191e+00 4.733332055287632123e+00 4.003202751894778366e+00 4.631091585120537424e+00 2.398409235039930465e+01 7.770696523069267059e+00 8.892121735636454360e+00 3.057806171991479971e+00 2.649824290630729440e+00 4.245773132954170137e+00 4.275931785509711425e+00 4.528553744897283018e+00 5.000000000000000000e+02 5.000000000000000000e+02 5.000000000000000000e+02 5.000000000000000000e+02 5.000000000000000000e+02 5.000000000000000000e+02 5.000000000000000000e+02 5.000000000000000000e+02 5.000000000000000000e+02 5.000000000000000000e+02 5.000000000000000000e+02 5.000000000000000000e+02 5.000000000000000000e+02 5.000000000000000000e+02 5.000000000000000000e+02 5.000000000000000000e+02
-9.087388835068658956e-10 1.174205651562499952e+04 8.675945117187500728e+03 1.441347308837890523e+03 -8.827285766601562778e-02 5.039469604492187171e-01 7.682470703124999467e-02 -1.942396240234375016e-01 -7.316328125000000071e-01 1.174148621484374962e+04 1.019313998413085898e+02 1.443668762451171915e+03 1.254387207031250062e-01 5.719279174804687838e-01 -1.761976928710937418e-01 -1.050238037109374988e-02 1.686684570312499964e-01 2.436486329618667313e+01 9.499327754679931957e+00 8.974301283897013093e+00 3.112547050784485236e+00 2.462536644751154746e+00 4.409074829429836306e+00 4.172959091162487866e+00 4.783958829125994683e+00 2.410655173764961390e+01 7.944479544520251402e+00 9.266309297556327707e+00 3.053272948013404431e+00 2.499037682355454759e+00 4.731374350978844845e+00 3.906050961194988513e+00 4.709469664264201327e+00 5.000000000000000000e+02 5.000000000000000000e+02 5.000000000000000000e+02 5.000000000000000000e+02 5.000000000000000000e+02 5.000000000000000000e+02 5.000000000000000000e+02 5.000000000000000000e+02 5.000000000000000000e+02 5.000000000000000000e+02 5.000000000000000000e+02 5.000000000000000000e+02 5.000000000000000000e+02 5.000000000000000000e+02 5.000000000000000000e+02 5.000000000000000000e+02
-9.087140401502665231e-10 1.174037874804687453e+04 8.674935757812500015e+03 1.441745388183593832e+03 3.255187988281249903e-03 4.902313842773437513e-01 -2.657415771484374911e-01 -1.843644409179687471e-01 8.396643066406249412e-02 1.174294872656249936e+04 1.010423632202148383e+02 1.443975317138671926e+03 -2.299969482421874989e-02 4.387006225585937669e-01 -3.849731445312500056e-02 1.304390869140625020e-01 5.267993164062499678e-02 2.366115395740752803e+01 9.310001550245310398e+00 8.842139395922865575e+00 3.203262267331040913e+00 2.624711331912143564e+00 4.715231237221593652e+00 3.792092768754706800e+00 4.472356391606549408e+00 2.408374223597778396e+01 8.078941134027575188e+00 9.135929459490490956e+00 2.996889133074983835e+00 2.468195638506148093e+00 4.623813960155437996e+00 3.971015439029658367e+00 4.779043261904369011e+00 5.000000000000000000e+02 5.000000000000000000e+02 5.000000000000000000e+02 5.000000000000000000e+02 5.000000000000000000e+02 5.000000000000000000e+02 5.000000000000000000e+02 5.000000000000000000e+02 5.000000000000000000e+02 5.000000000000000000e+02 5.000000000000000000e+02 5.000000000000000000e+02 5.000000000000000000e+02 5.000000000000000000e+02 5.000000000000000000e+02 5.000000000000000000e+02
-9.086890100015124242e-10 1.174279354101562421e+04 8.675281369140624520e+03 1.442843865722656346e+03 5.741143798828125117e-02 4.593601684570312593e-01 -2.805028686523437509e-01 -8.362445068359375400e-02 -2.049204101562500102e-01 1.173980185351562432e+04 1.016980365905761658e+02 1.445133691894531239e+03 7.097772216796874312e-02 5.216926879882812784e-01 5.238549804687499950e-02 -8.815869140625000322e-02 -8.511120605468749933e-02 2.484335625621943322e+01 9.315266469763002988e+00 8.606814491145437174e+00 3.114008759652324709e+00 2.506487768842480257e+00 4.574430521047551323e+00 4.372392236343031868e+00 4.621774643439313657e+00 2.424066079804076779e+01 7.793620503023360513e+00 8.781174771243218657e+00 3.146551535833701951e+00 2.390887293718304552e+00 4.412902342798304289e+00 4.009191116629637008e+00 4.726905626267102534e+00 5.000000000000000000e+02 5.000000000000000000e+02 5.000000000000000000e+02 5.000000000000000000e+02 5.000000000000000000e+02 5.000000000000000000e+02 5.000000000000000000e+02 5.000000000000000000e+02 5.000000000000000000e+02 5.000000000000000000e+02 5.000000000000000000e+02 5.000000000000000000e+02 5.000000000000000000e+02 5.000000000000000000e+02 5.000000000000000000e+02 5.000000000000000000e+02
-9.086637463625646591e-10 1.173922907421875061e+04 8.675548150390624869e+03 1.442328117431640521e+03 1.256721801757812451e-01 4.842593994140624858e-01 -7.256994628906250633e-02 -2.220584716796875080e-01 1.878295898437500056e-03 1.174401638085937520e+04 1.013899958038330027e+02 1.444713397216796920e+03 8.988903808593749767e-02 4.539058227539062296e-01 1.421696166992187371e-01 1.257112426757812373e-01 1.685223388671875100e-01 2.508089117133924617e+01 9.677889086508349337e+00 9.180830294302589678e+00 3.102878135956471883e+00 2.442886788651023267e+00 4.405786652273360637e+00 4.063525678912877304e+00 4.512388358072048966e+00 2.499914767511706515e+01 7.601977482341396808e+00 9.492389152949600728e+00 2.969138580182753895e+00 2.618276446212123076e+00 4.583358855754343431e+00 4.050886618936421435e+00 4.788584898005102453e+00 5.000000000000000000e+02 5.000000000000000000e+02 5.000000000000000000e+02 5.000000000000000000e+02 5.000000000000000000e+02 5.000000000000000000e+02 5.000000000000000000e+02 5.000000000000000000e+02 5.000000000000000000e+02 5.000000000000000000e+02 5.000000000000000000e+02 5.000000000000000000e+02 5.000000000000000000e+02 5.000000000000000000e+02 5.000000000000000000e+02 5.000000000000000000e+02
-9.086388496367782958e-10 1.174310210742187519e+04 8.675268689453125262e+03 1.443887269042968683e+03 1.179879760742187506e-01 2.614597167968750191e-01 6.469464111328125655e-02 4.235969848632812340e-01 1.303886718750000007e-01 1.174021637499999997e+04 1.017335920410156263e+02 1.446039168701171775e+03 2.920779113769531032e-01 5.305797729492187642e-01 2.489467773437500087e-01 -2.984221801757812598e-01 -1.483010253906250075e-01 2.486518422144700224e+01 9.026004404143208149e+00 8.940916091201209781e+00 3.057678130732543575e+00 2.460949586778405251e+00 4.417009064023567966e+00 4.208004261687337433e+00 4.719716802777202069e+00 2.484654231290262061e+01 8.163220020009910982e+00 8.890167191232094979e+00 3.068628736212203556e+00 2.511766121339842339e+00 4.425879424218986280e+00 4.116758066415630246e+00 4.704420877008895552e+00 5.000000000000000000e+02 5.000000000000000000e+02 5.000000000000000000e+02 5.000000000000000000e+02 5.000000000000000000e+02 5.000000000000000000e+02 5.000000000000000000e+02 5.000000000000000000e+02 5.000000000000000000e+02 5.000000000000000000e+02 5.000000000000000000e+02 5.000000000000000000e+02 5.000000000000000000e+02 5.000000000000000000e+02 5.000000000000000000e+02 5.000000000000000000e+02
-9.086138528437661050e-10 1.173944515039062571e+04 8.676247857421874869e+03 1.441902534912109331e+03 1.428667907714843699e-01 5.136101684570312242e-01 -6.253002929687499767e-02 3.081583862304687615e-01 -3.090012207031250235e-01 1.174424971093749991e+04 1.023761020965576165e+02 1.444138303466796970e+03 3.235583496093750316e-02 6.727393798828125160e-01 -1.799493408203125047e-02 2.931054077148437242e-01 1.294287109375000071e-02 2.549508340752059610e+01 9.551172557785150730e+00 8.972065785216809530e+00 3.054723071786623834e+00 2.572824035480320237e+00 4.724842344908386949e+00 3.947962489768952477e+00 4.695348062830847269e+00 2.498703558944675862e+01 8.119071520952527266e+00 9.112136482634483059e+00 3.084498268264363574e+00 2.466890534406992241e+00 4.325290195943783722e+00 4.207618412455095935e+00 4.852939574458773109e+00 5.000000000000000000e+02 5.000000000000000000e+02 5.000000000000000000e+02 5.000000000000000000e+02 5.000000000000000000e+02 5.000000000000000000e+02 5.000000000000000000e+02 5.000000000000000000e+02 5.000000000000000000e+02 5.000000000000000000e+02 5.000000000000000000e+02 5.000000000000000000e+02 5.000000000000000000e+02 5.000000000000000000e+02 5.000000000000000000e+02 5.000000000000000000e+02
-9.085889761314250312e-10 1.174357372656249936e+04 8.675924691406249622e+03 1.441507883056640594e+03 1.103884887695312511e-01 3.968685913085937544e-01 -3.917225341796874982e-01 1.944940795898437436e-01 2.341088867187500130e-02 1.174053697460937474e+04 1.025962939758300791e+02 1.443822513671874958e+03 1.544836425781249967e-01 3.867030029296875115e-01 1.074249267578124972e-02 6.880816650390625400e-02 -1.245605468750000076e-03 2.389916223881228774e+01 9.600324432262519636e+00 9.099806026147364335e+00 3.039959049925142764e+00 2.393988684161115987e+00 4.580688754519147921e+00 4.013860398056684708e+00 4.360889770614068794e+00 2.433757212018259963e+01 7.778217291807320244e+00 9.230744351011011872e+00 3.168450777133431373e+00 2.733653325008174928e+00 4.269655132796195574e+00 4.034546456262471992e+00 4.611620863125538428e+00 5.000000000000000000e+02 5.000000000000000000e+02 5.000000000000000000e+02 5.000000000000000000e+02 5.000000000000000000e+02 5.000000000000000000e+02 5.000000000000000000e+02 5.000000000000000000e+02 5.000000000000000000e+02 5.000000000000000000e+02 5.000000000000000000e+02 5.000000000000000000e+02 5.000000000000000000e+02 5.000000000000000000e+02 5.000000000000000000e+02 5.000000000000000000e+02
-9.085639526538190865e-10 1.174159469335937501e+04 8.677027574218749578e+03 1.441367701416015734e+03 1.031498107910156226e-01 3.794759521484374898e-01 -7.341082763671874512e-02 -1.818914184570312453e-01 7.293139648437499400e-02 1.174152802734374927e+04 1.030656123504638657e+02 1.443506185302734366e+03 6.473919677734374378e-02 4.124537353515624893e-01 -2.175620117187500036e-01 -2.035552978515625111e-01 -2.301567382812499951e-01 2.432536191894234534e+01 9.676239500874325827e+00 8.965676570082779406e+00 3.103887498591007876e+00 2.581124405255570409e+00 4.802791730634567990e+00 3.996592894625534687e+00 4.698799851820907314e+00 2.427855970229453320e+01 7.654633584392517953e+00 9.074294048160382431e+00 3.153273268121025374e+00 2.621496296291102368e+00 4.425657774570061598e+00 4.074852503165875106e+00 4.728660450528909820e+00 5.000000000000000000e+02 5.000000000000000000e+02 5.000000000000000000e+02 5.000000000000000000e+02 5.000000000000000000e+02 5.000000000000000000e+02 5.000000000000000000e+02 5.000000000000000000e+02 5.000000000000000000e+02 5.000000000000000000e+02 5.000000000000000000e+02 5.000000000000000000e+02 5.000000000000000000e+02 5.000000000000000000e+02 5.000000000000000000e+02 5.000000000000000000e+02
-9.085388024243940775e-10 1.174031192187499983e+04 8.677270455078125451e+03 1.440650556396484262e+03 1.508829650878906192e-01 7.169970703125000400e-01 -1.174682617187500049e-02 -3.145001220703125266e-02 5.524208984374999742e-01 1.174329178710937413e+04 1.034562366333007759e+02 1.442535833496093801e+03 1.084165954589843689e-01 4.831999511718749751e-01 -5.184246826171874656e-02 -3.833383789062499991e-01 1.792199707031250089e-02 2.484690040863499050e+01 9.162837047497005116e+00 8.908816812971306121e+00 3.102774281166471138e+00 2.595428556350268146e+00 4.579394473915407993e+00 3.882332633801253152e+00 4.582182191067312615e+00 2.502295261757486244e+01 8.315307186445931364e+00 9.274869227952425632e+00 3.089351384098172115e+00 2.502540149566043759e+00 4.844992297128212222e+00 3.868985744145732486e+00 4.481691616386385135e+00 5.000000000000000000e+02 5.000000000000000000e+02 5.000000000000000000e+02 5.000000000000000000e+02 5.000000000000000000e+02 5.000000000000000000e+02 5.000000000000000000e+02 5.000000000000000000e+02 5.000000000000000000e+02 5.000000000000000000e+02 5.000000000000000000e+02 5.000000000000000000e+02 5.000000000000000000e+02 5.000000000000000000e+02 5.000000000000000000e+02 5.000000000000000000e+02
-9.085138790140141670e-10 1.174421560156250052e+04 8.676446017578124156e+03 1.441373772949218846e+03 6.832855224609375028e-03 4.590327148437500226e-01 1.504133911132812529e-01 5.932836914062499661e-02 -4.246794433593750195e-01 1.173952753710937577e+04 1.028430734710693315e+02 1.443492367919921890e+03 3.692196655273437267e-02 5.173632202148437109e-01 1.165552978515625032e-01 7.572778320312499589e-02 -4.108984375000000050e-02 2.478978906435212437e+01 9.315517313824777546e+00 8.971686246412836852e+00 3.052252339645708190e+00 2.557960228589714280e+00 4.246527923726316267e+00 4.205452603033617898e+00 4.856220548019616778e+00 2.427998656639367070e+01 7.887929955831070039e+00 8.990258914196758155e+00 3.163733496227980169e+00 2.342784358057628857e+00 4.592149838588842847e+00 4.078461888404213198e+00 4.901632538126265537e+00 5.000000000000000000e+02 5.000000000000000000e+02 5.000000000000000000e+02 5.000000000000000000e+02 5.000000000000000000e+02 5.000000000000000000e+02 5.000000000000000000e+02 5.000000000000000000e+02 5.000000000000000000e+02 5.000000000000000000e+02 5.000000000000000000e+02 5.000000000000000000e+02 5.000000000000000000e+02 5.000000000000000000e+02 5.000000000000000000e+02 5.000000000000000000e+02
-9.084888288518146752e-10 1.174044000781249997e+04 8.677616738281249127e+03 1.441557959472656194e+03 1.044223937988281309e-01 4.258369750976562229e-01 1.570952148437499973e-01 1.286667480468750013e-01 -5.224536132812500344e-02 1.174205393359375012e+04 1.032670326690673761e+02 1.443677194824218759e+03 9.613858032226561823e-02 4.442266235351562398e-01 3.025448608398437766e-01 -1.310571289062499936e-02 -3.053428955078125173e-01 2.476166299123366343e+01 9.546506810277323396e+00 9.061197989849054224e+00 3.157002837955635410e+00 2.565948254570722842e+00 4.376608155061148864e+00 4.056341691042138820e+00 4.746226593558646734e+00 2.449004395282800317e+01 7.708147900005426045e+00 9.208758477507359430e+00 3.245412767607426918e+00 2.446485074898192558e+00 4.705032331952640590e+00 4.168190184628304706e+00 4.747524101426811249e+00 5.000000000000000000e+02 5.000000000000000000e+02 5.000000000000000000e+02 5.000000000000000000e+02 5.000000000000000000e+02 5.000000000000000000e+02 5.000000000000000000e+02 5.000000000000000000e+02 5.000000000000000000e+02 5.000000000000000000e+02 5.000000000000000000e+02 5.000000000000000000e+02 5.000000000000000000e+02 5.000000000000000000e+02 5.000000000000000000e+02 5.000000000000000000e+02
-9.084637786896155970e-10 1.173927610351562544e+04 8.677738636718750058e+03 1.440647968750000018e+03 2.436053161621093699e-01 5.800899047851562074e-01 2.585009765625000122e-02 -3.601995849609374717e-02 -7.573498535156250600e-02 1.174325050781249956e+04 1.038656243743896539e+02 1.442641418457031250e+03 1.157109985351562481e-01 3.506535644531250107e-01 -1.778890991210937411e-01 5.844446411132812047e-01 1.241791992187499943e-01 2.415092628623962412e+01 9.699992213467485414e+00 8.952771152785807374e+00 3.142919090011929928e+00 2.457991487756694404e+00 4.499667896521896360e+00 4.101685541927595047e+00 4.689483639118958713e+00 2.349964117396313412e+01 7.651734906831261007e+00 9.114469012802167924e+00 3.146755053614080921e+00 2.593632866109212287e+00 4.341311803001697278e+00 4.176856575253679260e+00 4.765165576170528716e+00 5.000000000000000000e+02 5.000000000000000000e+02 5.000000000000000000e+02 5.000000000000000000e+02 5.000000000000000000e+02 5.000000000000000000e+02 5.000000000000000000e+02 5.000000000000000000e+02 5.000000000000000000e+02 5.000000000000000000e+02 5.000000000000000000e+02 5.000000000000000000e+02 5.000000000000000000e+02 5.000000000000000000e+02 5.000000000000000000e+02 5.000000000000000000e+02
-9.084388686215324084e-10 1.174350353710937452e+04 8.676934175781250815e+03 1.442660761474609444e+03 1.039555358886718739e-01 4.636436157226562771e-01 2.090277099609375022e-01 -7.364147949218749489e-02 -7.197998046875000132e-03 1.173907716601562424e+04 1.033645305633544922e+02 1.444882227783203234e+03 2.442835998535156372e-01 4.198962402343749956e-01 -2.248919067382812442e-01 1.954840698242187591e-01 -1.665443115234374882e-01 2.403676475259613099e+01 9.277135756960401380e+00 8.724280641547732529e+00 3.069344650029569355e+00 2.687767252828614506e+00 4.401447154827940800e+00 4.013320463844259223e+00 4.575161906038934134e+00 2.444238206777160016e+01 8.072350979709394636e+00 8.967575202913421251e+00 3.119948210844389447e+00 2.533489545569224344e+00 4.753329402766949485e+00 4.139027729017879409e+00 4.521670985216477590e+00 5.000000000000000000e+02 5.000000000000000000e+02 5.000000000000000000e+02 5.000000000000000000e+02 5.000000000000000000e+02 5.000000000000000000e+02 5.000000000000000000e+02 5.000000000000000000e+02 5.000000000000000000e+02 5.000000000000000000e+02 5.000000000000000000e+02 5.000000000000000000e+02 5.000000000000000000e+02 5.000000000000000000e+02 5.000000000000000000e+02 5.000000000000000000e+02
-9.084138318016297419e-10 1.174007644335937584e+04 8.677195099609374665e+03 1.441988243408203061e+03 1.344958496093750025e-02 4.196522216796875204e-01 -7.957208251953125366e-02 1.401533203124999960e-01 1.735327148437499911e-01 1.174271644140624994e+04 1.028905797119140573e+02 1.443966672607421970e+03 3.778344726562499895e-02 5.802996826171874512e-01 9.924127197265625311e-02 -1.324768066406250069e-02 3.255301513671874925e-01 2.446975539200007077e+01 9.468186511629960833e+00 9.086510213153415449e+00 3.035018655568324508e+00 2.625802650998819043e+00 4.516003486228217234e+00 4.119684129717176901e+00 4.431064913931386684e+00 2.429681587180650837e+01 8.424871739207334898e+00 9.250476885959720619e+00 3.125192226238624471e+00 2.472257973376211115e+00 4.544163595622313423e+00 3.913130503413074113e+00 4.851389580969005522e+00 5.000000000000000000e+02 5.000000000000000000e+02 5.000000000000000000e+02 5.000000000000000000e+02 5.000000000000000000e+02 5.000000000000000000e+02 5.000000000000000000e+02 5.000000000000000000e+02 5.000000000000000000e+02 5.000000000000000000e+02 5.000000000000000000e+02 5.000000000000000000e+02 5.000000000000000000e+02 5.000000000000000000e+02 5.000000000000000000e+02 5.000000000000000000e+02
-9.083887883105789212e-10 1.173994300781250058e+04 8.676442097656250553e+03 1.442642134765625087e+03 5.891632080078124806e-02 6.346870727539062340e-01 -3.877450561523437256e-01 2.409857177734374967e-01 3.270538330078124889e-01 1.174312438281250070e+04 1.027393427734374995e+02 1.444786096679687489e+03 1.945442199707031194e-01 5.054069213867187216e-01 -2.016919555664062613e-01 1.029827270507812503e-01 -4.441113281249999822e-01 2.364056549138195962e+01 9.682549171959962564e+00 8.863690369022215521e+00 3.035291409005074215e+00 2.604384724567416765e+00 4.441941083501344423e+00 3.902811303130294451e+00 4.814727356652015011e+00 2.404108898077732448e+01 7.784016844577896777e+00 8.999509378299643814e+00 3.140013643088044315e+00 2.628014683216084446e+00 4.342163878188658899e+00 3.989621666581201875e+00 4.611205717964732997e+00 5.000000000000000000e+02 5.000000000000000000e+02 5.000000000000000000e+02 5.000000000000000000e+02 5.000000000000000000e+02 5.000000000000000000e+02 5.000000000000000000e+02 5.000000000000000000e+02 5.000000000000000000e+02 5.000000000000000000e+02 5.000000000000000000e+02 5.000000000000000000e+02 5.000000000000000000e+02 5.000000000000000000e+02 5.000000000000000000e+02 5.000000000000000000e+02
-9.083637848464183695e-10 1.174369480664062576e+04 8.675512787109375495e+03 1.442758706542968639e+03 7.971862792968749389e-03 4.747366943359375147e-01 2.123750000000000082e-01 -7.578302001953124423e-02 1.206103515624999956e-01 1.173947234765625035e+04 1.021438447570800747e+02 1.445072730712890689e+03 4.219467163085937472e-02 6.059632568359375471e-01 2.124279174804687420e-01 1.427023925781250036e-01 1.364328613281249880e-01 2.452050756727378555e+01 1.009067978297574086e+01 9.061367115946268314e+00 3.079314259784771579e+00 2.507937762308474205e+00 4.227003273427301089e+00 3.919270543135811469e+00 4.767412532598890529e+00 2.533312048635514913e+01 7.686357290552905397e+00 8.996725728307742642e+00 3.163670247075118791e+00 2.644964469689080389e+00 4.273139219396024480e+00 3.965673842756703760e+00 4.854958398183591761e+00 5.000000000000000000e+02 5.000000000000000000e+02 5.000000000000000000e+02 5.000000000000000000e+02 5.000000000000000000e+02 5.000000000000000000e+02 5.000000000000000000e+02 5.000000000000000000e+02 5.000000000000000000e+02 5.000000000000000000e+02 5.000000000000000000e+02 5.000000000000000000e+02 5.000000000000000000e+02 5.000000000000000000e+02 5.000000000000000000e+02 5.000000000000000000e+02
-9.083387079996255374e-10 1.174225274804687433e+04 8.676322068359375407e+03 1.441740271728515609e+03 7.496664428710937689e-02 5.459904174804687260e-01 -1.283491821289062529e-01 5.253369140624999933e-02 6.553405761718750222e-02 1.174184806835937525e+04 1.022281182861328119e+02 1.443897276611328152e+03 1.759384460449218701e-01 6.730635986328125098e-01 -1.380021362304687527e-01 1.915679931640625056e-02 4.083996582031250155e-01 2.451488692119263035e+01 9.373834787268206625e+00 9.035330546207690716e+00 3.187876257750614339e+00 2.495840594900674780e+00 4.544657657689556096e+00 3.954865366009819194e+00 4.536116343495599779e+00 2.450108035823365782e+01 7.748328799512517406e+00 9.383498625372720170e+00 3.139369449429446846e+00 2.608844251001331660e+00 4.696585822917303865e+00 4.063734914028096945e+00 5.029181912647676000e+00 5.000000000000000000e+02 5.000000000000000000e+02 5.000000000000000000e+02 5.000000000000000000e+02 5.000000000000000000e+02 5.000000000000000000e+02 5.000000000000000000e+02 5.000000000000000000e+02 5.000000000000000000e+02 5.000000000000000000e+02 5.000000000000000000e+02 5.000000000000000000e+02 5.000000000000000000e+02 5.000000000000000000e+02 5.000000000000000000e+02 5.000000000000000000e+02
-9.083137112066133466e-10 1.173923685742187445e+04 8.676625650390624287e+03 1.442012146972656183e+03 9.881637573242187111e-02 5.847163696289062740e-01 -3.051599121093749936e-02 1.135272827148437469e-01 1.507769775390624956e-01 1.174376017968750057e+04 1.027300202484130836e+02 1.443821366210937413e+03 -7.252767944335937467e-02 5.975440673828125160e-01 1.005868530273437561e-01 1.382079467773437431e-01 3.329882812499999900e-02 2.458675090182447676e+01 9.274125403451439098e+00 9.136899891442705979e+00 3.102945898700241401e+00 2.638274732593428595e+00 4.519654214720735474e+00 3.921494163494478880e+00 4.414887638048183405e+00 2.531618909440623710e+01 8.166050280976211440e+00 9.481984903757549432e+00 3.147644207770669222e+00 2.500278018712399408e+00 4.493543352205414010e+00 3.971271545673436432e+00 4.875721535379424765e+00 5.000000000000000000e+02 5.000000000000000000e+02 5.000000000000000000e+02 5.000000000000000000e+02 5.000000000000000000e+02 5.000000000000000000e+02 5.000000000000000000e+02 5.000000000000000000e+02 5.000000000000000000e+02 5.000000000000000000e+02 5.000000000000000000e+02 5.000000000000000000e+02 5.000000000000000000e+02 5.000000000000000000e+02 5.000000000000000000e+02 5.000000000000000000e+02
-9.082888278231237051e-10 1.174259102148437523e+04 8.676610427734374753e+03 1.442216364501953194e+03 2.291780700683593852e-01 5.835994262695312074e-01 2.155983886718750020e-01 -3.505364379882812687e-01 2.855104980468750053e-01 1.174077383007812568e+04 1.035017960815429632e+02 1.444026153808593790e+03 1.826336364746093677e-01 5.140161132812499645e-01 2.655413818359375067e-01 -2.011386108398437456e-01 1.077423095703125000e-01 2.434811572003577496e+01 9.278924450037560945e+00 9.099277632450855080e+00 3.254085124372028570e+00 2.621836850241461292e+00 4.627055237445429903e+00 4.000946086338135643e+00 4.928685952396143044e+00 2.355524340691464502e+01 8.071380576753677261e+00 9.210777909547655184e+00 3.004401441096052228e+00 2.382191970418288562e+00 4.542450093085513174e+00 4.036787017355877971e+00 4.323970686962180565e+00 5.000000000000000000e+02 5.000000000000000000e+02 5.000000000000000000e+02 5.000000000000000000e+02 5.000000000000000000e+02 5.000000000000000000e+02 5.000000000000000000e+02 5.000000000000000000e+02 5.000000000000000000e+02 5.000000000000000000e+02 5.000000000000000000e+02 5.000000000000000000e+02 5.000000000000000000e+02 5.000000000000000000e+02 5.000000000000000000e+02 5.000000000000000000e+02
-9.082637976743696063e-10 1.174276654492187481e+04 8.677066595703125131e+03 1.442269026367187507e+03 1.922210693359375014e-02 5.180638427734375329e-01 -1.327478637695312380e-01 3.501214599609375061e-02 -1.990557861328124956e-01 1.174038702734374965e+04 1.031521183776855537e+02 1.444346437255859428e+03 1.160169372558593759e-01 4.924660644531250187e-01 -1.721495361328125029e-01 1.201163330078125063e-01 -2.037683105468749978e-01 2.405085080556419541e+01 9.307065772705501061e+00 9.036023694742819856e+00 2.992019314550991460e+00 2.507686662487923712e+00 4.392668168474840762e+00 4.197828388607694805e+00 5.094657047542981765e+00 2.433928858661907668e+01 7.902090598711719593e+00 9.075003199657061259e+00 3.084359282006637226e+00 2.381025346458255143e+00 4.477627690479963896e+00 4.195899385371635759e+00 4.522327834618710796e+00 5.000000000000000000e+02 5.000000000000000000e+02 5.000000000000000000e+02 5.000000000000000000e+02 5.000000000000000000e+02 5.000000000000000000e+02 5.000000000000000000e+02 5.000000000000000000e+02 5.000000000000000000e+02 5.000000000000000000e+02 5.000000000000000000e+02 5.000000000000000000e+02 5.000000000000000000e+02 5.000000000000000000e+02 5.000000000000000000e+02 5.000000000000000000e+02
-9.082388275659509626e-10 1.173900795898437536e+04 8.678349414062500728e+03 1.443314288330078170e+03 1.928775634765625135e-01 5.654091796875000409e-01 -2.205718994140624944e-01 -2.447991943359375047e-02 6.834570312500000411e-02 1.174369823828124936e+04 1.039199509582519596e+02 1.444921875000000000e+03 -9.117034912109375430e-03 5.376698608398438051e-01 1.644302978515624902e-01 -1.732379760742187580e-01 -2.387984619140625098e-01 2.493022779845516368e+01 9.557971105477202300e+00 8.877497893840084586e+00 3.128400653629998640e+00 2.628193302441429680e+00 4.222095482272278488e+00 3.995907623592052094e+00 4.829997092978258522e+00 2.415609844354624158e+01 7.722571644575131344e+00 8.925151255749073087e+00 3.080190370442581038e+00 2.514841396756426484e+00 4.526269134483001721e+00 4.139314851041596910e+00 4.640741140248607621e+00 5.000000000000000000e+02 5.000000000000000000e+02 5.000000000000000000e+02 5.000000000000000000e+02 5.000000000000000000e+02 5.000000000000000000e+02 5.000000000000000000e+02 5.000000000000000000e+02 5.000000000000000000e+02 5.000000000000000000e+02 5.000000000000000000e+02 5.000000000000000000e+02 5.000000000000000000e+02 5.000000000000000000e+02 5.000000000000000000e+02 5.000000000000000000e+02
-9.082137440480095628e-10 1.174225892773437590e+04 8.677331574218749665e+03 1.443312698486328145e+03 5.788290405273437828e-02 4.182203979492187251e-01 -1.103560180664062557e-01 1.278075561523437376e-01 3.049891357421875004e-01 1.174147225390624953e+04 1.041531592254638667e+02 1.445021516113281223e+03 1.659163208007812529e-01 3.174099731445312322e-01 -3.828735351562499722e-02 1.755718994140624892e-02 7.867810058593749378e-02 2.489356133793600279e+01 9.717829243454565002e+00 9.058309361244852198e+00 3.182719992217198701e+00 2.509553836842479235e+00 4.494674064147955228e+00 4.028164455091900464e+00 4.613167485037835469e+00 2.389306386866530474e+01 7.625344719633311286e+00 9.147126701399301396e+00 3.045666234770788794e+00 2.501455198224672216e+00 4.556783159297865815e+00 4.265028521158321873e+00 4.764840755364038394e+00 5.000000000000000000e+02 5.000000000000000000e+02 5.000000000000000000e+02 5.000000000000000000e+02 5.000000000000000000e+02 5.000000000000000000e+02 5.000000000000000000e+02 5.000000000000000000e+02 5.000000000000000000e+02 5.000000000000000000e+02 5.000000000000000000e+02 5.000000000000000000e+02 5.000000000000000000e+02 5.000000000000000000e+02 5.000000000000000000e+02 5.000000000000000000e+02
-9.081889473894491303e-10 1.174269865039062461e+04 8.677749759765625640e+03 1.442493583496093834e+03 1.286392211914062500e-01 4.049055786132812473e-01 -5.216279907226561985e-01 4.203752441406249929e-01 -1.142879638671874948e-01 1.174028926171874991e+04 1.038885224456787171e+02 1.444451018554687607e+03 9.517785644531250033e-02 6.347398681640624707e-01 -5.353125000000000244e-02 1.709214477539062471e-01 3.028463134765624898e-01 2.442375848235297298e+01 9.962507830487934868e+00 9.201367716462732105e+00 3.100087019822266754e+00 2.211954245226139815e+00 4.454213085696558494e+00 4.019880814036701722e+00 4.980880326869518093e+00 2.420756821124484759e+01 7.718907067969992930e+00 9.038380449712052567e+00 3.187882181732420772e+00 2.709140044106423062e+00 4.432914221326398341e+00 4.059622731167181087e+00 4.746102194122542528e+00 5.000000000000000000e+02 5.000000000000000000e+02 5.000000000000000000e+02 5.000000000000000000e+02 5.000000000000000000e+02 5.000000000000000000e+02 5.000000000000000000e+02 5.000000000000000000e+02 5.000000000000000000e+02 5.000000000000000000e+02 5.000000000000000000e+02 5.000000000000000000e+02 5.000000000000000000e+02 5.000000000000000000e+02 5.000000000000000000e+02 5.000000000000000000e+02
-9.081636837505013652e-10 1.173833818945312487e+04 8.677171443359375189e+03 1.440884091796875055e+03 9.132766723632812500e-02 5.414801025390625355e-01 4.417380981445312438e-01 -3.382025146484374939e-02 1.165228271484374939e-01 1.174326884570312541e+04 1.036613225097656255e+02 1.442686144042968863e+03 2.575024414062499975e-02 2.037770996093750120e-01 -1.938848876953125008e-02 8.070855712890624700e-02 -1.065463867187499969e-01 2.535537232048262624e+01 9.769441090463830690e+00 9.252178458452487320e+00 3.107612766974230833e+00 2.232496246756856539e+00 4.671723810377147679e+00 4.223648634970770921e+00 4.588723460838874502e+00 2.402160778000138563e+01 7.824107846623222784e+00 9.444637343768508941e+00 3.097406487453614687e+00 2.666429763157930566e+00 4.455188946126412475e+00 4.292315296639072741e+00 4.757735271825251466e+00 5.000000000000000000e+02 5.000000000000000000e+02 5.000000000000000000e+02 5.000000000000000000e+02 5.000000000000000000e+02 5.000000000000000000e+02 5.000000000000000000e+02 5.000000000000000000e+02 5.000000000000000000e+02 5.000000000000000000e+02 5.000000000000000000e+02 5.000000000000000000e+02 5.000000000000000000e+02 5.000000000000000000e+02 5.000000000000000000e+02 5.000000000000000000e+02
-9.081387603401216615e-10 1.174290707226562517e+04 8.675888857421874491e+03 1.441194130126953041e+03 1.099438781738281273e-01 6.620038452148437891e-01 1.803056030273437471e-01 -2.299690551757812562e-01 -1.508754882812499976e-01 1.173943078320312452e+04 1.025859388122558613e+02 1.442844988281249925e+03 4.689440917968749900e-02 6.651535034179687500e-01 1.702539062500000103e-02 -1.185695800781250003e-01 -1.015441894531250028e-02 2.416600124200981270e+01 9.279460452704990203e+00 8.793297483398658798e+00 3.056182527160185902e+00 2.506766115318925348e+00 4.414376795008733367e+00 3.885422914443880771e+00 4.720490446185756639e+00 2.430528293817526730e+01 7.976691019238177915e+00 8.911913108397808259e+00 2.985211966001297235e+00 2.522181480760032457e+00 4.613754146894996744e+00 4.233891992243988156e+00 4.746013168640313751e+00 5.000000000000000000e+02 5.000000000000000000e+02 5.000000000000000000e+02 5.000000000000000000e+02 5.000000000000000000e+02 5.000000000000000000e+02 5.000000000000000000e+02 5.000000000000000000e+02 5.000000000000000000e+02 5.000000000000000000e+02 5.000000000000000000e+02 5.000000000000000000e+02 5.000000000000000000e+02 5.000000000000000000e+02 5.000000000000000000e+02 5.000000000000000000e+02
-9.081139703527093831e-10 1.174166629101562467e+04 8.676839740234374403e+03 1.441235010498046904e+03 5.564965820312500061e-02 4.398233642578124880e-01 -7.509747314453124600e-02 3.749957275390625178e-02 5.001159667968749917e-02 1.174094226367187548e+04 1.032243429565429693e+02 1.442770301269531274e+03 2.947250366210937486e-02 4.490797119140624849e-01 3.372440795898437593e-01 -1.956756591796875167e-02 -4.230560302734375222e-01 2.454098110041118375e+01 9.249284600031353776e+00 9.293446664980724137e+00 3.091476569548041287e+00 2.483634643022019528e+00 4.545117279213497952e+00 3.928189954099295722e+00 4.876802716640237456e+00 2.403685961649641456e+01 7.825530653765691014e+00 9.455429542052627312e+00 3.115654822955262304e+00 2.393964431192369791e+00 4.595649762463868804e+00 4.155160038958864099e+00 4.545718230231782009e+00 5.000000000000000000e+02 5.000000000000000000e+02 5.000000000000000000e+02 5.000000000000000000e+02 5.000000000000000000e+02 5.000000000000000000e+02 5.000000000000000000e+02 5.000000000000000000e+02 5.000000000000000000e+02 5.000000000000000000e+02 5.000000000000000000e+02 5.000000000000000000e+02 5.000000000000000000e+02 5.000000000000000000e+02 5.000000000000000000e+02 5.000000000000000000e+02
-9.080893204594134079e-10 1.173964076953125004e+04 8.676755736328124840e+03 1.441709721191406288e+03 2.780017089843750053e-02 5.461966552734375258e-01 -3.270513916015625050e-02 -7.133306884765625022e-02 -7.266613769531249378e-02 1.174244825781250074e+04 1.030168245849609434e+02 1.443493717041015543e+03 -3.520565795898437239e-02 4.877339477539062718e-01 3.085089721679687425e-01 1.223776855468750036e-01 -3.877807617187499934e-03 2.355773919661261218e+01 9.354630861717737389e+00 8.812462884705338340e+00 3.121701494771272234e+00 2.648711799772664133e+00 4.329051557006502904e+00 4.333816546487743615e+00 4.634609425345313838e+00 2.403286960813508699e+01 8.137610362241691320e+00 9.036525726863150254e+00 3.187344506498815733e+00 2.579684873120095201e+00 4.445553049584640704e+00 4.047310085996659978e+00 4.838552319086340425e+00 5.000000000000000000e+02 5.000000000000000000e+02 5.000000000000000000e+02 5.000000000000000000e+02 5.000000000000000000e+02 5.000000000000000000e+02 5.000000000000000000e+02 5.000000000000000000e+02 5.000000000000000000e+02 5.000000000000000000e+02 5.000000000000000000e+02 5.000000000000000000e+02 5.000000000000000000e+02 5.000000000000000000e+02 5.000000000000000000e+02 5.000000000000000000e+02
-9.080638366725686983e-10 1.174443774609375032e+04 8.676394277343750218e+03 1.441867187255859335e+03 3.021972656250000028e-03 3.973364257812500022e-01 -6.989697265625000044e-02 1.644362792968749876e-01 -1.463659667968749967e-01 1.173945387890624988e+04 1.029410243225097616e+02 1.443635012207031195e+03 1.281725769042968699e-01 5.152100219726561958e-01 -1.010784301757812476e-01 1.186300048828125009e-01 -4.244547119140624769e-01 2.472782924021584350e+01 9.480589184519560675e+00 9.055714670621336282e+00 3.002606147629534039e+00 2.231068403661702781e+00 4.716814680638137247e+00 3.947814747082682096e+00 4.656140295019778108e+00 2.470108902024724529e+01 7.434932558707986416e+00 8.936133180274064003e+00 3.045815748882081841e+00 2.735372741366023597e+00 4.682826275230370427e+00 3.876959804437896562e+00 4.991502385838165523e+00 5.000000000000000000e+02 5.000000000000000000e+02 5.000000000000000000e+02 5.000000000000000000e+02 5.000000000000000000e+02 5.000000000000000000e+02 5.000000000000000000e+02 5.000000000000000000e+02 5.000000000000000000e+02 5.000000000000000000e+02 5.000000000000000000e+02 5.000000000000000000e+02 5.000000000000000000e+02 5.000000000000000000e+02 5.000000000000000000e+02 5.000000000000000000e+02
-9.080387331411824226e-10 1.174221795898437449e+04 8.675876636718750888e+03 1.442941372070312582e+03 5.451074218750000255e-02 5.655358276367187242e-01 -3.050468139648437327e-01 -3.028196411132812460e-01 9.878967285156249611e-02 1.174258246875000077e+04 1.015946080627441432e+02 1.444415124023437556e+03 1.385939941406250098e-01 4.649530639648437602e-01 5.561102294921874828e-02 -2.656248168945312682e-01 1.112338867187499941e-01 2.405741595345635986e+01 9.616924608073706082e+00 8.879612697527228704e+00 3.228335739798620541e+00 2.511270294429488459e+00 4.505678654045936149e+00 4.054741505158422576e+00 4.436128304724513249e+00 2.476242451623633301e+01 7.948415022155096210e+00 8.873011941473308184e+00 3.054919772745132267e+00 2.790400362863833639e+00 4.303954014968953246e+00 4.241788523467349137e+00 4.798876547344404386e+00 5.000000000000000000e+02 5.000000000000000000e+02 5.000000000000000000e+02 5.000000000000000000e+02 5.000000000000000000e+02 5.000000000000000000e+02 5.000000000000000000e+02 5.000000000000000000e+02 5.000000000000000000e+02 5.000000000000000000e+02 5.000000000000000000e+02 5.000000000000000000e+02 5.000000000000000000e+02 5.000000000000000000e+02 5.000000000000000000e+02 5.000000000000000000e+02
-9.080138364153959558e-10 1.173906342382812545e+04 8.676064867187500568e+03 1.443478268798828140e+03 6.687243652343749512e-02 4.652023315429687500e-01 -3.064331054687500222e-01 3.741882324218750132e-03 -1.585894775390624956e-01 1.174367983593750068e+04 1.019521590881347635e+02 1.445391750488281332e+03 1.222164916992187489e-01 5.685200195312499760e-01 -1.001542358398437443e-01 2.988330078125000025e-02 -2.964665527343749996e-01 2.444597191499436661e+01 9.556517900074831928e+00 8.997474019540863566e+00 3.086607512979031132e+00 2.550840784935586303e+00 4.729742707686661163e+00 4.204259687831047643e+00 5.005532974326023066e+00 2.472767194007039748e+01 8.277788762177671344e+00 8.987030000029465171e+00 3.113073833530312751e+00 2.478654657059333299e+00 4.616974483952579256e+00 4.243078288085721184e+00 4.659682781798794693e+00 5.000000000000000000e+02 5.000000000000000000e+02 5.000000000000000000e+02 5.000000000000000000e+02 5.000000000000000000e+02 5.000000000000000000e+02 5.000000000000000000e+02 5.000000000000000000e+02 5.000000000000000000e+02 5.000000000000000000e+02 5.000000000000000000e+02 5.000000000000000000e+02 5.000000000000000000e+02 5.000000000000000000e+02 5.000000000000000000e+02 5.000000000000000000e+02
-9.079890797837256888e-10 1.174234157226562456e+04 8.675853050781250204e+03 1.444104127441406263e+03 1.828889160156250138e-01 4.466990966796874907e-01 2.566826171875000173e-01 -2.069282836914062562e-01 -3.030932617187500136e-02 1.174138898828124911e+04 1.024400123596191463e+02 1.445775411621093781e+03 1.847113647460937591e-01 4.700398559570312385e-01 3.145832519531249760e-01 -6.412274169921874933e-02 -2.153259277343750125e-02 2.419855513470340824e+01 9.636686497327870526e+00 8.717278104893335211e+00 2.980323938678488105e+00 2.655494018073141227e+00 4.484271644781835597e+00 3.820664819927945821e+00 4.428664590135146462e+00 2.443450896581008536e+01 7.748647224401110201e+00 8.943649597992619604e+00 3.031366786549730907e+00 2.498449380250125085e+00 4.302209033824013318e+00 4.183171057551451355e+00 4.758615884305844368e+00 5.000000000000000000e+02 5.000000000000000000e+02 5.000000000000000000e+02 5.000000000000000000e+02 5.000000000000000000e+02 5.000000000000000000e+02 5.000000000000000000e+02 5.000000000000000000e+02 5.000000000000000000e+02 5.000000000000000000e+02 5.000000000000000000e+02 5.000000000000000000e+02 5.000000000000000000e+02 5.000000000000000000e+02 5.000000000000000000e+02 5.000000000000000000e+02
-9.079638695139652247e-10 1.174291420117187590e+04 8.675653136718750829e+03 1.443596648681640545e+03 7.385015869140625078e-02 4.220166015624999822e-01 4.680664062500000146e-03 5.454449462890625239e-02 1.600788574218749982e-01 1.174093648828124969e+04 1.017526488494873007e+02 1.445335109863281332e+03 6.350585937500000111e-02 6.915822143554687385e-01 3.384967651367187247e-01 1.272414550781250098e-01 2.050308837890625069e-01 2.429107487177081737e+01 9.663949774694502892e+00 8.635696319663153986e+00 3.179630272424839088e+00 2.510388735185733466e+00 4.598984229945277669e+00 3.892319798366874917e+00 4.783274055078169162e+00 2.435083027465362804e+01 7.867085870401547609e+00 8.970313023688282428e+00 3.042951072101238719e+00 2.732404275443345743e+00 4.475574920526179667e+00 4.140351931345928271e+00 4.516439381734643099e+00 5.000000000000000000e+02 5.000000000000000000e+02 5.000000000000000000e+02 5.000000000000000000e+02 5.000000000000000000e+02 5.000000000000000000e+02 5.000000000000000000e+02 5.000000000000000000e+02 5.000000000000000000e+02 5.000000000000000000e+02 5.000000000000000000e+02 5.000000000000000000e+02 5.000000000000000000e+02 5.000000000000000000e+02 5.000000000000000000e+02 5.000000000000000000e+02
-9.079387993383207536e-10 1.173942969726562478e+04 8.676494455078125611e+03 1.443288939208984402e+03 1.662222900390624980e-01 5.526658325195312749e-01 8.103601074218749756e-02 -2.778220825195312771e-01 -3.058544921874999933e-01 1.174362660351562590e+04 1.021539225006103493e+02 1.444986256103515643e+03 9.041137695312499722e-02 4.810700683593749916e-01 2.067836303710937629e-01 1.970358886718749925e-01 3.574339599609375195e-01 2.394163010319943652e+01 9.104172335211011102e+00 9.092515738484086896e+00 3.084846608655225531e+00 2.590569172235340112e+00 4.637374383311377635e+00 4.007437269630395704e+00 4.744905261663466156e+00 2.335034411104989616e+01 8.410629871490710840e+00 9.153414379628266317e+00 3.295277764208290439e+00 2.431635950858512807e+00 4.653247605640306261e+00 3.909944377558693507e+00 4.572165820404452852e+00 5.000000000000000000e+02 5.000000000000000000e+02 5.000000000000000000e+02 5.000000000000000000e+02 5.000000000000000000e+02 5.000000000000000000e+02 5.000000000000000000e+02 5.000000000000000000e+02 5.000000000000000000e+02 5.000000000000000000e+02 5.000000000000000000e+02 5.000000000000000000e+02 5.000000000000000000e+02 5.000000000000000000e+02 5.000000000000000000e+02 5.000000000000000000e+02
-9.079138625856440179e-10 1.174276798632812461e+04 8.676013486328125509e+03 1.442563967529296860e+03 1.552890319824218879e-01 6.811473388671874796e-01 2.193911743164062567e-01 4.241857910156249939e-02 -2.880886230468749920e-01 1.174020891015625057e+04 1.025714856414794980e+02 1.444263955810546804e+03 3.785549926757812711e-02 6.823667602539063015e-01 -6.325380249023437873e-01 2.176588134765624905e-01 4.704643554687499840e-01 2.473419109308935759e+01 9.465557831363122787e+00 9.208203023051565239e+00 3.242648964592997007e+00 2.663635229038402219e+00 4.683505233415166558e+00 3.945039804365216618e+00 4.645250662496503757e+00 2.508307715982816788e+01 7.581753839222059810e+00 9.027453379141348933e+00 3.090260789887835813e+00 2.480281215905973280e+00 4.283208033715227181e+00 4.062334000246399235e+00 4.286003481784439906e+00 5.000000000000000000e+02 5.000000000000000000e+02 5.000000000000000000e+02 5.000000000000000000e+02 5.000000000000000000e+02 5.000000000000000000e+02 5.000000000000000000e+02 5.000000000000000000e+02 5.000000000000000000e+02 5.000000000000000000e+02 5.000000000000000000e+02 5.000000000000000000e+02 5.000000000000000000e+02 5.000000000000000000e+02 5.000000000000000000e+02 5.000000000000000000e+02
-9.078890525847868635e-10 1.174281443554687576e+04 8.677022837890624942e+03 1.441998519531249940e+03 8.510006713867188100e-02 4.662407226562499951e-01 -1.734722900390624906e-02 7.228002929687500633e-02 -2.816989746093749858e-01 1.174044902929687487e+04 1.032942817230224648e+02 1.443822359374999905e+03 9.971893310546875444e-03 5.036969604492187447e-01 -6.286987304687499667e-02 -2.625750732421874845e-02 -2.552343750000000133e-01 2.372278991916185475e+01 9.683168051032060575e+00 9.072800448279950913e+00 3.190504020156168963e+00 2.398355586476202284e+00 4.645470304213178636e+00 3.969152396580097886e+00 4.574609916181950453e+00 2.400853601196301668e+01 7.649603604390578404e+00 9.215644573947429308e+00 3.136569196595627051e+00 2.784701687063322773e+00 4.458414659012887249e+00 4.130319439924220681e+00 4.803108315323446398e+00 5.000000000000000000e+02 5.000000000000000000e+02 5.000000000000000000e+02 5.000000000000000000e+02 5.000000000000000000e+02 5.000000000000000000e+02 5.000000000000000000e+02 5.000000000000000000e+02 5.000000000000000000e+02 5.000000000000000000e+02 5.000000000000000000e+02 5.000000000000000000e+02 5.000000000000000000e+02 5.000000000000000000e+02 5.000000000000000000e+02 5.000000000000000000e+02
-9.078640024225873717e-10 1.173911271484374993e+04 8.676485828124999898e+03 1.442720976074218697e+03 1.139003906250000003e-01 6.100658569335937198e-01 1.446336669921874929e-01 3.692338867187500151e-01 2.969552001953125187e-01 1.174367744140624927e+04 1.023780324859619100e+02 1.443957134033203147e+03 1.442184448242187465e-02 4.472633666992187340e-01 3.940244140624999947e-01 9.757849121093750688e-02 -1.065673828125000052e-03 2.473927399074264599e+01 9.116210155510140467e+00 9.377695252983913932e+00 3.117361130544320513e+00 2.781521779226478142e+00 4.575328485057602812e+00 4.018963096241261468e+00 4.731002249539278282e+00 2.387636877508203881e+01 7.980974312948845295e+00 9.443129180258846844e+00 3.108156965733249510e+00 2.513913368958066830e+00 4.364285605583280159e+00 4.085964945354938926e+00 4.812004011632592615e+00 5.000000000000000000e+02 5.000000000000000000e+02 5.000000000000000000e+02 5.000000000000000000e+02 5.000000000000000000e+02 5.000000000000000000e+02 5.000000000000000000e+02 5.000000000000000000e+02 5.000000000000000000e+02 5.000000000000000000e+02 5.000000000000000000e+02 5.000000000000000000e+02 5.000000000000000000e+02 5.000000000000000000e+02 5.000000000000000000e+02 5.000000000000000000e+02
-9.078387454547881743e-10 1.174228814648437583e+04 8.675904078125000524e+03 1.441812417236328201e+03 -6.114978027343750261e-02 5.125869750976562722e-01 1.731690673828125138e-01 1.733894042968749938e-01 2.263890380859374940e-01 1.174066196484374996e+04 1.024148735046386776e+02 1.443320063720703047e+03 1.321682739257812496e-02 5.564331054687500222e-01 2.472359008789062618e-01 1.308276977539062635e-01 2.755444335937500266e-01 2.466981089767598334e+01 9.567782331846984789e+00 9.574981426326763412e+00 3.153296682943892648e+00 2.667609093982405533e+00 4.303870499009034845e+00 4.222670580302656518e+00 4.928114864048152022e+00 2.410184074087613482e+01 8.218517176859771567e+00 9.677508125554100005e+00 2.977214309710223272e+00 2.383815683817883002e+00 4.488529805099696901e+00 3.845268401191909824e+00 4.808664067868112291e+00 5.000000000000000000e+02 5.000000000000000000e+02 5.000000000000000000e+02 5.000000000000000000e+02 5.000000000000000000e+02 5.000000000000000000e+02 5.000000000000000000e+02 5.000000000000000000e+02 5.000000000000000000e+02 5.000000000000000000e+02 5.000000000000000000e+02 5.000000000000000000e+02 5.000000000000000000e+02 5.000000000000000000e+02 5.000000000000000000e+02 5.000000000000000000e+02
-9.078140021654146292e-10 1.174293434374999924e+04 8.676559185546875597e+03 1.443116686767578130e+03 2.382211303710937353e-02 6.708704223632812047e-01 1.986370849609375017e-02 -1.297149047851562376e-01 -5.175671386718749822e-02 1.174086277929687458e+04 1.023215428009033161e+02 1.444749427490234439e+03 5.054977416992187389e-02 4.846533813476562313e-01 3.406896972656250216e-02 -8.747241210937499456e-02 2.062292480468750147e-02 2.478482457526119376e+01 1.005424790897144582e+01 9.194831200768936341e+00 3.022667229266992717e+00 2.427493475100553244e+00 4.683728310083241198e+00 4.168333383066832099e+00 4.942844489251505991e+00 2.471203063005465950e+01 7.638873925947688548e+00 9.135441728463765898e+00 3.059791674190819766e+00 2.602134256922534306e+00 4.310687764510018560e+00 4.021899400229907329e+00 4.803459448492884754e+00 5.000000000000000000e+02 5.000000000000000000e+02 5.000000000000000000e+02 5.000000000000000000e+02 5.000000000000000000e+02 5.000000000000000000e+02 5.000000000000000000e+02 5.000000000000000000e+02 5.000000000000000000e+02 5.000000000000000000e+02 5.000000000000000000e+02 5.000000000000000000e+02 5.000000000000000000e+02 5.000000000000000000e+02 5.000000000000000000e+02 5.000000000000000000e+02
-9.077888052379508869e-10 1.173913216601562453e+04 8.676384154296874840e+03 1.442541641357421895e+03 3.940545654296875172e-02 3.797872314453125120e-01 1.636257324218750031e-01 2.764416503906250155e-02 2.933334960937499791e-01 1.174476692382812507e+04 1.020184899597168027e+02 1.443967517089843795e+03 1.542947082519531277e-01 5.911369018554687438e-01 -2.515742187500000226e-01 -2.499475097656250061e-02 9.444702148437499403e-03 2.433587651014213549e+01 9.525490493867190267e+00 8.929144961203379083e+00 3.126740850644603498e+00 2.428346903978098936e+00 4.368382721840709415e+00 4.040559744762919792e+00 4.601038152241192059e+00 2.434733363106951032e+01 7.871084418437352070e+00 9.042718117457646088e+00 3.061525164583540626e+00 2.654483454200296411e+00 4.708267985956682722e+00 4.138487428399395540e+00 4.907175372252207346e+00 5.000000000000000000e+02 5.000000000000000000e+02 5.000000000000000000e+02 5.000000000000000000e+02 5.000000000000000000e+02 5.000000000000000000e+02 5.000000000000000000e+02 5.000000000000000000e+02 5.000000000000000000e+02 5.000000000000000000e+02 5.000000000000000000e+02 5.000000000000000000e+02 5.000000000000000000e+02 5.000000000000000000e+02 5.000000000000000000e+02 5.000000000000000000e+02
-9.077640419351322590e-10 1.174277102539062435e+04 8.675301066406249447e+03 1.443231078613281170e+03 1.401607360839843830e-01 5.962534179687499769e-01 3.613543701171875039e-02 1.365971679687499885e-01 1.874774169921875067e-01 1.173923137695312471e+04 1.018357143554687525e+02 1.444802855712890732e+03 1.700559997558593883e-01 4.368137817382812260e-01 -1.316085815429687556e-01 4.083911132812499678e-02 4.034570312499999867e-01 2.432310175690329146e+01 9.235577184133518358e+00 9.398713421586784023e+00 3.174529841832184562e+00 2.770676418241036831e+00 4.716651437782980238e+00 4.220341284770478651e+00 4.797702863521882577e+00 2.437778124424919213e+01 8.370411951328859956e+00 9.434767654919994584e+00 3.002054185742137005e+00 2.406819545386546189e+00 4.688570521536050251e+00 4.163550096523757738e+00 4.613247271952230832e+00 5.000000000000000000e+02 5.000000000000000000e+02 5.000000000000000000e+02 5.000000000000000000e+02 5.000000000000000000e+02 5.000000000000000000e+02 5.000000000000000000e+02 5.000000000000000000e+02 5.000000000000000000e+02 5.000000000000000000e+02 5.000000000000000000e+02 5.000000000000000000e+02 5.000000000000000000e+02 5.000000000000000000e+02 5.000000000000000000e+02 5.000000000000000000e+02
-9.077389250614489512e-10 1.174209369140624949e+04 8.675854068359374651e+03 1.444196333251953092e+03 1.018332519531249952e-01 5.735038452148437660e-01 2.252504882812499942e-01 -1.827597656249999869e-01 -2.887008056640624765e-01 1.174093594335937451e+04 1.021680246124267626e+02 1.445693376953124925e+03 4.793301391601562794e-02 4.921461791992187695e-01 3.793023681640624728e-02 5.985284423828125117e-02 2.175989990234374893e-01 2.467923653414813145e+01 9.250987567745839968e+00 8.788659564608568786e+00 3.065078312274955419e+00 2.479896743207659959e+00 4.373654625764602066e+00 4.144524930273726149e+00 4.861907030023395748e+00 2.424307093860286599e+01 7.580901946378521217e+00 8.764336530525831392e+00 3.042621398144178535e+00 2.660298817841186381e+00 4.634523806618911834e+00 4.162960502776335225e+00 4.648946388711736155e+00 5.000000000000000000e+02 5.000000000000000000e+02 5.000000000000000000e+02 5.000000000000000000e+02 5.000000000000000000e+02 5.000000000000000000e+02 5.000000000000000000e+02 5.000000000000000000e+02 5.000000000000000000e+02 5.000000000000000000e+02 5.000000000000000000e+02 5.000000000000000000e+02 5.000000000000000000e+02 5.000000000000000000e+02 5.000000000000000000e+02 5.000000000000000000e+02
-9.077138882415465948e-10 1.173916481835937520e+04 8.675827916015625306e+03 1.442690254150390729e+03 6.005569458007812417e-02 4.252673339843749956e-01 -3.748315429687500144e-02 -2.670275878906249942e-02 5.433349609374999757e-03 1.174364314843750071e+04 1.014656000823974580e+02 1.444037864013671879e+03 3.106124877929687667e-02 3.718766479492187638e-01 -1.873199462890625111e-01 -4.031726074218749956e-02 -2.240119628906249993e-01 2.463601198474486864e+01 9.672043678018431123e+00 9.112364386567001873e+00 3.087506477060502075e+00 2.556825983025486693e+00 4.592549887017642440e+00 4.039896680131154660e+00 5.044481690182254674e+00 2.414218618976356012e+01 7.718905650259949347e+00 8.978994789603808258e+00 3.185646850715901479e+00 2.572649809340692872e+00 4.441920832051123647e+00 4.179634920139629450e+00 4.805223107151722850e+00 5.000000000000000000e+02 5.000000000000000000e+02 5.000000000000000000e+02 5.000000000000000000e+02 5.000000000000000000e+02 5.000000000000000000e+02 5.000000000000000000e+02 5.000000000000000000e+02 5.000000000000000000e+02 5.000000000000000000e+02 5.000000000000000000e+02 5.000000000000000000e+02 5.000000000000000000e+02 5.000000000000000000e+02 5.000000000000000000e+02 5.000000000000000000e+02
-9.076893584289214264e-10 1.174096745312500025e+04 8.675592191406249185e+03 1.444681062255859388e+03 1.447164611816406377e-01 5.094992065429687633e-01 1.687393798828125124e-01 -5.219885253906249994e-02 1.500549316406250000e-01 1.174173538476562499e+04 1.018668447570800737e+02 1.446061817138671813e+03 1.412331848144531277e-01 5.064275512695312065e-01 -1.306334228515624862e-01 1.727108764648437600e-01 -2.482221679687499905e-01 2.386527412631981448e+01 8.959479735502199560e+00 8.944480677744470754e+00 3.005351416490215311e+00 2.680720916685220612e+00 4.482406296330696982e+00 4.060820522469218652e+00 4.774124417847808388e+00 2.446552130731085484e+01 7.976144303947969583e+00 9.216641757311462513e+00 3.141991410660451844e+00 2.542670348945792025e+00 4.395249179667742645e+00 3.816183622874186110e+00 4.981820327947155569e+00 5.000000000000000000e+02 5.000000000000000000e+02 5.000000000000000000e+02 5.000000000000000000e+02 5.000000000000000000e+02 5.000000000000000000e+02 5.000000000000000000e+02 5.000000000000000000e+02 5.000000000000000000e+02 5.000000000000000000e+02 5.000000000000000000e+02 5.000000000000000000e+02 5.000000000000000000e+02 5.000000000000000000e+02 5.000000000000000000e+02 5.000000000000000000e+02
-9.076639947227480407e-10 1.174307880078124981e+04 8.675232833984375247e+03 1.444745481445312407e+03 1.297221984863281274e-01 6.260254516601562180e-01 1.625019531249999871e-01 -2.200167236328124942e-01 -5.048815917968749872e-02 1.173855078515625064e+04 1.015980448303222659e+02 1.446030843994140696e+03 6.621682739257812866e-02 5.622097778320312988e-01 1.420573120117187560e-01 -2.627581787109374845e-01 4.602319335937499895e-02 2.334150642648311447e+01 9.346844887229499577e+00 9.403794546405713106e+00 3.124236214100829301e+00 2.753355099132207329e+00 4.477437813775516418e+00 4.046085401729387243e+00 4.937478989654062289e+00 2.387245666058908711e+01 8.167081305982762274e+00 9.219684747552996384e+00 3.179801016244676592e+00 2.478156376920158444e+00 4.606081126522380664e+00 4.033654245117025638e+00 4.721270064790473064e+00 5.000000000000000000e+02 5.000000000000000000e+02 5.000000000000000000e+02 5.000000000000000000e+02 5.000000000000000000e+02 5.000000000000000000e+02 5.000000000000000000e+02 5.000000000000000000e+02 5.000000000000000000e+02 5.000000000000000000e+02 5.000000000000000000e+02 5.000000000000000000e+02 5.000000000000000000e+02 5.000000000000000000e+02 5.000000000000000000e+02 5.000000000000000000e+02
-9.076386777146131814e-10 1.173923431054687535e+04 8.675031820312500713e+03 1.445279347167968808e+03 4.332788085937500089e-02 5.471791381835937607e-01 -1.225919189453125030e-01 -2.066495971679687405e-01 -1.609875488281250003e-02 1.174354900781250035e+04 1.007888368225097651e+02 1.446876125000000002e+03 3.636126708984375316e-02 5.706569213867187518e-01 -5.689935302734375200e-02 2.363909912109374983e-02 1.233773193359374992e-01 2.448183635714841344e+01 9.839543869552697331e+00 8.969420461714106452e+00 3.148407295957335705e+00 2.369750818140226922e+00 4.558999378657468071e+00 4.274364113026463130e+00 4.688778892144237709e+00 2.470151660630230595e+01 7.936469925796532543e+00 8.800841550009506520e+00 3.083859031270951956e+00 2.488485958267895093e+00 4.452390134331568383e+00 3.834903671347403176e+00 4.827850483013752303e+00 5.000000000000000000e+02 5.000000000000000000e+02 5.000000000000000000e+02 5.000000000000000000e+02 5.000000000000000000e+02 5.000000000000000000e+02 5.000000000000000000e+02 5.000000000000000000e+02 5.000000000000000000e+02 5.000000000000000000e+02 5.000000000000000000e+02 5.000000000000000000e+02 5.000000000000000000e+02 5.000000000000000000e+02 5.000000000000000000e+02 5.000000000000000000e+02
-9.076139544386848224e-10 1.174223357031250089e+04 8.676046916015624447e+03 1.444219215332031354e+03 6.310031127929686956e-02 4.511130981445312660e-01 -2.661134643554687318e-01 -3.743610839843750093e-01 1.005545654296875063e-01 1.174054850781250025e+04 1.027261713562011778e+02 1.445812550292968808e+03 4.041131591796875283e-02 5.052332153320312491e-01 4.020550537109374850e-02 7.516442871093749478e-02 6.007678222656250011e-02 2.426844787340873566e+01 9.528988152564354053e+00 9.127859442056978523e+00 3.148252625627691703e+00 2.595634498489204134e+00 4.650321097181643992e+00 4.067541452509662037e+00 4.665653411786789384e+00 2.413900181789383126e+01 8.282026655877354315e+00 9.365507385375083871e+00 3.074358967196851200e+00 2.548620647198811540e+00 4.516220531390318094e+00 4.037949760023720636e+00 4.651640161712804478e+00 5.000000000000000000e+02 5.000000000000000000e+02 5.000000000000000000e+02 5.000000000000000000e+02 5.000000000000000000e+02 5.000000000000000000e+02 5.000000000000000000e+02 5.000000000000000000e+02 5.000000000000000000e+02 5.000000000000000000e+02 5.000000000000000000e+02 5.000000000000000000e+02 5.000000000000000000e+02 5.000000000000000000e+02 5.000000000000000000e+02 5.000000000000000000e+02
-9.075888909341889190e-10 1.174222114453124959e+04 8.676053181640625553e+03 1.444232720947265534e+03 7.722222900390625366e-02 5.370260620117187633e-01 2.462135009765624993e-01 -1.786973876953124873e-01 -8.310058593749999889e-02 1.174101739648437433e+04 1.019990530090332044e+02 1.445766940185546900e+03 1.151061096191406258e-01 6.000294189453124760e-01 3.195246582031249782e-01 -2.615802612304687358e-01 1.262009277343749958e-01 2.417489836646190682e+01 9.559395727999245196e+00 8.655687796141860346e+00 3.259978034139834335e+00 2.547059418779726858e+00 4.266539308528859209e+00 4.097073209785242476e+00 4.974903829235111985e+00 2.385465497794640655e+01 8.162764207583181886e+00 8.763197865428178801e+00 3.009047618623179599e+00 2.536180245936068278e+00 4.558898832527434664e+00 4.022534674435682689e+00 4.736363009494253262e+00 5.000000000000000000e+02 5.000000000000000000e+02 5.000000000000000000e+02 5.000000000000000000e+02 5.000000000000000000e+02 5.000000000000000000e+02 5.000000000000000000e+02 5.000000000000000000e+02 5.000000000000000000e+02 5.000000000000000000e+02 5.000000000000000000e+02 5.000000000000000000e+02 5.000000000000000000e+02 5.000000000000000000e+02 5.000000000000000000e+02 5.000000000000000000e+02
-9.075645612560154055e-10 1.173880087109375017e+04 8.676749794921874127e+03 1.442029340087890660e+03 1.938314819335937647e-02 6.368231811523437091e-01 6.406414794921874711e-02 -6.125360107421874700e-02 1.072225341796874953e-01 1.174336835937499927e+04 1.029855347290039020e+02 1.443409277587890529e+03 2.178921508789062600e-02 5.468234252929687900e-01 1.684243774414062589e-01 4.915225219726562234e-01 3.955346679687499756e-01 2.405809911433493653e+01 9.804363767197132873e+00 9.008869097121994685e+00 3.146410043988050464e+00 2.409508580550824952e+00 4.616168455635106582e+00 4.091715112854930503e+00 5.076700376337263343e+00 2.436039580322700715e+01 7.580092103780877721e+00 8.997062293586896686e+00 3.102201676827137877e+00 2.458533473633936151e+00 4.661810351173619971e+00 4.114864811638533126e+00 4.956523523112498886e+00 5.000000000000000000e+02 5.000000000000000000e+02 5.000000000000000000e+02 5.000000000000000000e+02 5.000000000000000000e+02 5.000000000000000000e+02 5.000000000000000000e+02 5.000000000000000000e+02 5.000000000000000000e+02 5.000000000000000000e+02 5.000000000000000000e+02 5.000000000000000000e+02 5.000000000000000000e+02 5.000000000000000000e+02 5.000000000000000000e+02 5.000000000000000000e+02
-9.075389307039063420e-10 1.174274282617187419e+04 8.676504861328125116e+03 1.443102507324218777e+03 -1.875531005859374864e-02 3.806469726562500266e-01 -1.440497436523437425e-01 -1.014147949218749921e-02 -7.595520019531250278e-02 1.173976701367187525e+04 1.031844490051269503e+02 1.444267698242187407e+03 5.410534667968749933e-02 5.043799438476562758e-01 -3.013305053710937376e-01 6.793121337890624389e-02 -6.917749023437499978e-02 2.397319394208077625e+01 8.827079559568117517e+00 8.633909799340113267e+00 3.198204954665672783e+00 2.570548981193921723e+00 4.572708998826383819e+00 4.157224467184938987e+00 4.643606286008505002e+00 2.460620322411084615e+01 7.946741253660787763e+00 8.908919909416852079e+00 3.174407808338427284e+00 2.469381552001923108e+00 4.510224288211113652e+00 4.053948478667754429e+00 4.896559440831973475e+00 5.000000000000000000e+02 5.000000000000000000e+02 5.000000000000000000e+02 5.000000000000000000e+02 5.000000000000000000e+02 5.000000000000000000e+02 5.000000000000000000e+02 5.000000000000000000e+02 5.000000000000000000e+02 5.000000000000000000e+02 5.000000000000000000e+02 5.000000000000000000e+02 5.000000000000000000e+02 5.000000000000000000e+02 5.000000000000000000e+02 5.000000000000000000e+02
-9.075138805417070570e-10 1.174198376562500016e+04 8.675865765624999767e+03 1.443838236572265714e+03 -1.133336181640624968e-01 4.910496826171875107e-01 -3.275001220703124827e-01 -1.590163574218750042e-01 -9.486730957031250244e-02 1.174151774218749961e+04 1.020226080474853489e+02 1.445023083984375035e+03 -4.208340454101562600e-02 5.528104248046874503e-01 -3.057825927734375004e-01 -1.277138671874999964e-01 6.242175292968749761e-02 2.392000578671771649e+01 9.332586227581908034e+00 8.737003853224573291e+00 3.191496335379574223e+00 2.616780388881546404e+00 4.629807452125548117e+00 4.040975652565234277e+00 4.702306621678873810e+00 2.451808647383539252e+01 7.471688963937086037e+00 8.918017192531204174e+00 3.185818939831970287e+00 2.494015932264436408e+00 4.565648976872960674e+00 4.178572613442026018e+00 4.413356399483164161e+00 5.000000000000000000e+02 5.000000000000000000e+02 5.000000000000000000e+02 5.000000000000000000e+02 5.000000000000000000e+02 5.000000000000000000e+02 5.000000000000000000e+02 5.000000000000000000e+02 5.000000000000000000e+02 5.000000000000000000e+02 5.000000000000000000e+02 5.000000000000000000e+02 5.000000000000000000e+02 5.000000000000000000e+02 5.000000000000000000e+02 5.000000000000000000e+02
-9.074888770775465053e-10 1.173937396679687481e+04 8.674938562499999534e+03 1.443375361572265547e+03 1.119515991210937554e-02 4.711259765624999929e-01 8.966650390625000022e-02 1.881888427734375036e-01 8.102124023437499989e-02 1.174377037695312538e+04 1.011972203979492235e+02 1.444714130371093688e+03 2.057165527343750022e-01 4.719650268554687611e-01 -3.223849487304687456e-01 -2.240247802734375016e-01 1.452113037109374893e-01 2.366728400986876224e+01 9.319382476745110111e+00 8.931319427951619261e+00 3.076852569102714430e+00 2.309039634637081839e+00 4.398416191302181311e+00 3.878525509106226288e+00 4.624542175485772511e+00 2.366087719188540106e+01 7.609460273378251038e+00 9.011921529931255392e+00 3.013952464043539781e+00 2.392748043564402405e+00 4.307172390311455601e+00 4.160331296242339327e+00 4.835533521299982596e+00 5.000000000000000000e+02 5.000000000000000000e+02 5.000000000000000000e+02 5.000000000000000000e+02 5.000000000000000000e+02 5.000000000000000000e+02 5.000000000000000000e+02 5.000000000000000000e+02 5.000000000000000000e+02 5.000000000000000000e+02 5.000000000000000000e+02 5.000000000000000000e+02 5.000000000000000000e+02 5.000000000000000000e+02 5.000000000000000000e+02 5.000000000000000000e+02
-9.074638335864954778e-10 1.174304244531249969e+04 8.675725978515625684e+03 1.441808767822265736e+03 8.041680908203124867e-02 4.630101318359374774e-01 1.149341430664062441e-01 3.087542724609374997e-02 2.610123291015625235e-01 1.173980721289062421e+04 1.024436122131347702e+02 1.443096517089843701e+03 1.424613342285156181e-01 4.628727416992187704e-01 2.014419555664062611e-01 -8.343353271484374445e-02 3.271746826171875178e-01 2.431170378461804304e+01 9.401505330689474249e+00 8.757178034819087742e+00 3.154574796371529377e+00 2.539754742703787649e+00 4.373512513007837832e+00 4.228369263669427447e+00 4.753567383908016808e+00 2.475650017713014606e+01 8.158260574162406797e+00 9.002850631002443649e+00 3.157449123303745608e+00 2.380440504859616002e+00 4.410130017739743558e+00 4.120448766938378249e+00 4.376566651774183470e+00 5.000000000000000000e+02 5.000000000000000000e+02 5.000000000000000000e+02 5.000000000000000000e+02 5.000000000000000000e+02 5.000000000000000000e+02 5.000000000000000000e+02 5.000000000000000000e+02 5.000000000000000000e+02 5.000000000000000000e+02 5.000000000000000000e+02 5.000000000000000000e+02 5.000000000000000000e+02 5.000000000000000000e+02 5.000000000000000000e+02 5.000000000000000000e+02
-9.074393371296125276e-10 1.174041747656249936e+04 8.675429105468749185e+03 1.441125530761718665e+03 1.873947448730468868e-01 5.290928955078124662e-01 -2.138889160156250135e-01 2.652315673828125053e-01 -4.741995849609375036e-01 1.174253287695312429e+04 1.011813714904785115e+02 1.442606679199218661e+03 6.842230224609374689e-02 4.836911010742187544e-01 2.733549804687500084e-01 1.590558471679687502e-01 1.878663330078124971e-01 2.471680726772920167e+01 9.744869759140160070e+00 8.867208515538003155e+00 3.068830278178654503e+00 2.473365317885376058e+00 4.518173264410653367e+00 4.058650329523646683e+00 4.832543061616150659e+00 2.502631162878764925e+01 7.872441144605905272e+00 8.919283025672591236e+00 3.030536290613242922e+00 2.722105074173874595e+00 4.484320320038222896e+00 3.818161603665759074e+00 4.824923119893731460e+00 5.000000000000000000e+02 5.000000000000000000e+02 5.000000000000000000e+02 5.000000000000000000e+02 5.000000000000000000e+02 5.000000000000000000e+02 5.000000000000000000e+02 5.000000000000000000e+02 5.000000000000000000e+02 5.000000000000000000e+02 5.000000000000000000e+02 5.000000000000000000e+02 5.000000000000000000e+02 5.000000000000000000e+02 5.000000000000000000e+02 5.000000000000000000e+02
-9.074138400004713030e-10 1.174095471484375048e+04 8.675348208984374651e+03 1.443774448974609413e+03 -1.533856201171874926e-02 5.533569946289061958e-01 -3.370673828124999827e-01 8.763708496093750022e-02 -2.698880615234374725e-01 1.174137197460937568e+04 1.021436696014404362e+02 1.445106590576171811e+03 5.353921508789062644e-02 4.238198242187499742e-01 4.397551879882812265e-01 -1.776380615234375016e-01 6.568762207031250688e-02 2.380544238858305661e+01 9.456922277826596002e+00 9.045006753663864529e+00 3.157807940629358878e+00 2.614424045805907593e+00 4.356985703237122642e+00 3.899199367623050527e+00 4.723149648910004217e+00 2.432930977973142816e+01 8.214606206342381256e+00 9.026186939647327989e+00 3.007178325750786918e+00 2.628321054693020020e+00 4.484127116554939896e+00 3.998783360987407498e+00 4.815375787852605782e+00 5.000000000000000000e+02 5.000000000000000000e+02 5.000000000000000000e+02 5.000000000000000000e+02 5.000000000000000000e+02 5.000000000000000000e+02 5.000000000000000000e+02 5.000000000000000000e+02 5.000000000000000000e+02 5.000000000000000000e+02 5.000000000000000000e+02 5.000000000000000000e+02 5.000000000000000000e+02 5.000000000000000000e+02 5.000000000000000000e+02 5.000000000000000000e+02
-9.073891967783236887e-10 1.174292126562500016e+04 8.675781169921874607e+03 1.443123980712890670e+03 -5.941098022460937489e-02 5.723235473632812820e-01 9.700561523437499500e-02 4.225361938476562274e-01 -4.213553466796874925e-01 1.174041817578124937e+04 1.016840653991699241e+02 1.444614926025390560e+03 4.655517578124999944e-02 5.453369140624999556e-01 2.413248291015624991e-01 3.640280761718749925e-01 2.000003662109375024e-01 2.468213596886984718e+01 9.714111383925986942e+00 9.056255845188683651e+00 3.300999409154409481e+00 2.629369319551852158e+00 4.546025070003517854e+00 4.305497626035612591e+00 4.959561440431995649e+00 2.435850262198738747e+01 7.965360672335495273e+00 8.889497008763138197e+00 3.149146642855090494e+00 2.483050045933870020e+00 4.353297675367986841e+00 4.368395139573008734e+00 4.554189061777498715e+00 5.000000000000000000e+02 5.000000000000000000e+02 5.000000000000000000e+02 5.000000000000000000e+02 5.000000000000000000e+02 5.000000000000000000e+02 5.000000000000000000e+02 5.000000000000000000e+02 5.000000000000000000e+02 5.000000000000000000e+02 5.000000000000000000e+02 5.000000000000000000e+02 5.000000000000000000e+02 5.000000000000000000e+02 5.000000000000000000e+02 5.000000000000000000e+02
-9.073640598911951948e-10 1.173876995312500003e+04 8.675507390624999971e+03 1.442625174072265736e+03 1.006331481933593758e-01 5.540141601562500462e-01 -1.064894409179687473e-01 6.299511718750000488e-02 1.121002197265625056e-01 1.174384453515624955e+04 1.008060365753173784e+02 1.443890423583984330e+03 -2.860961914062500142e-03 3.766408081054687385e-01 3.223266601562500139e-02 -8.391906738281249695e-03 1.837008056640624942e-01 2.418909782595595104e+01 9.778946286551036593e+00 9.109557949313465741e+00 3.028989903750556767e+00 2.381646668661237864e+00 4.554153279584878256e+00 4.105228340896087680e+00 4.511907552495660667e+00 2.418149763514567496e+01 7.571947901760076149e+00 9.093722156753631936e+00 3.168272320603279901e+00 2.643784716274642399e+00 4.424617200801411521e+00 4.286863705662637969e+00 4.647470137842317328e+00 5.000000000000000000e+02 5.000000000000000000e+02 5.000000000000000000e+02 5.000000000000000000e+02 5.000000000000000000e+02 5.000000000000000000e+02 5.000000000000000000e+02 5.000000000000000000e+02 5.000000000000000000e+02 5.000000000000000000e+02 5.000000000000000000e+02 5.000000000000000000e+02 5.000000000000000000e+02 5.000000000000000000e+02 5.000000000000000000e+02 5.000000000000000000e+02
-9.073387095273184275e-10 1.174254016015624984e+04 8.675051193359375247e+03 1.443328009033203216e+03 1.417223815917968699e-01 5.013304443359375417e-01 -1.372363281250000011e-01 2.103157958984374909e-01 -1.156433105468750028e-01 1.174096221875000083e+04 1.018418733978271433e+02 1.444518241699218834e+03 8.482199096679687855e-02 4.259093017578124973e-01 -7.197589111328124567e-02 7.569702148437500167e-02 8.554931640624999223e-03 2.428667365616736262e+01 9.182537362641207679e+00 8.952115989468538260e+00 3.119005264239699038e+00 2.474536750192326995e+00 4.568545641582374195e+00 3.833235202906699612e+00 5.004741666671454148e+00 2.362438117054739450e+01 8.053847959945006352e+00 9.337809552255370349e+00 3.101975915977951637e+00 2.433346163766982428e+00 4.645551956900236590e+00 4.131337791435869988e+00 4.714676824933722088e+00 5.000000000000000000e+02 5.000000000000000000e+02 5.000000000000000000e+02 5.000000000000000000e+02 5.000000000000000000e+02 5.000000000000000000e+02 5.000000000000000000e+02 5.000000000000000000e+02 5.000000000000000000e+02 5.000000000000000000e+02 5.000000000000000000e+02 5.000000000000000000e+02 5.000000000000000000e+02 5.000000000000000000e+02 5.000000000000000000e+02 5.000000000000000000e+02
-9.073137194054548044e-10 1.174165342382812560e+04 8.674938392578125786e+03 1.441628317626953049e+03 -3.971707153320312711e-02 6.372134399414062234e-01 -1.762079467773437491e-01 5.108874511718750067e-02 -1.389128417968749918e-01 1.174172629296874948e+04 1.000837144470214781e+02 1.442779268310546968e+03 -1.242946472167968802e-01 5.235469970703124920e-01 -1.311058349609375007e-01 5.217535400390625050e-02 7.445593261718749800e-02 2.429510723405878991e+01 9.352322737414421994e+00 9.109886349966570762e+00 3.075181964823630487e+00 2.533146529065816832e+00 4.556576095998274845e+00 4.092638890826936660e+00 4.970859050790777722e+00 2.433764147645994669e+01 7.842663844325116429e+00 9.117222018966154806e+00 3.145593596641730549e+00 2.570783684464515773e+00 4.328391930132168497e+00 3.883668342280613306e+00 4.772659610423415799e+00 5.000000000000000000e+02 5.000000000000000000e+02 5.000000000000000000e+02 5.000000000000000000e+02 5.000000000000000000e+02 5.000000000000000000e+02 5.000000000000000000e+02 5.000000000000000000e+02 5.000000000000000000e+02 5.000000000000000000e+02 5.000000000000000000e+02 5.000000000000000000e+02 5.000000000000000000e+02 5.000000000000000000e+02 5.000000000000000000e+02 5.000000000000000000e+02
-9.072888827200038961e-10 1.173977152929687509e+04 8.675101638671874753e+03 1.442245641113281181e+03 -1.711242675781249941e-03 4.282463989257812575e-01 2.589030761718750240e-01 -1.125730590820312460e-01 -2.681092529296875138e-01 1.174304039843750070e+04 1.015214653015136719e+02 1.443599029052734295e+03 1.225667114257812523e-01 4.325691528320312340e-01 -7.455609130859375266e-02 3.213477783203125271e-01 7.800988769531250200e-02 2.420940584325561318e+01 9.277488832126060458e+00 9.100216210665934113e+00 3.098759140442035154e+00 2.427057793739679781e+00 4.421704666538848194e+00 4.072707926890423380e+00 4.668959784450091632e+00 2.428443572752031443e+01 7.536882283896114032e+00 9.094980671097454561e+00 3.086094894946715073e+00 2.529434905281804813e+00 4.505614585339310807e+00 4.139000205886492090e+00 4.798529863583841149e+00 5.000000000000000000e+02 5.000000000000000000e+02 5.000000000000000000e+02 5.000000000000000000e+02 5.000000000000000000e+02 5.000000000000000000e+02 5.000000000000000000e+02 5.000000000000000000e+02 5.000000000000000000e+02 5.000000000000000000e+02 5.000000000000000000e+02 5.000000000000000000e+02 5.000000000000000000e+02 5.000000000000000000e+02 5.000000000000000000e+02 5.000000000000000000e+02
-9.072639059404366847e-10 1.174362544140624959e+04 8.675196410156249840e+03 1.442457147460937449e+03 8.354998779296875233e-02 3.372397460937500147e-01 -9.756170654296875133e-02 2.545000000000000040e-01 -1.129433593749999964e-01 1.173932767187500031e+04 1.015058815612792955e+02 1.443702560058593690e+03 2.557112121582031383e-01 4.790409545898437482e-01 6.072216796874999739e-02 2.839532470703124978e-01 -1.806110839843750038e-01 2.433826337144560625e+01 9.767277924011178669e+00 9.088119259427172025e+00 2.981218644489842529e+00 2.433402163625789871e+00 4.836424913725795527e+00 3.893526542568076731e+00 4.726946230324777787e+00 2.444168250115892249e+01 8.065704472127350755e+00 9.325431323524998817e+00 3.103699928007616293e+00 2.623012191134879156e+00 4.261470701780305070e+00 4.294227709132649728e+00 4.943985728172458849e+00 5.000000000000000000e+02 5.000000000000000000e+02 5.000000000000000000e+02 5.000000000000000000e+02 5.000000000000000000e+02 5.000000000000000000e+02 5.000000000000000000e+02 5.000000000000000000e+02 5.000000000000000000e+02 5.000000000000000000e+02 5.000000000000000000e+02 5.000000000000000000e+02 5.000000000000000000e+02 5.000000000000000000e+02 5.000000000000000000e+02 5.000000000000000000e+02
-9.072389091474244939e-10 1.173935214257812549e+04 8.675165976562500873e+03 1.445028781250000065e+03 7.655569458007813188e-02 4.099354248046874760e-01 -2.505733032226562518e-01 4.808532714843750250e-02 -1.005883789062499978e-01 1.174310064648437583e+04 1.010955551452636740e+02 1.446013099365234439e+03 8.440005493164062789e-02 2.547676391601562673e-01 -1.682973632812500009e-01 -2.466992187500000044e-02 1.978453369140625029e-01 2.402781745802464641e+01 9.435716249078163642e+00 8.846817347216600069e+00 3.079337437240714515e+00 2.510851028367526272e+00 4.474963722240977049e+00 4.341642806313654290e+00 4.815335131676869551e+00 2.371742504877556712e+01 8.333618210509579072e+00 9.130445002577678437e+00 3.031452256249348665e+00 2.525528101125531499e+00 4.701601757223899725e+00 4.276507201477992126e+00 4.888246647530321454e+00 5.000000000000000000e+02 5.000000000000000000e+02 5.000000000000000000e+02 5.000000000000000000e+02 5.000000000000000000e+02 5.000000000000000000e+02 5.000000000000000000e+02 5.000000000000000000e+02 5.000000000000000000e+02 5.000000000000000000e+02 5.000000000000000000e+02 5.000000000000000000e+02 5.000000000000000000e+02 5.000000000000000000e+02 5.000000000000000000e+02 5.000000000000000000e+02
-9.072138990121155812e-10 1.174213649804687520e+04 8.675460964843750844e+03 1.444486494873046922e+03 -1.362744140624999947e-02 5.035695190429687607e-01 -1.720379638671875114e-02 9.953002929687500278e-02 1.541425781250000127e-01 1.174184995117187464e+04 1.016423878784179635e+02 1.445788511962890652e+03 9.091082763671874678e-02 5.660798950195312651e-01 -2.145744018554687493e-01 -1.156231079101562448e-01 1.291658935546874942e-01 2.448117607728675438e+01 9.699472143382068978e+00 9.046933278378729071e+00 3.028750667730562895e+00 2.644344007198989210e+00 4.299329970881715646e+00 3.939483116464580714e+00 4.609879175436228493e+00 2.396263943275914343e+01 8.201621424012857986e+00 9.069611828967055089e+00 3.007311199764378440e+00 2.615393463940423935e+00 4.555856202451166403e+00 3.838145432042580296e+00 4.462057129101256514e+00 5.000000000000000000e+02 5.000000000000000000e+02 5.000000000000000000e+02 5.000000000000000000e+02 5.000000000000000000e+02 5.000000000000000000e+02 5.000000000000000000e+02 5.000000000000000000e+02 5.000000000000000000e+02 5.000000000000000000e+02 5.000000000000000000e+02 5.000000000000000000e+02 5.000000000000000000e+02 5.000000000000000000e+02 5.000000000000000000e+02 5.000000000000000000e+02
-9.071888154941743882e-10 1.174216141796874945e+04 8.675685042968749258e+03 1.445606967529296981e+03 -3.113348388671875050e-02 4.770330200195312398e-01 -9.767272949218749889e-02 6.055151367187500133e-02 1.923337402343749947e-01 1.173939823242187413e+04 1.017672082519531216e+02 1.446850454833984486e+03 3.578845214843749678e-02 4.886992187499999973e-01 -1.651311645507812509e-01 1.657661132812499882e-01 -2.199572753906250122e-01 2.486960787180493071e+01 9.831126267502440896e+00 8.742096759138327400e+00 3.224788961097364570e+00 2.412140565933710512e+00 4.384475463233166614e+00 3.931829011707985266e+00 4.608903373860973041e+00 2.414101482207278337e+01 7.922402520879284538e+00 8.950894812344827756e+00 3.151359241462329930e+00 2.512692477812056069e+00 4.646006052278728760e+00 3.996517014247272126e+00 4.776498527510099734e+00 5.000000000000000000e+02 5.000000000000000000e+02 5.000000000000000000e+02 5.000000000000000000e+02 5.000000000000000000e+02 5.000000000000000000e+02 5.000000000000000000e+02 5.000000000000000000e+02 5.000000000000000000e+02 5.000000000000000000e+02 5.000000000000000000e+02 5.000000000000000000e+02 5.000000000000000000e+02 5.000000000000000000e+02 5.000000000000000000e+02 5.000000000000000000e+02
-9.071638987549430455e-10 1.173888956835937461e+04 8.675697806640624549e+03 1.444786497802734402e+03 1.871829223632812400e-01 4.422268066406250253e-01 -2.254812622070312411e-01 -2.635838012695312371e-01 9.985681152343750533e-02 1.174353427539062432e+04 1.017657794952392578e+02 1.445974525390625104e+03 1.643218688964843688e-01 4.937095336914062438e-01 -3.247235107421875266e-02 2.663638916015624858e-01 -2.745759277343750027e-01 2.414321844586308785e+01 9.216961091403634398e+00 9.101286322865670186e+00 3.140549568504897859e+00 2.545363904630382201e+00 4.681126038903386188e+00 4.020394805580279396e+00 4.717221082404475574e+00 2.428461702067194850e+01 7.892734535479875468e+00 8.927736516927351929e+00 3.145114506674707933e+00 2.510643888618715902e+00 4.561884644461147609e+00 3.782918749250208990e+00 4.774888121942486130e+00 5.000000000000000000e+02 5.000000000000000000e+02 5.000000000000000000e+02 5.000000000000000000e+02 5.000000000000000000e+02 5.000000000000000000e+02 5.000000000000000000e+02 5.000000000000000000e+02 5.000000000000000000e+02 5.000000000000000000e+02 5.000000000000000000e+02 5.000000000000000000e+02 5.000000000000000000e+02 5.000000000000000000e+02 5.000000000000000000e+02 5.000000000000000000e+02
-9.071390087003048363e-10 1.174352111132812570e+04 8.675534488281249651e+03 1.445062087890624980e+03 4.158889770507812750e-02 5.823799438476562340e-01 -6.821655273437500500e-02 -8.208996582031249933e-02 1.613244628906250130e-02 1.174013467382812451e+04 1.013321020812988280e+02 1.446184802246093795e+03 -3.357797241210937200e-02 5.750795898437499609e-01 1.020946044921875046e-01 -1.021834716796874987e-01 -1.828773193359375104e-01 2.367776192568007332e+01 9.462487727861196518e+00 8.989120262333246458e+00 3.157142712769483328e+00 2.498817997124558765e+00 4.606621148805858823e+00 4.035763051328224549e+00 4.640109018046389089e+00 2.420274519863157181e+01 7.625159417124146799e+00 8.815589105882224885e+00 3.308974438604194823e+00 2.643204388409285510e+00 4.476933776337728155e+00 4.002213465939091108e+00 4.885973791825951373e+00 5.000000000000000000e+02 5.000000000000000000e+02 5.000000000000000000e+02 5.000000000000000000e+02 5.000000000000000000e+02 5.000000000000000000e+02 5.000000000000000000e+02 5.000000000000000000e+02 5.000000000000000000e+02 5.000000000000000000e+02 5.000000000000000000e+02 5.000000000000000000e+02 5.000000000000000000e+02 5.000000000000000000e+02 5.000000000000000000e+02 5.000000000000000000e+02
-9.071137917593957010e-10 1.173929405078124910e+04 8.675487888671874316e+03 1.443264830810546982e+03 -2.068899536132812536e-02 3.439997558593749782e-01 -1.437028198242187582e-01 4.506903076171874661e-02 6.162280273437500261e-02 1.174334471679687522e+04 1.008106980438232370e+02 1.444275169189453209e+03 -6.235574340820312228e-02 6.411743164062500000e-01 -1.069223632812500019e-01 2.118189086914062380e-01 1.836434326171874909e-01 2.430734862682363584e+01 9.120070879999381930e+00 9.409480852897061709e+00 3.084550746059286919e+00 2.641248068247407321e+00 4.545433400429033988e+00 4.276793402609648354e+00 4.906824801780358847e+00 2.412995556663053520e+01 7.849248617446534126e+00 9.240245866176449496e+00 3.234266800256956120e+00 2.537533122620777348e+00 4.436061940329775410e+00 4.085235540767161666e+00 4.626127738379484100e+00 5.000000000000000000e+02 5.000000000000000000e+02 5.000000000000000000e+02 5.000000000000000000e+02 5.000000000000000000e+02 5.000000000000000000e+02 5.000000000000000000e+02 5.000000000000000000e+02 5.000000000000000000e+02 5.000000000000000000e+02 5.000000000000000000e+02 5.000000000000000000e+02 5.000000000000000000e+02 5.000000000000000000e+02 5.000000000000000000e+02 5.000000000000000000e+02
-9.070887215837513333e-10 1.174299303125000006e+04 8.675706675781249942e+03 1.444224685546874980e+03 1.073837890624999986e-01 5.398062744140624813e-01 -1.744415283203125111e-01 1.291345214843750075e-02 1.524438476562500061e-02 1.173989919726562584e+04 1.018509469299316379e+02 1.445263677490234386e+03 2.481829223632812387e-01 2.936804809570312536e-01 3.672858886718750049e-01 1.084608154296874960e-01 2.601882324218749987e-01 2.465447114676076623e+01 9.377006898814613578e+00 8.956459868733581686e+00 3.123597515588934392e+00 2.586504737864042447e+00 4.480656521340707243e+00 4.045593385552685994e+00 4.513150721776151286e+00 2.495459067951788157e+01 8.083127729946044226e+00 8.938286635126486246e+00 3.040566206312810493e+00 2.504578835691954719e+00 4.591283786668714839e+00 3.927055737237809208e+00 4.813719949211453297e+00 5.000000000000000000e+02 5.000000000000000000e+02 5.000000000000000000e+02 5.000000000000000000e+02 5.000000000000000000e+02 5.000000000000000000e+02 5.000000000000000000e+02 5.000000000000000000e+02 5.000000000000000000e+02 5.000000000000000000e+02 5.000000000000000000e+02 5.000000000000000000e+02 5.000000000000000000e+02 5.000000000000000000e+02 5.000000000000000000e+02 5.000000000000000000e+02
-9.070640316635651925e-10 1.174106296484374980e+04 8.676532093750000058e+03 1.444472178955078107e+03 2.089945373535156137e-01 3.732473754882812411e-01 -3.102307739257812447e-01 -4.987890625000000050e-02 -2.933454589843749738e-01 1.174148308789062503e+04 1.021812284240722590e+02 1.445564738525390567e+03 4.696652221679687572e-02 7.458831176757813042e-01 -4.627441406249999806e-02 2.960278320312499933e-01 -1.556998291015624925e-01 2.371546499279872222e+01 1.006034665691191243e+01 8.734858695312588850e+00 3.122617658186777057e+00 2.382619118925624058e+00 4.361328125314527959e+00 4.072150487071781733e+00 4.856446323439319812e+00 2.425821230534143425e+01 7.791352693225397807e+00 9.001719175242088866e+00 2.960963286608458311e+00 2.761448888537387791e+00 4.729959760549640180e+00 3.996091597530200268e+00 4.796391672159918684e+00 5.000000000000000000e+02 5.000000000000000000e+02 5.000000000000000000e+02 5.000000000000000000e+02 5.000000000000000000e+02 5.000000000000000000e+02 5.000000000000000000e+02 5.000000000000000000e+02 5.000000000000000000e+02 5.000000000000000000e+02 5.000000000000000000e+02 5.000000000000000000e+02 5.000000000000000000e+02 5.000000000000000000e+02 5.000000000000000000e+02 5.000000000000000000e+02
-9.070390548839979811e-10 1.173948369921875019e+04 8.676099359375000859e+03 1.443232906494140707e+03 4.577764892578124745e-02 6.391532592773437882e-01 1.934915161132812478e-01 -7.056018066406249956e-02 -3.515755615234374964e-01 1.174285768359374924e+04 1.022349508666992222e+02 1.444324772460937538e+03 4.727355957031250180e-03 5.188537597656249778e-01 3.354560546875000049e-01 1.768775634765624993e-01 -1.010046386718749939e-02 2.391666398411075178e+01 9.302950444707560607e+00 9.080466238230979314e+00 2.977240891826220981e+00 2.535854997802057031e+00 4.380476570582612972e+00 4.188552552700398834e+00 4.831787391988414448e+00 2.417892166630088013e+01 8.324964794789853073e+00 9.113885261517152614e+00 3.151600622321049983e+00 2.398377432605314219e+00 4.507545816057987764e+00 4.242257072028646547e+00 4.662638956614615360e+00 5.000000000000000000e+02 5.000000000000000000e+02 5.000000000000000000e+02 5.000000000000000000e+02 5.000000000000000000e+02 5.000000000000000000e+02 5.000000000000000000e+02 5.000000000000000000e+02 5.000000000000000000e+02 5.000000000000000000e+02 5.000000000000000000e+02 5.000000000000000000e+02 5.000000000000000000e+02 5.000000000000000000e+02 5.000000000000000000e+02 5.000000000000000000e+02
-9.070140847755795442e-10 1.174286211914062551e+04 8.675963242187499418e+03 1.442654042480468661e+03 8.341662597656250566e-02 2.953254394531250049e-01 1.645335693359374907e-01 1.953774414062499909e-01 7.906591796874999634e-02 1.173878372851562563e+04 1.024899713287353507e+02 1.443764903564453107e+03 1.469669189453124969e-01 7.012026977539062012e-01 -2.135275878906250091e-01 -2.719336547851562425e-01 1.151453857421874949e-01 2.449299238442046445e+01 9.480794185899501514e+00 9.214868908662996461e+00 3.165591659606302954e+00 2.624570632921617186e+00 4.466113213319174768e+00 4.087633948337319190e+00 4.596235151566366639e+00 2.476505810461338442e+01 7.714301943980087728e+00 9.354840706584806043e+00 3.147042449829880351e+00 2.443353832457736186e+00 4.544952919950673298e+00 3.849828461133964375e+00 4.601727081534050079e+00 5.000000000000000000e+02 5.000000000000000000e+02 5.000000000000000000e+02 5.000000000000000000e+02 5.000000000000000000e+02 5.000000000000000000e+02 5.000000000000000000e+02 5.000000000000000000e+02 5.000000000000000000e+02 5.000000000000000000e+02 5.000000000000000000e+02 5.000000000000000000e+02 5.000000000000000000e+02 5.000000000000000000e+02 5.000000000000000000e+02 5.000000000000000000e+02
-9.069888011231865929e-10 1.173800251367187411e+04 8.675967156250000698e+03 1.441888441406249967e+03 1.385055847167968868e-01 4.363071899414062704e-01 2.927500610351562726e-01 -1.607928466796874900e-02 -6.090112304687499839e-02 1.174197531835937480e+04 1.018963306274414009e+02 1.442925000244140620e+03 2.006103515625000042e-02 5.760197143554687260e-01 2.181332397460937489e-01 -4.244995117187500000e-02 1.432226562500000036e-02 2.509718459226153797e+01 9.390003721816166049e+00 9.218620509323987022e+00 3.099318657190847315e+00 2.506683832284586355e+00 4.320219671675990192e+00 4.136462010227923258e+00 4.875959716250379827e+00 2.395962731863872008e+01 8.069169483959473865e+00 9.275580394821854924e+00 3.138982586014385845e+00 2.699355381459304759e+00 4.295657452404197940e+00 4.048582772242857786e+00 4.697809865525533368e+00 5.000000000000000000e+02 5.000000000000000000e+02 5.000000000000000000e+02 5.000000000000000000e+02 5.000000000000000000e+02 5.000000000000000000e+02 5.000000000000000000e+02 5.000000000000000000e+02 5.000000000000000000e+02 5.000000000000000000e+02 5.000000000000000000e+02 5.000000000000000000e+02 5.000000000000000000e+02 5.000000000000000000e+02 5.000000000000000000e+02 5.000000000000000000e+02
-9.069638443570647744e-10 1.174121445507812496e+04 8.675200851562500247e+03 1.443778568359374958e+03 9.280603027343750644e-02 3.959093017578125262e-01 1.422467041015624926e-02 7.099725341796875311e-02 -3.975427246093749672e-02 1.174145462109374967e+04 1.015667633209228455e+02 1.444829196044921900e+03 -2.068884277343750050e-02 6.194305419921875000e-01 -3.122247314453124867e-01 -2.326088867187499909e-01 -3.988762207031250062e-01 2.400327069724590956e+01 9.256987471500430331e+00 9.050249136881921785e+00 3.103607538260979126e+00 2.740247196821365527e+00 4.172204427670870075e+00 4.294708835088899335e+00 4.716471034093045134e+00 2.440562200223283895e+01 8.284082646771608438e+00 9.122532958575050088e+00 3.115366061713211732e+00 2.472193203287778474e+00 4.506678078507656338e+00 4.100638179160057462e+00 4.392643099437308685e+00 5.000000000000000000e+02 5.000000000000000000e+02 5.000000000000000000e+02 5.000000000000000000e+02 5.000000000000000000e+02 5.000000000000000000e+02 5.000000000000000000e+02 5.000000000000000000e+02 5.000000000000000000e+02 5.000000000000000000e+02 5.000000000000000000e+02 5.000000000000000000e+02 5.000000000000000000e+02 5.000000000000000000e+02 5.000000000000000000e+02 5.000000000000000000e+02
-9.069388208794588297e-10 1.174311024609375090e+04 8.675817910156249127e+03 1.444058479980468746e+03 5.901620483398437728e-02 3.920065307617187633e-01 9.527197265624999523e-02 -1.408336791992187420e-01 1.681218261718749885e-01 1.173957124414062491e+04 1.017518039398193395e+02 1.445169854980468699e+03 1.608886108398437376e-01 3.809790649414062647e-01 9.969158935546874878e-02 -5.547027587890625278e-02 8.529101562499999400e-02 2.432715046903561884e+01 9.272367198154565671e+00 8.885697462875022268e+00 3.260410394741903861e+00 2.687775071766656865e+00 4.435699228824288909e+00 4.271341314722677751e+00 4.631859325299997110e+00 2.456732534589849593e+01 7.760837999124238884e+00 8.780276214256092615e+00 3.195023418978797380e+00 2.671397313766497472e+00 4.520526354327547125e+00 4.056650015489928762e+00 4.744859568138023675e+00 5.000000000000000000e+02 5.000000000000000000e+02 5.000000000000000000e+02 5.000000000000000000e+02 5.000000000000000000e+02 5.000000000000000000e+02 5.000000000000000000e+02 5.000000000000000000e+02 5.000000000000000000e+02 5.000000000000000000e+02 5.000000000000000000e+02 5.000000000000000000e+02 5.000000000000000000e+02 5.000000000000000000e+02 5.000000000000000000e+02 5.000000000000000000e+02
-9.069138974690791261e-10 1.173967842968749937e+04 8.675363841796874112e+03 1.443373588867187436e+03 7.434985351562499456e-02 5.083979492187500338e-01 8.438897705078124423e-02 -6.670349121093749334e-02 1.701101074218749898e-01 1.174299992187499993e+04 1.014046365966796941e+02 1.444290386474609477e+03 3.796670532226562728e-02 5.911371459960937935e-01 -5.290264892578124684e-02 8.999816894531249833e-02 2.925786132812500107e-01 2.421975587276586594e+01 9.327191484089784268e+00 8.759702625273847687e+00 3.163708684087575662e+00 2.493270998134766270e+00 4.536365152813639945e+00 3.854933563566551147e+00 4.575385364312275271e+00 2.395518410464033821e+01 7.833649041600218688e+00 8.888737164927766443e+00 3.088958087377635664e+00 2.656732770980351432e+00 4.604759919640817323e+00 4.210496205394797187e+00 5.020945814119786021e+00 5.000000000000000000e+02 5.000000000000000000e+02 5.000000000000000000e+02 5.000000000000000000e+02 5.000000000000000000e+02 5.000000000000000000e+02 5.000000000000000000e+02 5.000000000000000000e+02 5.000000000000000000e+02 5.000000000000000000e+02 5.000000000000000000e+02 5.000000000000000000e+02 5.000000000000000000e+02 5.000000000000000000e+02 5.000000000000000000e+02 5.000000000000000000e+02
-9.068889807298474732e-10 1.174033244531250057e+04 8.675866621093749927e+03 1.442177642822265625e+03 3.345547485351562517e-02 6.206731567382812731e-01 -2.233055419921874951e-01 3.385552978515624784e-02 -6.103295898437500339e-02 1.174101903906249936e+04 1.022651755523681629e+02 1.443086495117187496e+03 1.130609130859375026e-02 4.076632080078125275e-01 2.287084350585937564e-01 -3.229376831054687758e-01 -1.531790771484375091e-01 2.440856787224090496e+01 9.283483257557820778e+00 9.276159286509356505e+00 3.111814576832637957e+00 2.565769282249454442e+00 4.609567966845657061e+00 4.006351429680171883e+00 4.716989441339971556e+00 2.436199301676049700e+01 8.253323166079701068e+00 9.308933799709491197e+00 2.991018335051343069e+00 2.359655958692429500e+00 4.639280616391291190e+00 3.892439119226303035e+00 4.665863756008216789e+00 5.000000000000000000e+02 5.000000000000000000e+02 5.000000000000000000e+02 5.000000000000000000e+02 5.000000000000000000e+02 5.000000000000000000e+02 5.000000000000000000e+02 5.000000000000000000e+02 5.000000000000000000e+02 5.000000000000000000e+02 5.000000000000000000e+02 5.000000000000000000e+02 5.000000000000000000e+02 5.000000000000000000e+02 5.000000000000000000e+02 5.000000000000000000e+02
-9.068638371715707217e-10 1.174400402148437570e+04 8.675569714843750262e+03 1.442630745361328081e+03 1.814280700683593706e-01 4.473898925781250036e-01 1.583665161132812582e-01 7.459472656250000500e-02 -1.765341796874999869e-01 1.173925777539062437e+04 1.019281755218505907e+02 1.443785767333984268e+03 1.887219238281249989e-02 5.363097534179687154e-01 2.902276611328125089e-01 -2.090279541015624964e-01 -2.935104980468750124e-01 2.431518929191667411e+01 9.445766386775067858e+00 9.060025193936519727e+00 3.151563366015073697e+00 2.512072786817987957e+00 4.786269458670694199e+00 3.842170612608840852e+00 4.565718340601344849e+00 2.313457420354162863e+01 7.722362887616454508e+00 9.156783402433388730e+00 2.989129091219945078e+00 2.580541188301648692e+00 4.489226824725016662e+00 4.209043805313156028e+00 4.506376867241435491e+00 5.000000000000000000e+02 5.000000000000000000e+02 5.000000000000000000e+02 5.000000000000000000e+02 5.000000000000000000e+02 5.000000000000000000e+02 5.000000000000000000e+02 5.000000000000000000e+02 5.000000000000000000e+02 5.000000000000000000e+02 5.000000000000000000e+02 5.000000000000000000e+02 5.000000000000000000e+02 5.000000000000000000e+02 5.000000000000000000e+02 5.000000000000000000e+02
-9.068388003516683653e-10 1.174037987695312586e+04 8.676550095703125407e+03 1.441445231445312402e+03 2.403359985351562547e-02 6.305040283203124929e-01 -4.352283325195312469e-01 2.174743652343750014e-02 2.464340820312500013e-01 1.174319954492187571e+04 1.023912000579833972e+02 1.442466662109374965e+03 1.768498840332031197e-01 5.581765747070313033e-01 -1.872724609374999960e-01 5.172875976562500006e-02 -1.882684326171875089e-01 2.447694634508061284e+01 9.748083853659348819e+00 8.892471289133151657e+00 3.046916767109704605e+00 2.572281192093985425e+00 4.725744010221771596e+00 4.208190472382915992e+00 4.765138343006391608e+00 2.309340530601694041e+01 7.671482210086377762e+00 8.885427651487114886e+00 3.065944053635565769e+00 2.630337256689820880e+00 4.211991562624514351e+00 4.092480613228880237e+00 4.562380137284028692e+00 5.000000000000000000e+02 5.000000000000000000e+02 5.000000000000000000e+02 5.000000000000000000e+02 5.000000000000000000e+02 5.000000000000000000e+02 5.000000000000000000e+02 5.000000000000000000e+02 5.000000000000000000e+02 5.000000000000000000e+02 5.000000000000000000e+02 5.000000000000000000e+02 5.000000000000000000e+02 5.000000000000000000e+02 5.000000000000000000e+02 5.000000000000000000e+02
-9.068138502566947010e-10 1.174036833789062439e+04 8.675898515625000073e+03 1.443052493652343856e+03 4.748318481445312766e-02 4.861492919921874822e-01 -2.378505249023437629e-01 -8.212536621093749489e-02 2.339548339843749991e-01 1.174291022460937529e+04 1.018047388610839903e+02 1.443968018798828098e+03 1.382205200195312476e-02 5.604038085937500524e-01 -4.542791748046875328e-02 2.122654418945312538e-01 -2.326535644531249891e-01 2.388458917842077511e+01 9.318300196966776028e+00 9.108989835205445473e+00 3.022902100192823127e+00 2.499600935692437353e+00 4.803108457613391558e+00 4.113839859982959979e+00 4.471421365050918695e+00 2.466134657974546585e+01 8.218170366521423631e+00 9.206809871841100446e+00 3.019648325269602918e+00 2.359479068530663248e+00 4.277819478722616253e+00 4.126634617949254569e+00 4.820669599930084814e+00 5.000000000000000000e+02 5.000000000000000000e+02 5.000000000000000000e+02 5.000000000000000000e+02 5.000000000000000000e+02 5.000000000000000000e+02 5.000000000000000000e+02 5.000000000000000000e+02 5.000000000000000000e+02 5.000000000000000000e+02 5.000000000000000000e+02 5.000000000000000000e+02 5.000000000000000000e+02 5.000000000000000000e+02 5.000000000000000000e+02 5.000000000000000000e+02
-9.067889268463147905e-10 1.174391594335937589e+04 8.676692158203124563e+03 1.443374697998046940e+03 1.000723571777343696e-01 3.868566284179687509e-01 4.134309082031250027e-01 9.961145019531250644e-02 -8.545422363281250655e-02 1.173994816601562525e+04 1.027833673706054753e+02 1.444256971923828132e+03 -2.489105224609375073e-03 6.742901611328124822e-01 -1.335750732421875087e-01 -3.459215087890625262e-01 2.027440185546874885e-01 2.405218141152936084e+01 9.596525407525854590e+00 8.832516670696289651e+00 3.067304064594570612e+00 2.630513050696106081e+00 4.568187020928404785e+00 4.051774145028534058e+00 4.699064319747519036e+00 2.498170502172462903e+01 8.119410570871576027e+00 8.993182897765292338e+00 3.083760239070401088e+00 2.430600563809302006e+00 4.539467745209521787e+00 3.948863514773094163e+00 4.818229498545647971e+00 5.000000000000000000e+02 5.000000000000000000e+02 5.000000000000000000e+02 5.000000000000000000e+02 5.000000000000000000e+02 5.000000000000000000e+02 5.000000000000000000e+02 5.000000000000000000e+02 5.000000000000000000e+02 5.000000000000000000e+02 5.000000000000000000e+02 5.000000000000000000e+02 5.000000000000000000e+02 5.000000000000000000e+02 5.000000000000000000e+02 5.000000000000000000e+02
-9.067637499322962344e-10 1.174218870507812426e+04 8.677502083984374622e+03 1.442404203125000095e+03 1.045168762207031310e-01 4.823698120117187460e-01 4.582698364257812296e-01 -9.592205810546874933e-02 1.994321289062500058e-01 1.174229059374999997e+04 1.033228897552490224e+02 1.443361958007812518e+03 4.075585937500000172e-02 4.219031982421875271e-01 -3.825833129882812433e-01 2.631243896484374845e-01 -8.435302734375000472e-03 2.431494800046780824e+01 9.558959744213330723e+00 9.148226322852801573e+00 3.042412739531871413e+00 2.465504730511557607e+00 4.345895070468891674e+00 4.098546644408417094e+00 4.458257913349743973e+00 2.394903739717679869e+01 7.482006532135481613e+00 9.177493942224195678e+00 3.063990335955536715e+00 2.639249417001195308e+00 4.338306475550235852e+00 4.171268139706054257e+00 4.918054064492579869e+00 5.000000000000000000e+02 5.000000000000000000e+02 5.000000000000000000e+02 5.000000000000000000e+02 5.000000000000000000e+02 5.000000000000000000e+02 5.000000000000000000e+02 5.000000000000000000e+02 5.000000000000000000e+02 5.000000000000000000e+02 5.000000000000000000e+02 5.000000000000000000e+02 5.000000000000000000e+02 5.000000000000000000e+02 5.000000000000000000e+02 5.000000000000000000e+02
-9.067390666832582478e-10 1.174035936914062586e+04 8.677109277343750364e+03 1.442665148681640630e+03 1.345831298828125133e-01 3.728796386718750133e-01 2.631535644531249885e-01 -1.266940917968749913e-01 3.751441650390625049e-01 1.174386626757812519e+04 1.030457714996337870e+02 1.443699193115234266e+03 1.281116943359374982e-01 4.441238403320312278e-01 -7.892175292968750533e-02 1.506247558593749869e-01 4.073999023437500089e-01 2.446581674712793131e+01 9.582903911478645398e+00 9.191535530130847675e+00 3.178462357929944027e+00 2.425850187844261097e+00 4.598761484702881930e+00 4.112173948159851378e+00 4.802453036515746732e+00 2.358354009922658179e+01 7.600859604980837680e+00 9.127325848321204305e+00 3.145112959150794030e+00 2.748929355013438158e+00 4.574349144540594381e+00 3.977212425318675137e+00 5.032259060187648458e+00 5.000000000000000000e+02 5.000000000000000000e+02 5.000000000000000000e+02 5.000000000000000000e+02 5.000000000000000000e+02 5.000000000000000000e+02 5.000000000000000000e+02 5.000000000000000000e+02 5.000000000000000000e+02 5.000000000000000000e+02 5.000000000000000000e+02 5.000000000000000000e+02 5.000000000000000000e+02 5.000000000000000000e+02 5.000000000000000000e+02 5.000000000000000000e+02
-9.067137830308653999e-10 1.174280232421875007e+04 8.675202859375000116e+03 1.443702215820312404e+03 4.263320922851562833e-02 5.782463378906249618e-01 2.043192138671874880e-01 5.227386474609375250e-02 5.507678222656250261e-02 1.173923314453125022e+04 1.017289959411621112e+02 1.444756508544921871e+03 1.452669982910156365e-01 6.160339965820312846e-01 2.990192260742187691e-01 -3.518652343749999883e-02 5.177978515624999910e-03 2.396541650939018808e+01 9.214202782189893526e+00 9.220259620331356487e+00 3.077087365938980135e+00 2.524699208369051817e+00 4.552806803919100531e+00 4.363839108029480052e+00 4.647854522681018175e+00 2.440757510862834678e+01 8.005017599869331590e+00 9.303152946614130059e+00 2.996314195757693088e+00 2.627622000126965229e+00 4.510083245591635759e+00 4.212827536000022022e+00 4.831190775817750804e+00 5.000000000000000000e+02 5.000000000000000000e+02 5.000000000000000000e+02 5.000000000000000000e+02 5.000000000000000000e+02 5.000000000000000000e+02 5.000000000000000000e+02 5.000000000000000000e+02 5.000000000000000000e+02 5.000000000000000000e+02 5.000000000000000000e+02 5.000000000000000000e+02 5.000000000000000000e+02 5.000000000000000000e+02 5.000000000000000000e+02 5.000000000000000000e+02
-9.066886928417758460e-10 1.174249158007812548e+04 8.675772505859375087e+03 1.441509728759765721e+03 2.082113037109374898e-01 5.156634521484374512e-01 1.069420776367187437e-01 1.415392456054687387e-01 -2.825720214843750050e-02 1.174072032031249910e+04 1.017949917907714905e+02 1.442170731689453078e+03 3.224277648925781281e-01 5.613814697265625542e-01 -3.746383666992187389e-01 -1.997076416015625133e-01 2.834105224609375084e-01 2.426575154946612045e+01 9.194100549830366731e+00 9.055904034523729607e+00 3.137490261844183337e+00 2.628013779529178251e+00 4.535382415618070873e+00 4.050200346025076392e+00 4.815362512645184445e+00 2.382130194998151751e+01 8.252436927250370147e+00 9.182308510542961599e+00 2.967397375657907510e+00 2.245283964548948408e+00 4.300221906635054658e+00 3.775205028177885058e+00 4.538098314641331399e+00 5.000000000000000000e+02 5.000000000000000000e+02 5.000000000000000000e+02 5.000000000000000000e+02 5.000000000000000000e+02 5.000000000000000000e+02 5.000000000000000000e+02 5.000000000000000000e+02 5.000000000000000000e+02 5.000000000000000000e+02 5.000000000000000000e+02 5.000000000000000000e+02 5.000000000000000000e+02 5.000000000000000000e+02 5.000000000000000000e+02 5.000000000000000000e+02
-9.066640029215892916e-10 1.173892945507812510e+04 8.676109771484374505e+03 1.442126093017578114e+03 2.297808837890625080e-02 6.999533081054687411e-01 3.257864379882812744e-01 -4.277944946289062300e-01 8.255578613281250311e-02 1.174424115429687481e+04 1.017786039123535176e+02 1.442897728027343646e+03 7.620547485351562844e-02 4.302768554687499969e-01 -3.759149169921875006e-02 -3.503619384765625094e-02 -5.461132812499999711e-02 2.423488073685531674e+01 9.521445107749753944e+00 8.916463504782145222e+00 3.204002799018359493e+00 2.637579714885052606e+00 4.650652802835745447e+00 4.074505483052019095e+00 4.676466598507689199e+00 2.417350388676921824e+01 7.970191318841140848e+00 8.823201505384325571e+00 3.059449974085489021e+00 2.332862614257900091e+00 4.486099985270003643e+00 3.989189069744610183e+00 4.820926698768881025e+00 5.000000000000000000e+02 5.000000000000000000e+02 5.000000000000000000e+02 5.000000000000000000e+02 5.000000000000000000e+02 5.000000000000000000e+02 5.000000000000000000e+02 5.000000000000000000e+02 5.000000000000000000e+02 5.000000000000000000e+02 5.000000000000000000e+02 5.000000000000000000e+02 5.000000000000000000e+02 5.000000000000000000e+02 5.000000000000000000e+02 5.000000000000000000e+02
-9.066388193364223746e-10 1.174248577734375067e+04 8.676692781249999825e+03 1.441864414794921913e+03 1.126162719726562511e-01 5.928863525390625222e-01 4.121118164062499700e-02 3.181868286132812362e-01 -1.008446044921875034e-01 1.174105450390625083e+04 1.028135835876464910e+02 1.442656427734375029e+03 5.242233276367187778e-02 5.709936523437499911e-01 1.437885742187499927e-01 1.294053344726562582e-01 -2.208431396484374920e-01 2.461419330376731551e+01 9.850546768307484768e+00 9.165369598401918338e+00 3.042906825744831512e+00 2.346339987217104017e+00 4.694440960715887456e+00 3.870361636650602843e+00 4.729308423252203575e+00 2.554059655834544174e+01 7.846328671950867140e+00 9.087662017927920388e+00 3.156620814691021959e+00 2.611019270435436468e+00 4.345367621474955477e+00 4.197514060947147740e+00 4.680866511510484607e+00 5.000000000000000000e+02 5.000000000000000000e+02 5.000000000000000000e+02 5.000000000000000000e+02 5.000000000000000000e+02 5.000000000000000000e+02 5.000000000000000000e+02 5.000000000000000000e+02 5.000000000000000000e+02 5.000000000000000000e+02 5.000000000000000000e+02 5.000000000000000000e+02 5.000000000000000000e+02 5.000000000000000000e+02 5.000000000000000000e+02 5.000000000000000000e+02
-9.066137024627390668e-10 1.174382885937500032e+04 8.676920249999999214e+03 1.441348328125000080e+03 7.653915405273437056e-02 4.768469238281249911e-01 -7.812493896484375144e-02 1.348866577148437607e-01 -7.926647949218749989e-02 1.173953924804687449e+04 1.030532816314697300e+02 1.442315153564453112e+03 -4.942172241210937567e-02 4.413792724609374996e-01 -7.404943847656250688e-02 -1.427911376953124867e-01 -1.158668212890625049e-01 2.385878176517095639e+01 9.504420437744844463e+00 9.250843512078539277e+00 3.034831885417047737e+00 2.601915075959559509e+00 4.406547959474317544e+00 3.990656203948173886e+00 4.874666379285004680e+00 2.352049360593197136e+01 8.145784818816107276e+00 9.512443638596812079e+00 3.170798856614881700e+00 2.575400690753554489e+00 4.432237496863245418e+00 4.036225255773703502e+00 4.550580468588515615e+00 5.000000000000000000e+02 5.000000000000000000e+02 5.000000000000000000e+02 5.000000000000000000e+02 5.000000000000000000e+02 5.000000000000000000e+02 5.000000000000000000e+02 5.000000000000000000e+02 5.000000000000000000e+02 5.000000000000000000e+02 5.000000000000000000e+02 5.000000000000000000e+02 5.000000000000000000e+02 5.000000000000000000e+02 5.000000000000000000e+02 5.000000000000000000e+02
-9.065887590389139701e-10 1.173908563281249917e+04 8.676562607421874418e+03 1.442777385253906232e+03 6.941677856445312156e-02 3.942692260742187704e-01 -5.008557128906249850e-02 -2.609004516601562407e-01 6.099890136718749689e-02 1.174370399218750026e+04 1.019355428619384725e+02 1.443501255859375078e+03 1.280614013671874940e-01 5.236929321289062189e-01 1.278471069335937460e-01 2.855096435546874978e-01 2.399743652343749867e-02 2.430706376868589302e+01 9.175510293864478584e+00 9.083026931048950203e+00 3.183443983405531696e+00 2.557639335008909498e+00 4.970096922458701272e+00 3.888208649162288921e+00 4.908124535805852062e+00 2.374355039338349727e+01 7.809087129944057182e+00 9.137015327112994356e+00 3.092659111061158317e+00 2.653483719848925837e+00 4.394361452081696484e+00 3.993601726822621156e+00 4.530704143884671353e+00 5.000000000000000000e+02 5.000000000000000000e+02 5.000000000000000000e+02 5.000000000000000000e+02 5.000000000000000000e+02 5.000000000000000000e+02 5.000000000000000000e+02 5.000000000000000000e+02 5.000000000000000000e+02 5.000000000000000000e+02 5.000000000000000000e+02 5.000000000000000000e+02 5.000000000000000000e+02 5.000000000000000000e+02 5.000000000000000000e+02 5.000000000000000000e+02
-9.065640757898760869e-10 1.174192518750000090e+04 8.676143443359374942e+03 1.442170356201171899e+03 6.246099853515624939e-02 2.519772949218749836e-01 -1.088336181640624928e-02 2.169183349609375006e-02 2.418895263671874962e-01 1.174155080273437488e+04 1.025218898162841867e+02 1.442988571044921855e+03 1.221387023925781246e-01 7.134927978515624991e-01 3.154580078124999964e-01 1.046802978515625066e-01 1.307449951171875124e-01 2.380899325144403633e+01 9.701443566975715527e+00 9.170556078073380135e+00 3.125220605821610320e+00 2.407775787431015502e+00 4.544025192154045101e+00 3.862763010039429457e+00 4.385368609661406403e+00 2.384888223898857262e+01 7.779864509949865337e+00 9.055451514168783689e+00 3.196283316013896147e+00 2.743539336338060686e+00 4.439348351862051345e+00 4.120779733250961918e+00 4.403430610579086135e+00 5.000000000000000000e+02 5.000000000000000000e+02 5.000000000000000000e+02 5.000000000000000000e+02 5.000000000000000000e+02 5.000000000000000000e+02 5.000000000000000000e+02 5.000000000000000000e+02 5.000000000000000000e+02 5.000000000000000000e+02 5.000000000000000000e+02 5.000000000000000000e+02 5.000000000000000000e+02 5.000000000000000000e+02 5.000000000000000000e+02 5.000000000000000000e+02
-9.065388054797799609e-10 1.174302602148437472e+04 8.676416230468750655e+03 1.442134739257812498e+03 1.159386901855468804e-01 4.421493530273437611e-01 -1.231035766601562553e-01 -6.321527099609375311e-02 -1.959777832031249847e-02 1.173902336132812525e+04 1.029899306030273465e+02 1.443130781982421922e+03 2.390445861816406226e-01 5.663705444335938033e-01 -1.586704711914062593e-01 -4.010986328124999632e-03 2.784215087890625218e-01 2.400630672919251651e+01 9.004758251764132027e+00 9.058197919307346524e+00 3.214506092136703241e+00 2.671483361289517688e+00 4.253085026485499576e+00 4.051365642521815857e+00 4.587539467563000350e+00 2.446572764915943310e+01 8.070238989531379303e+00 8.955853345513494546e+00 3.055651900116113762e+00 2.610685826296484269e+00 4.355222460936222895e+00 3.934831059317264845e+00 4.936932903354895430e+00 5.000000000000000000e+02 5.000000000000000000e+02 5.000000000000000000e+02 5.000000000000000000e+02 5.000000000000000000e+02 5.000000000000000000e+02 5.000000000000000000e+02 5.000000000000000000e+02 5.000000000000000000e+02 5.000000000000000000e+02 5.000000000000000000e+02 5.000000000000000000e+02 5.000000000000000000e+02 5.000000000000000000e+02 5.000000000000000000e+02 5.000000000000000000e+02
-9.065139354385872480e-10 1.173904861718749999e+04 8.675862662109375378e+03 1.443484096679687582e+03 1.790381164550781112e-01 5.504337768554687926e-01 2.237472534179687500e-01 -5.138903808593749817e-02 -3.472022705078124938e-01 1.174290599414062490e+04 1.015389142608642601e+02 1.444244285400390709e+03 3.089019775390625111e-03 5.288636474609375027e-01 -4.802826538085937513e-01 -5.796173095703124889e-02 -4.143124999999999725e-01 2.458536391228328455e+01 9.238078596814956356e+00 9.094691947296535517e+00 3.019122911339504611e+00 2.506176232985830588e+00 4.620558758781388775e+00 4.250852853545915799e+00 4.792954187076550632e+00 2.408729261849190451e+01 7.926829123612495032e+00 9.081463400426018850e+00 3.165439038479354039e+00 2.601643313630768173e+00 4.324372723494149362e+00 3.965529388453544968e+00 4.643118399222251114e+00 5.000000000000000000e+02 5.000000000000000000e+02 5.000000000000000000e+02 5.000000000000000000e+02 5.000000000000000000e+02 5.000000000000000000e+02 5.000000000000000000e+02 5.000000000000000000e+02 5.000000000000000000e+02 5.000000000000000000e+02 5.000000000000000000e+02 5.000000000000000000e+02 5.000000000000000000e+02 5.000000000000000000e+02 5.000000000000000000e+02 5.000000000000000000e+02
-9.064888986186845815e-10 1.174067380273437448e+04 8.676282835937499840e+03 1.443373212402343825e+03 5.873300170898437811e-02 5.956765136718750187e-01 -1.065183715820312432e-01 1.836871948242187469e-01 -4.873291015625000333e-02 1.174159677539062432e+04 1.029048938598632787e+02 1.444203755859374951e+03 8.317776489257812378e-02 4.517131347656250240e-01 3.907766113281250231e-01 5.319207763671875144e-02 3.832113037109374787e-01 2.400598091769847997e+01 9.751802237524676897e+00 8.907710210052997013e+00 3.191130692887256703e+00 2.528947151518788239e+00 4.566712012031346468e+00 4.019808457997291917e+00 4.820298181167246732e+00 2.449357750686906954e+01 8.019576527768682794e+00 8.988347324580875153e+00 3.040194104368059147e+00 2.473841431663851065e+00 4.781743647486279336e+00 4.096388076636541697e+00 4.991179461761463543e+00 5.000000000000000000e+02 5.000000000000000000e+02 5.000000000000000000e+02 5.000000000000000000e+02 5.000000000000000000e+02 5.000000000000000000e+02 5.000000000000000000e+02 5.000000000000000000e+02 5.000000000000000000e+02 5.000000000000000000e+02 5.000000000000000000e+02 5.000000000000000000e+02 5.000000000000000000e+02 5.000000000000000000e+02 5.000000000000000000e+02 5.000000000000000000e+02
-9.064637417181111081e-10 1.174313805078125006e+04 8.677090876953125189e+03 1.443486809570312516e+03 7.481677246093750011e-02 4.599039306640624880e-01 -1.867701416015624949e-01 -3.135082397460937642e-01 -3.936645507812500111e-02 1.173851810156250031e+04 1.033249714508056627e+02 1.444046729248046859e+03 -5.696694946289062450e-02 5.387733154296875382e-01 -1.340748291015624871e-01 -1.528088378906249968e-02 -1.297783203125000007e-01 2.428974268556529026e+01 9.599047579540197717e+00 8.738343539579862096e+00 3.128447432670522499e+00 2.635517677304445083e+00 4.462663401742597458e+00 4.077935474593963328e+00 4.646755221464198726e+00 2.413463850503982755e+01 8.443990451024676602e+00 8.926740668909655341e+00 3.073698009433086131e+00 2.481555367831229653e+00 4.525877901463764452e+00 4.084890519827200528e+00 4.901577109539534405e+00 5.000000000000000000e+02 5.000000000000000000e+02 5.000000000000000000e+02 5.000000000000000000e+02 5.000000000000000000e+02 5.000000000000000000e+02 5.000000000000000000e+02 5.000000000000000000e+02 5.000000000000000000e+02 5.000000000000000000e+02 5.000000000000000000e+02 5.000000000000000000e+02 5.000000000000000000e+02 5.000000000000000000e+02 5.000000000000000000e+02 5.000000000000000000e+02
-9.064387048982086484e-10 1.173903448046875019e+04 8.677160373046874156e+03 1.442705659667968803e+03 6.229965209960937333e-02 4.652562255859374885e-01 -2.022216796874999872e-03 -1.477754516601562373e-01 2.077666015624999862e-01 1.174337865429687554e+04 1.026397225341796826e+02 1.443354189453124945e+03 3.748922729492187161e-02 4.014562377929687398e-01 3.373919677734375094e-02 -1.911944580078124914e-02 -1.792320556640625007e-01 2.496774074521140108e+01 9.873777177872790745e+00 9.017400168216713752e+00 3.195951841557830075e+00 2.479232305880346932e+00 4.512531627570599113e+00 4.179869128726653393e+00 4.621472262084463267e+00 2.507760401909524717e+01 7.609876327788851036e+00 8.973076366413794247e+00 3.115856417117956134e+00 2.621733121415385614e+00 4.592117202958875488e+00 3.822382336922037993e+00 4.808711515610124110e+00 5.000000000000000000e+02 5.000000000000000000e+02 5.000000000000000000e+02 5.000000000000000000e+02 5.000000000000000000e+02 5.000000000000000000e+02 5.000000000000000000e+02 5.000000000000000000e+02 5.000000000000000000e+02 5.000000000000000000e+02 5.000000000000000000e+02 5.000000000000000000e+02 5.000000000000000000e+02 5.000000000000000000e+02 5.000000000000000000e+02 5.000000000000000000e+02
-9.064140149780221974e-10 1.174033929687499949e+04 8.675983439453124447e+03 1.443118720703125064e+03 2.789440917968749947e-02 7.865236206054687651e-01 -1.335769042968749931e-01 -2.536546630859374818e-01 1.857922363281249920e-02 1.174176674609375004e+04 1.027342694702148407e+02 1.443916967529296926e+03 -3.128393554687500244e-02 6.614667358398437225e-01 -3.706072998046874845e-02 4.297222900390625100e-02 -2.600678710937500138e-01 2.480286885731182878e+01 9.380913118123974215e+00 8.904078237135218288e+00 3.190721378565223532e+00 2.447371005325523985e+00 4.503443893906197815e+00 4.132992330756283472e+00 4.619770645326886971e+00 2.434616969627913363e+01 7.979403606129968018e+00 8.972244769917693930e+00 3.109481401437243164e+00 2.760916813695496685e+00 4.535233330861910162e+00 4.164734645622777620e+00 4.587142348093299127e+00 5.000000000000000000e+02 5.000000000000000000e+02 5.000000000000000000e+02 5.000000000000000000e+02 5.000000000000000000e+02 5.000000000000000000e+02 5.000000000000000000e+02 5.000000000000000000e+02 5.000000000000000000e+02 5.000000000000000000e+02 5.000000000000000000e+02 5.000000000000000000e+02 5.000000000000000000e+02 5.000000000000000000e+02 5.000000000000000000e+02 5.000000000000000000e+02
-9.063886646141456369e-10 1.174280894921875006e+04 8.675919042968749636e+03 1.444136063476562413e+03 4.182785034179687528e-02 4.689400024414062673e-01 1.137047729492187548e-01 7.448382568359375455e-02 1.699652099609375022e-01 1.173936501367187520e+04 1.024452531280517604e+02 1.444926832763671882e+03 1.526774902343749907e-01 3.336425170898437709e-01 3.678369140624999922e-02 6.280200195312500566e-02 -3.606738281249999983e-02 2.452066953201386212e+01 9.121272318351243413e+00 8.978836243975298004e+00 3.063905853955375846e+00 2.513684000931335039e+00 4.442839011667426341e+00 4.023650019245756937e+00 4.400912431893702959e+00 2.425619960927949492e+01 7.906520461579498615e+00 8.972544363096490727e+00 3.132766787958446209e+00 2.445479153773968406e+00 4.181668245347764490e+00 3.951814886046991049e+00 4.379571368927611452e+00 5.000000000000000000e+02 5.000000000000000000e+02 5.000000000000000000e+02 5.000000000000000000e+02 5.000000000000000000e+02 5.000000000000000000e+02 5.000000000000000000e+02 5.000000000000000000e+02 5.000000000000000000e+02 5.000000000000000000e+02 5.000000000000000000e+02 5.000000000000000000e+02 5.000000000000000000e+02 5.000000000000000000e+02 5.000000000000000000e+02 5.000000000000000000e+02
-9.063636811634301680e-10 1.173930182226562465e+04 8.676496640625000509e+03 1.443292044677734339e+03 2.106134033203125103e-02 4.906762695312499867e-01 -1.329698486328124984e-01 3.114641113281250151e-01 -3.322216796875000072e-02 1.174348288867187512e+04 1.017930001373291020e+02 1.444131181884765738e+03 7.987792968750000167e-02 3.332700195312500169e-01 1.005081787109375069e-01 -6.993072509765624334e-02 2.455678710937500009e-01 2.371314362986462143e+01 9.303209806825188721e+00 9.042962032146801832e+00 3.238436239750983603e+00 2.424284458892164817e+00 4.634408750298591784e+00 3.954156139116884461e+00 4.764086918348638733e+00 2.398563776961774252e+01 7.609336569831710584e+00 8.876948642418057034e+00 3.171255581644237154e+00 2.445646625266161500e+00 4.562176129931962976e+00 3.772907063062432620e+00 4.974674433089397496e+00 5.000000000000000000e+02 5.000000000000000000e+02 5.000000000000000000e+02 5.000000000000000000e+02 5.000000000000000000e+02 5.000000000000000000e+02 5.000000000000000000e+02 5.000000000000000000e+02 5.000000000000000000e+02 5.000000000000000000e+02 5.000000000000000000e+02 5.000000000000000000e+02 5.000000000000000000e+02 5.000000000000000000e+02 5.000000000000000000e+02 5.000000000000000000e+02
-9.063389512163535515e-10 1.174104245117187565e+04 8.676046728515624636e+03 1.443005803955078136e+03 2.897814941406250122e-02 4.824241333007812660e-01 -1.074253540039062510e-01 4.180748901367187242e-01 4.504453124999999725e-01 1.174116245703125060e+04 1.025123468780517584e+02 1.444026501464843705e+03 -2.742193603515625036e-02 4.379503173828124818e-01 -3.220489501953124889e-02 1.968444824218749944e-01 2.201896972656250118e-01 2.414440215185855010e+01 9.378683951250929240e+00 8.819209213128571534e+00 2.967280975401446863e+00 2.477141417872706697e+00 4.564999691212043409e+00 4.044255514989648859e+00 4.834519541831707734e+00 2.525349584860209617e+01 7.811566199341846151e+00 8.745709219123714462e+00 3.108748014401176540e+00 2.822306976229996156e+00 4.642843740456811474e+00 3.867131390746870956e+00 4.680182166120865794e+00 5.000000000000000000e+02 5.000000000000000000e+02 5.000000000000000000e+02 5.000000000000000000e+02 5.000000000000000000e+02 5.000000000000000000e+02 5.000000000000000000e+02 5.000000000000000000e+02 5.000000000000000000e+02 5.000000000000000000e+02 5.000000000000000000e+02 5.000000000000000000e+02 5.000000000000000000e+02 5.000000000000000000e+02 5.000000000000000000e+02 5.000000000000000000e+02
-9.063137876446316138e-10 1.174355464453125023e+04 8.676310355468749549e+03 1.443855817138671910e+03 1.633894653320312473e-01 4.560637207031250084e-01 -1.738865356445312427e-01 -7.531774902343750522e-02 2.782999267578125102e-01 1.173934216601562548e+04 1.026833183441162163e+02 1.444649111816406275e+03 9.921688842773437877e-02 6.146069946289062225e-01 2.474439086914062558e-01 -3.368454589843750124e-01 -2.614108886718750080e-01 2.461685881428975975e+01 9.335587904794877545e+00 8.719444245570672436e+00 3.133762860699794928e+00 2.753861024573208027e+00 4.377052753262613116e+00 4.060449683352817196e+00 4.734516805387777971e+00 2.451233010806775781e+01 8.058833198877076498e+00 8.878693365460442521e+00 3.025233933535360187e+00 2.415677564101706309e+00 4.515353494897904163e+00 4.052927835396414658e+00 4.813304264071346594e+00 5.000000000000000000e+02 5.000000000000000000e+02 5.000000000000000000e+02 5.000000000000000000e+02 5.000000000000000000e+02 5.000000000000000000e+02 5.000000000000000000e+02 5.000000000000000000e+02 5.000000000000000000e+02 5.000000000000000000e+02 5.000000000000000000e+02 5.000000000000000000e+02 5.000000000000000000e+02 5.000000000000000000e+02 5.000000000000000000e+02 5.000000000000000000e+02
-9.062889776437742526e-10 1.174040737695312419e+04 8.677113691406249927e+03 1.444777392333984380e+03 7.976110839843750244e-02 5.639066162109375169e-01 -9.427856445312500500e-03 -1.662493896484374886e-02 1.985111083984374969e-01 1.174309624609374987e+04 1.030588123321533232e+02 1.445398200195312484e+03 1.196665344238281303e-01 5.067772216796875284e-01 2.678387451171874989e-02 -2.474968872070312520e-01 1.289453124999999922e-01 2.432430294873514143e+01 9.628460942039538395e+00 8.822451906184275217e+00 3.120822169426317405e+00 2.550437388575566011e+00 4.511045928817289052e+00 4.124441322279031930e+00 4.793475887226590793e+00 2.381098112571537939e+01 7.806855081507373839e+00 8.932174284494566407e+00 3.014567883103757229e+00 2.579928116930593873e+00 4.391872878694683457e+00 3.830566552829863802e+00 4.754240945837945986e+00 5.000000000000000000e+02 5.000000000000000000e+02 5.000000000000000000e+02 5.000000000000000000e+02 5.000000000000000000e+02 5.000000000000000000e+02 5.000000000000000000e+02 5.000000000000000000e+02 5.000000000000000000e+02 5.000000000000000000e+02 5.000000000000000000e+02 5.000000000000000000e+02 5.000000000000000000e+02 5.000000000000000000e+02 5.000000000000000000e+02 5.000000000000000000e+02
-9.062640208776523308e-10 1.173973880468750031e+04 8.676412457031250597e+03 1.443542298095703018e+03 1.091720581054687472e-01 5.138065795898437704e-01 6.562805175781250347e-03 -5.698614501953124661e-02 7.257552490234374654e-01 1.174345882812499985e+04 1.024596205749511739e+02 1.444157245117187585e+03 1.380833129882812482e-01 5.947460937499999822e-01 1.025477294921875032e-01 -2.460496826171874873e-01 -1.426322021484374980e-01 2.412182563581389161e+01 9.895514204884658938e+00 9.182768766213994738e+00 3.096529185017237840e+00 2.458741252724075732e+00 4.613433382353726131e+00 4.119498443104189001e+00 4.791276219043223428e+00 2.466854876467630575e+01 7.866738219410328803e+00 9.191304337672882241e+00 3.129218788977932153e+00 2.840117768610885385e+00 4.585724904779856281e+00 3.962275002103980093e+00 4.693958308043154837e+00 5.000000000000000000e+02 5.000000000000000000e+02 5.000000000000000000e+02 5.000000000000000000e+02 5.000000000000000000e+02 5.000000000000000000e+02 5.000000000000000000e+02 5.000000000000000000e+02 5.000000000000000000e+02 5.000000000000000000e+02 5.000000000000000000e+02 5.000000000000000000e+02 5.000000000000000000e+02 5.000000000000000000e+02 5.000000000000000000e+02 5.000000000000000000e+02
-9.062394176823950888e-10 1.174312891992187542e+04 8.675885919921875029e+03 1.443327804199218690e+03 3.022890319824218519e-01 4.851958007812500195e-01 3.236332397460937593e-01 1.267492675781249981e-02 2.865109863281249947e-01 1.173823932617187529e+04 1.021492532806396554e+02 1.444127774169921850e+03 7.289459228515625389e-02 3.717879028320312251e-01 -5.385302734374999845e-02 2.741751098632812522e-01 1.004882812500000056e-01 2.413692963722517604e+01 9.348087999453436936e+00 8.908627775895215706e+00 3.118234994847001396e+00 2.733168536466138665e+00 4.423470218968824419e+00 4.147377450053499004e+00 4.794330370698332011e+00 2.398274959241268078e+01 8.375841695486331062e+00 9.114369395035732069e+00 3.116044089379599757e+00 2.463090751177843707e+00 4.695876762276177452e+00 4.067904972590706159e+00 4.823229507835883112e+00 5.000000000000000000e+02 5.000000000000000000e+02 5.000000000000000000e+02 5.000000000000000000e+02 5.000000000000000000e+02 5.000000000000000000e+02 5.000000000000000000e+02 5.000000000000000000e+02 5.000000000000000000e+02 5.000000000000000000e+02 5.000000000000000000e+02 5.000000000000000000e+02 5.000000000000000000e+02 5.000000000000000000e+02 5.000000000000000000e+02 5.000000000000000000e+02
-9.062137938014342829e-10 1.174092072460937561e+04 8.676042177734374491e+03 1.442198754150390641e+03 1.593108825683593743e-01 4.946862182617187687e-01 -6.724011230468750211e-02 3.047438354492187362e-01 -5.711669921874999896e-03 1.174103531250000015e+04 1.019609143066406318e+02 1.443102310302734395e+03 6.314428710937500244e-02 3.726292724609375218e-01 2.259337158203124918e-01 -3.173250122070312429e-01 -6.117834472656250022e-02 2.419328879344847749e+01 9.608658144722605599e+00 9.123830069618657390e+00 3.100962488262105410e+00 2.548139831868292848e+00 4.524189672412780361e+00 4.010586081953715798e+00 4.527341788662443633e+00 2.415079157008650768e+01 8.202688040311025830e+00 9.141903256859922777e+00 3.124731532231504794e+00 2.578626996035499275e+00 4.680367914170771471e+00 3.987100826100232531e+00 4.646679647344857500e+00 5.000000000000000000e+02 5.000000000000000000e+02 5.000000000000000000e+02 5.000000000000000000e+02 5.000000000000000000e+02 5.000000000000000000e+02 5.000000000000000000e+02 5.000000000000000000e+02 5.000000000000000000e+02 5.000000000000000000e+02 5.000000000000000000e+02 5.000000000000000000e+02 5.000000000000000000e+02 5.000000000000000000e+02 5.000000000000000000e+02 5.000000000000000000e+02
-9.061888236930158460e-10 1.173844211718750012e+04 8.675943730468750800e+03 1.441803415039062429e+03 1.733113403320312440e-01 6.437802734374999947e-01 6.779193115234374845e-02 1.709656982421874916e-01 1.085103759765625037e-01 1.174319434179687414e+04 1.024588447113037120e+02 1.442648177001953172e+03 7.599478149414062855e-02 4.726259155273437318e-01 -2.941116943359374791e-01 -5.420355224609375161e-02 1.727103271484375091e-01 2.412811084542880735e+01 9.548952152006481953e+00 9.153651476488509076e+00 2.989327028703936850e+00 2.346864037403670000e+00 4.521741957236869780e+00 4.051545384585310217e+00 4.683957372988915679e+00 2.389209878977938928e+01 7.707675297918993529e+00 9.193167622845633602e+00 3.064528577114514096e+00 2.551954270669069658e+00 4.646033521409021816e+00 4.129591009595301010e+00 4.616233770852445240e+00 5.000000000000000000e+02 5.000000000000000000e+02 5.000000000000000000e+02 5.000000000000000000e+02 5.000000000000000000e+02 5.000000000000000000e+02 5.000000000000000000e+02 5.000000000000000000e+02 5.000000000000000000e+02 5.000000000000000000e+02 5.000000000000000000e+02 5.000000000000000000e+02 5.000000000000000000e+02 5.000000000000000000e+02 5.000000000000000000e+02 5.000000000000000000e+02
-9.061641004170874870e-10 1.174135555468749953e+04 8.675567410156250844e+03 1.441594162109375020e+03 4.954455566406250344e-02 4.768798217773437265e-01 -1.749897460937500093e-01 1.765366821289062471e-01 -8.315563964843750155e-02 1.174132300976562510e+04 1.023195226287841848e+02 1.442444607421874935e+03 -2.316497802734374892e-03 4.488764648437499893e-01 1.764053955078125069e-01 5.381719970703124911e-02 -1.234010009765624943e-01 2.380298751601554486e+01 9.293629052490006259e+00 9.107189250352183407e+00 3.109032674891624382e+00 2.514104163333256814e+00 4.296716658293003199e+00 4.083710687707238662e+00 4.562688274865514870e+00 2.444817714225317218e+01 7.818661013808849702e+00 9.252308539457342107e+00 3.117075401635271970e+00 2.751923368260162484e+00 4.426443090063654218e+00 3.859099043741669011e+00 4.924571129663614322e+00 5.000000000000000000e+02 5.000000000000000000e+02 5.000000000000000000e+02 5.000000000000000000e+02 5.000000000000000000e+02 5.000000000000000000e+02 5.000000000000000000e+02 5.000000000000000000e+02 5.000000000000000000e+02 5.000000000000000000e+02 5.000000000000000000e+02 5.000000000000000000e+02 5.000000000000000000e+02 5.000000000000000000e+02 5.000000000000000000e+02 5.000000000000000000e+02
-9.061387567243590806e-10 1.174281014843750017e+04 8.675822357421875495e+03 1.442684123046874902e+03 1.633171691894531319e-01 5.360338745117187997e-01 3.447353515625000142e-01 1.305723876953124862e-01 -9.022094726562500389e-02 1.173886728906250028e+04 1.024118366546630909e+02 1.443588615722656186e+03 -1.242211914062500006e-02 4.376997680664062584e-01 -1.966414794921874931e-01 1.336079711914062440e-01 7.512182617187500300e-02 2.421841161033317036e+01 9.210278442988952818e+00 9.063957756720819603e+00 3.123339515516793785e+00 2.527719924875329038e+00 4.601159394556118443e+00 3.762102601711049044e+00 4.619971578246150123e+00 2.390857510723941814e+01 7.987423595275920718e+00 8.883905114872037601e+00 3.080979947220226389e+00 2.372264916632480070e+00 4.424435085125324463e+00 3.851486513415153912e+00 4.579420126420856718e+00 5.000000000000000000e+02 5.000000000000000000e+02 5.000000000000000000e+02 5.000000000000000000e+02 5.000000000000000000e+02 5.000000000000000000e+02 5.000000000000000000e+02 5.000000000000000000e+02 5.000000000000000000e+02 5.000000000000000000e+02 5.000000000000000000e+02 5.000000000000000000e+02 5.000000000000000000e+02 5.000000000000000000e+02 5.000000000000000000e+02 5.000000000000000000e+02
-9.061138133005339840e-10 1.174063212304687477e+04 8.676627453125000102e+03 1.441218420654296779e+03 1.189610290527343683e-01 5.163494873046875488e-01 5.066113281250000239e-02 -5.668286132812500044e-02 -1.262321777343750062e-01 1.174139605078124987e+04 1.025834042663574195e+02 1.442124861083984342e+03 5.124999999999999695e-02 4.543032836914062678e-01 -1.605329589843750016e-01 -4.956958007812500150e-02 -5.869970703124999939e-02 2.487075068798336375e+01 9.397840523414943803e+00 8.903046001318495328e+00 3.101313682250715242e+00 2.464022896661043571e+00 4.638322469909797796e+00 4.260057137740124844e+00 4.932991281453174892e+00 2.409246440300293557e+01 7.986009914451177139e+00 8.937004569092803052e+00 3.145403275924994357e+00 2.585728596000667068e+00 4.498326034387403638e+00 4.042901235846056984e+00 4.555935232182280359e+00 5.000000000000000000e+02 5.000000000000000000e+02 5.000000000000000000e+02 5.000000000000000000e+02 5.000000000000000000e+02 5.000000000000000000e+02 5.000000000000000000e+02 5.000000000000000000e+02 5.000000000000000000e+02 5.000000000000000000e+02 5.000000000000000000e+02 5.000000000000000000e+02 5.000000000000000000e+02 5.000000000000000000e+02 5.000000000000000000e+02 5.000000000000000000e+02
-9.060890833534571607e-10 1.173936972851562496e+04 8.676953296875000888e+03 1.442062692626953094e+03 4.314965820312500339e-02 5.921973876953124938e-01 6.018292236328125211e-02 6.152239990234374678e-02 7.723413085937499978e-02 1.174389630273437433e+04 1.025716122131347703e+02 1.442814656494140536e+03 1.525112915039062433e-01 5.723067626953125542e-01 3.624700927734374883e-02 -3.663532104492187580e-01 -4.446777343749999667e-02 2.435619905257669870e+01 9.741433117033910349e+00 9.211955919810948856e+00 3.083655387082752330e+00 2.330380064867181744e+00 4.510162965906951094e+00 4.055911538773269598e+00 4.702506306963812222e+00 2.410214879874424554e+01 7.787858561096625998e+00 9.197470226642774804e+00 3.157708007542003426e+00 2.650452129553964031e+00 4.477773402468295139e+00 4.014774051974005609e+00 4.869301366723626678e+00 5.000000000000000000e+02 5.000000000000000000e+02 5.000000000000000000e+02 5.000000000000000000e+02 5.000000000000000000e+02 5.000000000000000000e+02 5.000000000000000000e+02 5.000000000000000000e+02 5.000000000000000000e+02 5.000000000000000000e+02 5.000000000000000000e+02 5.000000000000000000e+02 5.000000000000000000e+02 5.000000000000000000e+02 5.000000000000000000e+02 5.000000000000000000e+02
-9.060637263184322393e-10 1.173970669531249951e+04 8.675813230468749680e+03 1.443783040039062598e+03 1.813059387207031359e-01 6.216435546874999885e-01 3.419091796874999811e-02 6.552758789062500255e-02 2.537213134765625155e-01 1.174401187890625079e+04 1.018831998748779313e+02 1.444699600585937560e+03 9.277764892578124756e-02 4.483762817382812571e-01 -2.273106689453124885e-01 -7.748358154296874911e-02 4.637967529296874725e-01 2.475142251771504220e+01 9.548808119354967872e+00 8.939895570449554185e+00 3.134100816035451320e+00 2.584964487659866084e+00 4.360043450375281182e+00 4.058720576052918361e+00 4.720703453195380206e+00 2.408196553456253142e+01 7.942095056138034792e+00 9.218085591777860799e+00 3.019160130001044440e+00 2.471212459596402233e+00 4.350484700562046392e+00 4.111499256004038649e+00 4.879183172209559771e+00 5.000000000000000000e+02 5.000000000000000000e+02 5.000000000000000000e+02 5.000000000000000000e+02 5.000000000000000000e+02 5.000000000000000000e+02 5.000000000000000000e+02 5.000000000000000000e+02 5.000000000000000000e+02 5.000000000000000000e+02 5.000000000000000000e+02 5.000000000000000000e+02 5.000000000000000000e+02 5.000000000000000000e+02 5.000000000000000000e+02 5.000000000000000000e+02
-9.060386094447489315e-10 1.174246450976562483e+04 8.674952474609375713e+03 1.442017190185546951e+03 4.756042480468750111e-03 4.376928100585937287e-01 -1.070196533203125050e-01 6.624462890625000544e-02 -4.627227783203125000e-01 1.173966671484375001e+04 1.020969264373779311e+02 1.442963032226562518e+03 1.329054260253906272e-01 5.344204711914062322e-01 -1.387451171874999958e-02 1.454700317382812413e-01 2.141259765625000075e-02 2.446766173652246579e+01 9.604352239783937151e+00 9.365759136757809245e+00 3.124858085099801563e+00 2.506775009010169697e+00 4.652460845611469331e+00 4.163105355061141211e+00 4.801842098102068412e+00 2.469905199369383197e+01 7.976453195555224696e+00 9.236814550898508003e+00 3.141261774002826801e+00 2.458472374710534591e+00 4.176051178622625315e+00 3.804895453166657227e+00 4.760986269939969873e+00 5.000000000000000000e+02 5.000000000000000000e+02 5.000000000000000000e+02 5.000000000000000000e+02 5.000000000000000000e+02 5.000000000000000000e+02 5.000000000000000000e+02 5.000000000000000000e+02 5.000000000000000000e+02 5.000000000000000000e+02 5.000000000000000000e+02 5.000000000000000000e+02 5.000000000000000000e+02 5.000000000000000000e+02 5.000000000000000000e+02 5.000000000000000000e+02
-9.060141930416466225e-10 1.174179681835937481e+04 8.675229392578125044e+03 1.442730531250000013e+03 1.037664184570312453e-01 5.975206298828125151e-01 1.657858276367187578e-01 -5.770593261718749700e-02 -5.422363281249999861e-02 1.173969200390624974e+04 1.014452327728271541e+02 1.443627230957031315e+03 -4.538296508789062267e-02 6.744263916015624805e-01 -4.376391601562500122e-02 3.885931396484375300e-02 1.530659179687499927e-01 2.402077663059102974e+01 9.492873798070153413e+00 9.211758442761462717e+00 3.023626970651857704e+00 2.376418847412488766e+00 4.665733980225122757e+00 4.242384870499296134e+00 4.807546248424596769e+00 2.320088054148161660e+01 7.666438587206410027e+00 9.032555048324892866e+00 3.064165255246414254e+00 2.651466210116010469e+00 4.528121966276087207e+00 4.013611742255687176e+00 4.827532325453088191e+00 5.000000000000000000e+02 5.000000000000000000e+02 5.000000000000000000e+02 5.000000000000000000e+02 5.000000000000000000e+02 5.000000000000000000e+02 5.000000000000000000e+02 5.000000000000000000e+02 5.000000000000000000e+02 5.000000000000000000e+02 5.000000000000000000e+02 5.000000000000000000e+02 5.000000000000000000e+02 5.000000000000000000e+02 5.000000000000000000e+02 5.000000000000000000e+02
-9.059890294699245815e-10 1.173845912304687590e+04 8.675563824218750597e+03 1.441686752929687600e+03 2.333224792480468879e-01 7.027372436523438015e-01 -4.712725830078125233e-02 -8.720751953124999956e-02 5.109130859374999903e-03 1.174434224414062555e+04 1.013931754760742194e+02 1.442338692138671831e+03 -2.238333129882812481e-02 3.020831909179687580e-01 3.448881835937500084e-01 1.978696289062500113e-01 -2.999993896484374756e-01 2.465150851042114866e+01 9.372330121803411629e+00 8.902267988468931748e+00 3.084978099610483859e+00 2.451015413951931343e+00 4.528880220822489200e+00 4.298081277191185379e+00 4.608815351244935243e+00 2.481596782629077680e+01 8.003777098032283988e+00 8.971798065561932489e+00 3.156716547032751397e+00 2.487426550251878865e+00 4.516296180909176172e+00 4.255521488792665785e+00 4.737982713553834380e+00 5.000000000000000000e+02 5.000000000000000000e+02 5.000000000000000000e+02 5.000000000000000000e+02 5.000000000000000000e+02 5.000000000000000000e+02 5.000000000000000000e+02 5.000000000000000000e+02 5.000000000000000000e+02 5.000000000000000000e+02 5.000000000000000000e+02 5.000000000000000000e+02 5.000000000000000000e+02 5.000000000000000000e+02 5.000000000000000000e+02 5.000000000000000000e+02
-9.059644129323706177e-10 1.174224870703125089e+04 8.675287216796874418e+03 1.443948057373046822e+03 4.318896484374999678e-02 5.046875610351562180e-01 -3.135610961914062633e-01 -1.103034667968749993e-01 -3.373890380859375093e-01 1.174057976171875089e+04 1.019505918121337942e+02 1.444726027832031150e+03 -1.569995117187500053e-02 6.290900268554687758e-01 2.835357666015625097e-02 2.523986816406250094e-03 -2.684887695312500044e-01 2.421228930858787010e+01 9.210743776927346360e+00 8.967494479880548042e+00 3.057490532194732769e+00 2.708430624175850010e+00 4.379456479642446887e+00 4.168642859932851330e+00 4.835826580400370389e+00 2.440919993042738056e+01 8.182591415199761187e+00 9.047559956857300634e+00 3.168084176625815651e+00 2.416801395168780342e+00 4.694054962517022922e+00 4.198537953453671534e+00 4.592737315363194739e+00 5.000000000000000000e+02 5.000000000000000000e+02 5.000000000000000000e+02 5.000000000000000000e+02 5.000000000000000000e+02 5.000000000000000000e+02 5.000000000000000000e+02 5.000000000000000000e+02 5.000000000000000000e+02 5.000000000000000000e+02 5.000000000000000000e+02 5.000000000000000000e+02 5.000000000000000000e+02 5.000000000000000000e+02 5.000000000000000000e+02 5.000000000000000000e+02
-9.059388224071519265e-10 1.174279227343750063e+04 8.675113314453124985e+03 1.442281201416015620e+03 7.322225952148438133e-02 4.351337890624999982e-01 -2.965089721679687318e-01 4.408534545898437629e-01 9.124621582031250400e-02 1.173913475976562586e+04 1.017658326873779231e+02 1.443075726806640660e+03 -8.734439086914062844e-02 5.112562866210937917e-01 2.445944213867187467e-01 -7.531701660156249478e-02 1.058001708984375039e-01 2.474971901645601591e+01 9.651034670928467563e+00 9.064626610135809059e+00 2.981234674359531489e+00 2.459608922015697363e+00 4.244092162186258399e+00 3.755592179481757942e+00 4.657199468435676337e+00 2.421224179450651803e+01 7.596003183728670116e+00 9.225980056868214874e+00 3.155135750015609641e+00 2.561835745550313348e+00 4.567159294451472284e+00 4.020600080713722768e+00 4.618545398379819034e+00 5.000000000000000000e+02 5.000000000000000000e+02 5.000000000000000000e+02 5.000000000000000000e+02 5.000000000000000000e+02 5.000000000000000000e+02 5.000000000000000000e+02 5.000000000000000000e+02 5.000000000000000000e+02 5.000000000000000000e+02 5.000000000000000000e+02 5.000000000000000000e+02 5.000000000000000000e+02 5.000000000000000000e+02 5.000000000000000000e+02 5.000000000000000000e+02
-9.059139456948107493e-10 1.173899917382812419e+04 8.676399912109374782e+03 1.444057316162109373e+03 1.047171020507812467e-01 5.316267089843750293e-01 -1.244561767578124950e-01 -6.104058837890625339e-02 -1.719777832031250120e-01 1.174257710156249959e+04 1.025965184631347711e+02 1.444702648681640540e+03 1.084003601074218781e-01 4.893906250000000235e-01 -2.363191528320312540e-01 1.199414062500000003e-02 2.301433105468750073e-01 2.449640312662581110e+01 9.570853451802470602e+00 9.014881797398198060e+00 3.180070921344348545e+00 2.332190260893670430e+00 4.460591054808712208e+00 4.227898366417777609e+00 4.915720818691312388e+00 2.446344534257728398e+01 7.706037495842727125e+00 8.994243336329779126e+00 3.137516056292489974e+00 2.695642461506678522e+00 4.431889204960755890e+00 3.940376716682617353e+00 4.879953904923925556e+00 5.000000000000000000e+02 5.000000000000000000e+02 5.000000000000000000e+02 5.000000000000000000e+02 5.000000000000000000e+02 5.000000000000000000e+02 5.000000000000000000e+02 5.000000000000000000e+02 5.000000000000000000e+02 5.000000000000000000e+02 5.000000000000000000e+02 5.000000000000000000e+02 5.000000000000000000e+02 5.000000000000000000e+02 5.000000000000000000e+02 5.000000000000000000e+02
-9.058891290228051307e-10 1.173986671679687424e+04 8.676163140624999869e+03 1.444907684326171875e+03 4.099975585937500402e-03 3.975965576171874849e-01 2.918909912109374782e-01 -3.802685546875000239e-02 -8.371887207031250555e-02 1.174317718164062535e+04 1.025497552642822257e+02 1.445576739013671840e+03 1.453114929199218752e-01 4.910635986328125147e-01 -6.201428222656250183e-02 1.710584716796874905e-01 6.524255371093749811e-02 2.444400097324676935e+01 9.399357326780066302e+00 8.951709798987852906e+00 3.099358411398742685e+00 2.511849045319300533e+00 4.593854009400464733e+00 3.866856414263021957e+00 4.776484317535693691e+00 2.412234775566023615e+01 8.413030552460549316e+00 9.130941641338583992e+00 3.217771969712840630e+00 2.409126236267054466e+00 4.658334591665900248e+00 3.993362294944418078e+00 4.607001534952728683e+00 5.000000000000000000e+02 5.000000000000000000e+02 5.000000000000000000e+02 5.000000000000000000e+02 5.000000000000000000e+02 5.000000000000000000e+02 5.000000000000000000e+02 5.000000000000000000e+02 5.000000000000000000e+02 5.000000000000000000e+02 5.000000000000000000e+02 5.000000000000000000e+02 5.000000000000000000e+02 5.000000000000000000e+02 5.000000000000000000e+02 5.000000000000000000e+02
-9.058641322297927331e-10 1.174217437304687519e+04 8.677275777343749724e+03 1.442971812744140607e+03 2.247059936523437551e-01 6.379003295898437731e-01 -1.841827392578125056e-01 8.032977294921875289e-02 1.353317871093749902e-01 1.173890580664062509e+04 1.042094774475097694e+02 1.443695705322265667e+03 -5.245535278320312411e-02 4.574239501953125120e-01 1.198800048828125020e-01 -1.517197875976562527e-01 -3.763122558593750000e-01 2.440628481124439375e+01 9.659267090938373101e+00 8.810729263107356601e+00 3.108223907468079084e+00 2.675056491690511074e+00 4.730303370753645709e+00 4.056010712931268358e+00 4.731023288287575568e+00 2.356406445922569404e+01 8.097342748386656908e+00 9.018867585140727172e+00 3.069396294789737301e+00 2.544960005429633298e+00 4.539428043553873415e+00 4.066764369037094262e+00 4.537272259344812930e+00 5.000000000000000000e+02 5.000000000000000000e+02 5.000000000000000000e+02 5.000000000000000000e+02 5.000000000000000000e+02 5.000000000000000000e+02 5.000000000000000000e+02 5.000000000000000000e+02 5.000000000000000000e+02 5.000000000000000000e+02 5.000000000000000000e+02 5.000000000000000000e+02 5.000000000000000000e+02 5.000000000000000000e+02 5.000000000000000000e+02 5.000000000000000000e+02
-9.058393022154901857e-10 1.174201253710937453e+04 8.676324787109375393e+03 1.442964998535156155e+03 2.310021972656249936e-02 4.271397094726562260e-01 2.947388916015625249e-01 1.922166748046874873e-01 -1.221334228515625064e-01 1.173933439453124993e+04 1.028757551727294981e+02 1.443694211914062407e+03 8.328359985351561912e-02 4.306328125000000173e-01 4.095056152343749811e-02 -3.966674804687499861e-02 2.008331298828124889e-01 2.454734176383800559e+01 9.793835395449256964e+00 9.189699595740565385e+00 3.209658295579184806e+00 2.423484058908579097e+00 4.228105817654891574e+00 3.857732602327022420e+00 4.974820102943502853e+00 2.368135442593651518e+01 8.075087226345987190e+00 9.205689967745257718e+00 3.040435655715860275e+00 2.427246484171192709e+00 4.391111368590851605e+00 4.036117480344192820e+00 4.713633194716527974e+00 5.000000000000000000e+02 5.000000000000000000e+02 5.000000000000000000e+02 5.000000000000000000e+02 5.000000000000000000e+02 5.000000000000000000e+02 5.000000000000000000e+02 5.000000000000000000e+02 5.000000000000000000e+02 5.000000000000000000e+02 5.000000000000000000e+02 5.000000000000000000e+02 5.000000000000000000e+02 5.000000000000000000e+02 5.000000000000000000e+02 5.000000000000000000e+02
-9.058143454493684707e-10 1.173815315234374975e+04 8.676368537109374302e+03 1.442472159667968754e+03 1.256994323730468710e-01 5.186994018554687003e-01 1.855355834960937533e-01 -1.166727905273437504e-01 1.656357421874999902e-01 1.174265036328124916e+04 1.022756735382080109e+02 1.443134936279296880e+03 6.579443359375000688e-02 3.352673339843750266e-01 -1.485081787109374940e-01 1.521080932617187575e-01 1.723889160156250044e-01 2.421156309794426065e+01 9.101734492410564314e+00 9.020204401436814123e+00 3.052665273692897863e+00 2.482072395727103586e+00 4.637626264307253443e+00 4.010126405087362400e+00 4.755397343370422192e+00 2.422481261251185103e+01 7.556600030562976578e+00 9.145676300738438513e+00 2.945053176978576381e+00 2.522940085019012013e+00 4.426126495538516892e+00 4.143048121938188721e+00 4.727255381365007558e+00 5.000000000000000000e+02 5.000000000000000000e+02 5.000000000000000000e+02 5.000000000000000000e+02 5.000000000000000000e+02 5.000000000000000000e+02 5.000000000000000000e+02 5.000000000000000000e+02 5.000000000000000000e+02 5.000000000000000000e+02 5.000000000000000000e+02 5.000000000000000000e+02 5.000000000000000000e+02 5.000000000000000000e+02 5.000000000000000000e+02 5.000000000000000000e+02
-9.057888483202272461e-10 1.173947443945312443e+04 8.675827044921874403e+03 1.443868784423828174e+03 6.038894653320312639e-02 5.631058959960937305e-01 -1.605944213867187553e-01 -5.983538818359374761e-02 -1.092308349609374951e-01 1.174207812304687468e+04 1.025498447418212891e+02 1.444514931396484371e+03 9.983334350585937322e-02 3.736691894531249947e-01 3.574525146484375249e-01 -9.101104736328125000e-02 -6.810009765624999711e-02 2.334705606472769190e+01 9.459148012972871555e+00 9.155497020843531786e+00 3.099145326956866064e+00 2.451466511439227780e+00 4.676156722585266046e+00 3.929015242951023446e+00 4.718180133957444511e+00 2.446145700939733558e+01 8.280656988031264376e+00 9.059614538528174776e+00 3.072487911369064406e+00 2.637147234249940464e+00 4.494340692555921279e+00 4.197402553728249330e+00 4.394721129994799469e+00 5.000000000000000000e+02 5.000000000000000000e+02 5.000000000000000000e+02 5.000000000000000000e+02 5.000000000000000000e+02 5.000000000000000000e+02 5.000000000000000000e+02 5.000000000000000000e+02 5.000000000000000000e+02 5.000000000000000000e+02 5.000000000000000000e+02 5.000000000000000000e+02 5.000000000000000000e+02 5.000000000000000000e+02 5.000000000000000000e+02 5.000000000000000000e+02
-9.057639582655890368e-10 1.174257674023437539e+04 8.675762148437499491e+03 1.443491183105468735e+03 2.633325195312500103e-02 3.814638671875000275e-01 9.333129882812499223e-03 1.154144287109374993e-02 1.126562499999999994e-01 1.173863983007812567e+04 1.027598653564453173e+02 1.444164801757812484e+03 -5.051666259765624778e-02 6.437329711914062669e-01 -3.189583740234375187e-01 -7.169665527343750677e-02 5.602330322265625107e-01 2.407519294921459263e+01 9.388584162456604432e+00 9.366437372939786954e+00 3.121947808547969050e+00 2.786647887213092645e+00 4.418343712386545441e+00 3.869129999858893942e+00 4.871833758380881285e+00 2.476595006555221445e+01 7.655736331109823212e+00 9.359886905430695236e+00 3.057408203878001274e+00 2.551804363285452126e+00 4.493764685991537888e+00 3.953140885701563967e+00 4.991314249046813423e+00 5.000000000000000000e+02 5.000000000000000000e+02 5.000000000000000000e+02 5.000000000000000000e+02 5.000000000000000000e+02 5.000000000000000000e+02 5.000000000000000000e+02 5.000000000000000000e+02 5.000000000000000000e+02 5.000000000000000000e+02 5.000000000000000000e+02 5.000000000000000000e+02 5.000000000000000000e+02 5.000000000000000000e+02 5.000000000000000000e+02 5.000000000000000000e+02
-9.057389548014284851e-10 1.174189398437499949e+04 8.676225335937500859e+03 1.443026775390625062e+03 9.153887939453124456e-02 6.252437133789062740e-01 -2.060590209960937447e-01 -8.792309570312499545e-02 -2.823541259765625089e-01 1.174040370507812440e+04 1.022811183776855444e+02 1.443791683837890560e+03 -2.935574340820312420e-02 5.489966430664062758e-01 -1.656293334960937391e-01 1.608865966796874936e-01 1.118859863281249957e-02 2.436590526996250361e+01 9.650109965555865088e+00 9.016147506803154243e+00 3.052849955379079105e+00 2.416121760311762401e+00 4.875378648137696835e+00 4.142123982114444658e+00 4.852242911269375014e+00 2.473843888444096351e+01 7.579535667159528423e+00 9.057904144763611498e+00 3.079430684146617025e+00 2.774817067515861435e+00 4.785571006707619368e+00 4.113177829572942201e+00 4.679445925133827622e+00 5.000000000000000000e+02 5.000000000000000000e+02 5.000000000000000000e+02 5.000000000000000000e+02 5.000000000000000000e+02 5.000000000000000000e+02 5.000000000000000000e+02 5.000000000000000000e+02 5.000000000000000000e+02 5.000000000000000000e+02 5.000000000000000000e+02 5.000000000000000000e+02 5.000000000000000000e+02 5.000000000000000000e+02 5.000000000000000000e+02 5.000000000000000000e+02
-9.057138379277453841e-10 1.173972769531250015e+04 8.676816382812499796e+03 1.442710921874999940e+03 2.383443603515625064e-01 4.450240478515625209e-01 -1.493170776367187536e-01 -1.689038085937500169e-02 3.712243652343750339e-02 1.174393320117187432e+04 1.027207021026611358e+02 1.443506627441406181e+03 2.716125488281249944e-02 3.712898559570312340e-01 -5.837750244140624961e-02 -7.193426513671874467e-02 9.017724609374999645e-02 2.433275440429148517e+01 9.711082089265424599e+00 8.982569475733079400e+00 2.980806484578538917e+00 2.386425961169176713e+00 4.435240203480702803e+00 4.289587998179649198e+00 4.799562261539183972e+00 2.458526235502130675e+01 7.651692730080012161e+00 8.978867843914501989e+00 3.102197230728381161e+00 2.572162241093593593e+00 4.446323976917809340e+00 4.307486857428227012e+00 4.583291992918353763e+00 5.000000000000000000e+02 5.000000000000000000e+02 5.000000000000000000e+02 5.000000000000000000e+02 5.000000000000000000e+02 5.000000000000000000e+02 5.000000000000000000e+02 5.000000000000000000e+02 5.000000000000000000e+02 5.000000000000000000e+02 5.000000000000000000e+02 5.000000000000000000e+02 5.000000000000000000e+02 5.000000000000000000e+02 5.000000000000000000e+02 5.000000000000000000e+02
-9.056890079134428367e-10 1.174012303124999926e+04 8.676173984375000146e+03 1.441853587158203027e+03 1.988342285156249889e-02 6.291833496093750533e-01 -1.020666503906249994e-02 -8.055419921875000243e-04 -1.715987548828125098e-01 1.174215358593749988e+04 1.027854001159667945e+02 1.442480997070312469e+03 6.736645507812499822e-02 7.655602416992187687e-01 5.103717041015624900e-02 -3.753100585937500094e-02 -5.678894042968749695e-02 2.402024249404165346e+01 9.574490104345466435e+00 9.153602829451804368e+00 3.227381353515384799e+00 2.571745926157853912e+00 4.685572132983438109e+00 4.073285100597336061e+00 4.716263467009555121e+00 2.471211627247464904e+01 8.143975532786036808e+00 9.288894977560827826e+00 3.305420805241543913e+00 2.435393230045814317e+00 4.792395724833398596e+00 4.019324864163920985e+00 4.852302686347209182e+00 5.000000000000000000e+02 5.000000000000000000e+02 5.000000000000000000e+02 5.000000000000000000e+02 5.000000000000000000e+02 5.000000000000000000e+02 5.000000000000000000e+02 5.000000000000000000e+02 5.000000000000000000e+02 5.000000000000000000e+02 5.000000000000000000e+02 5.000000000000000000e+02 5.000000000000000000e+02 5.000000000000000000e+02 5.000000000000000000e+02 5.000000000000000000e+02
-9.056639644223921195e-10 1.174291100390625070e+04 8.675961992187500073e+03 1.442703534667968825e+03 2.166900634765624861e-03 6.570108032226562589e-01 2.803944702148437607e-01 5.992114257812500289e-02 -5.080660400390625275e-01 1.173937902343749920e+04 1.025907470092773508e+02 1.443342290039062391e+03 4.194305419921874785e-03 6.741363525390624556e-01 1.584141235351562427e-01 6.457482910156249478e-02 1.264453125000000039e-02 2.406305130480232535e+01 9.503570948475370983e+00 9.101878679428123675e+00 3.122213405368996941e+00 2.608234861153023054e+00 4.585754090290574680e+00 3.940183921950010770e+00 4.696278579045900514e+00 2.506227882560873965e+01 8.128988156908521390e+00 9.196499441276039022e+00 3.009590812174974594e+00 2.293930293841137669e+00 4.565796763412716786e+00 3.973343920481866132e+00 4.532612549084062969e+00 5.000000000000000000e+02 5.000000000000000000e+02 5.000000000000000000e+02 5.000000000000000000e+02 5.000000000000000000e+02 5.000000000000000000e+02 5.000000000000000000e+02 5.000000000000000000e+02 5.000000000000000000e+02 5.000000000000000000e+02 5.000000000000000000e+02 5.000000000000000000e+02 5.000000000000000000e+02 5.000000000000000000e+02 5.000000000000000000e+02 5.000000000000000000e+02
-9.056388141929669037e-10 1.174245541796874932e+04 8.675459990234374345e+03 1.442330773925781159e+03 5.031057739257812494e-02 4.876635742187500067e-01 -8.368011474609375611e-02 1.933569335937499953e-02 -8.756762695312500511e-02 1.173997975585937456e+04 1.018347836456298836e+02 1.443363786621093823e+03 8.811685180664062533e-02 4.252294921875000022e-01 -1.166526489257812549e-01 3.424633789062499906e-02 -3.232330322265625222e-01 2.465104132085249944e+01 9.240397387722973477e+00 9.123571619214816408e+00 3.108122216184069142e+00 2.368477607892632175e+00 4.554349537954126781e+00 3.977150987368680113e+00 4.851969007974319403e+00 2.395394724954332943e+01 7.428892012523666821e+00 9.015876340109933551e+00 3.084545276370304290e+00 2.706372097093049156e+00 4.450275911901041326e+00 4.107288075711887032e+00 4.667667755677569197e+00 5.000000000000000000e+02 5.000000000000000000e+02 5.000000000000000000e+02 5.000000000000000000e+02 5.000000000000000000e+02 5.000000000000000000e+02 5.000000000000000000e+02 5.000000000000000000e+02 5.000000000000000000e+02 5.000000000000000000e+02 5.000000000000000000e+02 5.000000000000000000e+02 5.000000000000000000e+02 5.000000000000000000e+02 5.000000000000000000e+02 5.000000000000000000e+02
-9.056139708363676345e-10 1.173990629687500041e+04 8.675491041015624432e+03 1.443149381103515680e+03 1.377333068847656217e-01 5.281326904296874680e-01 -3.280340576171875133e-02 -2.604370117187500213e-04 -1.695332031250000038e-01 1.174210541601562545e+04 1.014542328033447234e+02 1.443760593261718668e+03 1.584557189941406263e-01 6.802538452148437775e-01 -7.866577148437499389e-02 -1.299182739257812580e-01 1.383116455078124973e-01 2.459250824480336917e+01 9.855073010699358704e+00 9.066084653178371866e+00 3.217040505992097454e+00 2.462756210176351601e+00 4.560101307073507471e+00 4.176746771852124951e+00 4.809394091775438085e+00 2.504523456289022931e+01 7.636999980513179409e+00 9.131442952770550292e+00 3.093555149674927396e+00 2.487375203888491093e+00 4.564672070034531792e+00 4.068012635009568889e+00 4.801632517449524684e+00 5.000000000000000000e+02 5.000000000000000000e+02 5.000000000000000000e+02 5.000000000000000000e+02 5.000000000000000000e+02 5.000000000000000000e+02 5.000000000000000000e+02 5.000000000000000000e+02 5.000000000000000000e+02 5.000000000000000000e+02 5.000000000000000000e+02 5.000000000000000000e+02 5.000000000000000000e+02 5.000000000000000000e+02 5.000000000000000000e+02 5.000000000000000000e+02
-9.055889006607231633e-10 1.173996570507812430e+04 8.675600648437499331e+03 1.442817536376953058e+03 1.340170898437499925e-01 6.481196899414062296e-01 1.163577270507812483e-01 1.664409179687499907e-01 8.205554199218749456e-02 1.174341054296874972e+04 1.019931388549804723e+02 1.443408950683593730e+03 6.944970703125000200e-02 6.790565185546875160e-01 3.592828369140625006e-02 2.846365966796874925e-01 -2.961663818359375200e-01 2.415284656421078680e+01 9.246101009849416741e+00 9.050652119485000924e+00 3.046052526107395408e+00 2.466570508618291857e+00 4.422906919737477516e+00 4.001065178090674301e+00 4.643551491072844151e+00 2.412203321755027119e+01 7.817488116966029743e+00 9.103422526167401330e+00 3.046183819169314244e+00 2.751682247271089121e+00 4.578617745652389104e+00 3.975601343292226364e+00 4.705490903669969249e+00 5.000000000000000000e+02 5.000000000000000000e+02 5.000000000000000000e+02 5.000000000000000000e+02 5.000000000000000000e+02 5.000000000000000000e+02 5.000000000000000000e+02 5.000000000000000000e+02 5.000000000000000000e+02 5.000000000000000000e+02 5.000000000000000000e+02 5.000000000000000000e+02 5.000000000000000000e+02 5.000000000000000000e+02 5.000000000000000000e+02 5.000000000000000000e+02
-9.055637037332594210e-10 1.174144591796874920e+04 8.674850691406249098e+03 1.441215140380859339e+03 3.276705932617187539e-02 3.826231689453125084e-01 -1.543610229492187458e-01 1.299664916992187558e-01 -1.833300781249999969e-02 1.174027395117187552e+04 1.018229712219238223e+02 1.441945827392578167e+03 6.544448852539062889e-02 4.723146362304687651e-01 -1.986781616210937518e-01 -4.153030395507812389e-01 -6.648791503906249789e-02 2.479424674218240199e+01 9.147660314856890906e+00 9.149994384062566155e+00 3.244997513634165998e+00 2.487215474875073440e+00 4.322678412439700857e+00 3.943004243184766722e+00 4.655064084223438314e+00 2.432502161464776691e+01 7.890039067387419891e+00 9.283381620934269662e+00 3.124210881285264030e+00 2.384302569782314141e+00 4.325374135973681256e+00 4.087313142116378195e+00 4.640706797405407258e+00 5.000000000000000000e+02 5.000000000000000000e+02 5.000000000000000000e+02 5.000000000000000000e+02 5.000000000000000000e+02 5.000000000000000000e+02 5.000000000000000000e+02 5.000000000000000000e+02 5.000000000000000000e+02 5.000000000000000000e+02 5.000000000000000000e+02 5.000000000000000000e+02 5.000000000000000000e+02 5.000000000000000000e+02 5.000000000000000000e+02 5.000000000000000000e+02
-9.055389671150342368e-10 1.174294238281250000e+04 8.675152906249999432e+03 1.443483593017578187e+03 6.608911132812500533e-02 6.088160400390625338e-01 -1.900861816406249905e-01 2.019248657226562493e-01 -2.404548339843750049e-01 1.173916297656250026e+04 1.024158692779541013e+02 1.444218434082031308e+03 1.239997558593750049e-01 5.605371704101562713e-01 1.619581909179687584e-01 -6.918286132812499767e-02 -1.509235839843749982e-01 2.478443963800086181e+01 9.459191537682798412e+00 8.951749891197401610e+00 3.107259436038233069e+00 2.559042375086658438e+00 4.432556701629705387e+00 4.280144077520321666e+00 4.699457420705213551e+00 2.411387979564081618e+01 8.516216288452543637e+00 9.033551683277861954e+00 2.975428763809394361e+00 2.477823865539162895e+00 4.455998351187610673e+00 4.023261376419901225e+00 4.722945524997211209e+00 5.000000000000000000e+02 5.000000000000000000e+02 5.000000000000000000e+02 5.000000000000000000e+02 5.000000000000000000e+02 5.000000000000000000e+02 5.000000000000000000e+02 5.000000000000000000e+02 5.000000000000000000e+02 5.000000000000000000e+02 5.000000000000000000e+02 5.000000000000000000e+02 5.000000000000000000e+02 5.000000000000000000e+02 5.000000000000000000e+02 5.000000000000000000e+02
-9.055138769259446829e-10 1.174141643164062589e+04 8.674698519531249985e+03 1.441930891845703172e+03 1.807720031738281330e-01 6.406809692382812171e-01 1.733495483398437564e-01 -2.082031250000000114e-03 -2.156763916015624893e-01 1.173983248046875087e+04 1.007772980804443392e+02 1.442437031005859353e+03 9.461096191406249967e-02 5.190197143554687864e-01 1.696029663085937556e-01 9.366601562500000144e-02 6.195458984374999784e-02 2.417341642281123981e+01 9.614150830417507620e+00 9.160799956101682184e+00 3.106580828080933721e+00 2.696762816760471804e+00 4.662282759949476052e+00 4.399504457993239193e+00 4.494587413464881109e+00 2.468485322641676660e+01 7.907932696227295999e+00 8.982308360183608897e+00 3.071649583628512925e+00 2.431975109735949214e+00 4.529447493127603863e+00 3.933470126348161511e+00 4.620427550935205296e+00 5.000000000000000000e+02 5.000000000000000000e+02 5.000000000000000000e+02 5.000000000000000000e+02 5.000000000000000000e+02 5.000000000000000000e+02 5.000000000000000000e+02 5.000000000000000000e+02 5.000000000000000000e+02 5.000000000000000000e+02 5.000000000000000000e+02 5.000000000000000000e+02 5.000000000000000000e+02 5.000000000000000000e+02 5.000000000000000000e+02 5.000000000000000000e+02
-9.054925759491397465e-10 1.173888824999999997e+04 8.675270277343750422e+03 1.442411128662109377e+03 9.418316650390624878e-02 3.744768676757812553e-01 -2.523503417968749885e-01 -2.696358642578124964e-01 -5.206689453124999784e-02 1.174308155273437478e+04 1.012231266632080064e+02 1.443071055175781339e+03 1.223778076171875007e-01 5.672233886718750506e-01 -1.975202026367187391e-01 -8.222705078125000511e-02 3.689880371093749722e-02 2.442126846103809257e+01 9.668593986465927159e+00 8.930390384862555209e+00 3.056036034777101396e+00 2.489405795997118975e+00 4.698041456031377905e+00 4.025779983378177995e+00 4.329935584122870829e+00 2.354706971280316807e+01 7.745761832708044636e+00 8.931241333940056037e+00 3.242179963788388353e+00 2.598739359759310918e+00 4.452344669587878556e+00 3.878296897306555913e+00 4.650141154625011986e+00 5.000000000000000000e+02 5.000000000000000000e+02 5.000000000000000000e+02 5.000000000000000000e+02 5.000000000000000000e+02 5.000000000000000000e+02 5.000000000000000000e+02 5.000000000000000000e+02 5.000000000000000000e+02 5.000000000000000000e+02 5.000000000000000000e+02 5.000000000000000000e+02 5.000000000000000000e+02 5.000000000000000000e+02 5.000000000000000000e+02 5.000000000000000000e+02
-9.054639834071461288e-10 1.174063742187500065e+04 8.675294835937500466e+03 1.441587606933593861e+03 -3.045028686523437375e-02 4.658063354492187336e-01 -1.861328124999999918e-03 -7.122265625000000211e-02 -5.112182617187499729e-03 1.174246491992187475e+04 1.015612203826904363e+02 1.442204613525390641e+03 -1.648934936523437436e-02 3.960507812499999836e-01 7.507434082031250178e-02 1.803997802734375044e-01 4.593200683593749722e-02 2.468990584972378954e+01 9.900646789126865244e+00 9.076104078271560738e+00 3.104402341354394856e+00 2.477587393981347308e+00 4.549518476032009318e+00 4.209140450268852973e+00 4.917740078024945838e+00 2.417431024082024749e+01 7.806292216976868481e+00 9.098001657440798695e+00 3.144491234740984797e+00 2.525189916750547603e+00 4.188565108255475344e+00 4.026408503414617535e+00 4.725624570749539899e+00 5.000000000000000000e+02 5.000000000000000000e+02 5.000000000000000000e+02 5.000000000000000000e+02 5.000000000000000000e+02 5.000000000000000000e+02 5.000000000000000000e+02 5.000000000000000000e+02 5.000000000000000000e+02 5.000000000000000000e+02 5.000000000000000000e+02 5.000000000000000000e+02 5.000000000000000000e+02 5.000000000000000000e+02 5.000000000000000000e+02 5.000000000000000000e+02
-9.054387998219790049e-10 1.174344819726562491e+04 8.675546091796875771e+03 1.441563866699218806e+03 1.107890014648437449e-01 4.411100463867187460e-01 3.218886108398437695e-01 -1.455725708007812591e-01 -2.451147460937500022e-02 1.173949608007812458e+04 1.024140367279052697e+02 1.442469484619140530e+03 2.206088256835937386e-02 5.154265136718749751e-01 -2.222871704101562484e-01 -1.470233154296875060e-02 5.625500488281250100e-02 2.431917264925264988e+01 9.652608396923641365e+00 9.180725844862498874e+00 3.101297454743926263e+00 2.275529102475546850e+00 4.686141849650761415e+00 4.227781683621690156e+00 4.527813156177765030e+00 2.397825205583549746e+01 8.109919534680205544e+00 9.233208926202372879e+00 3.080490914119903501e+00 2.782021093976332349e+00 4.686005815878313108e+00 4.236846670254267977e+00 4.812419820182957331e+00 5.000000000000000000e+02 5.000000000000000000e+02 5.000000000000000000e+02 5.000000000000000000e+02 5.000000000000000000e+02 5.000000000000000000e+02 5.000000000000000000e+02 5.000000000000000000e+02 5.000000000000000000e+02 5.000000000000000000e+02 5.000000000000000000e+02 5.000000000000000000e+02 5.000000000000000000e+02 5.000000000000000000e+02 5.000000000000000000e+02 5.000000000000000000e+02
-9.054141099017928642e-10 1.174104566601562510e+04 8.675425097656250728e+03 1.442379504882812398e+03 2.354107971191406190e-01 6.152268066406250124e-01 -1.303100585937499870e-04 1.879606933593749862e-01 -5.254492187499999745e-02 1.174074948632812448e+04 1.011397470092773432e+02 1.442672472900390630e+03 1.208163757324218768e-01 6.210393066406250107e-01 1.673937988281249886e-02 -4.761859130859374956e-02 -3.968872070312499771e-03 2.474816020457117816e+01 9.123222821495152957e+00 9.023764713708057883e+00 2.999271113961774926e+00 2.672889811145359396e+00 4.570870453855708782e+00 4.180958272524976316e+00 4.621023865661148200e+00 2.390742730202181932e+01 8.235741295346819868e+00 8.962584472328327223e+00 3.262792952809556724e+00 2.413289048407764259e+00 4.172561587944080941e+00 3.971716565882714711e+00 4.892235713754866211e+00 5.000000000000000000e+02 5.000000000000000000e+02 5.000000000000000000e+02 5.000000000000000000e+02 5.000000000000000000e+02 5.000000000000000000e+02 5.000000000000000000e+02 5.000000000000000000e+02 5.000000000000000000e+02 5.000000000000000000e+02 5.000000000000000000e+02 5.000000000000000000e+02 5.000000000000000000e+02 5.000000000000000000e+02 5.000000000000000000e+02 5.000000000000000000e+02
-9.053890530684450115e-10 1.173887052343749929e+04 8.674960802734374738e+03 1.441497551025390521e+03 6.001666259765624928e-02 6.486033325195312838e-01 -1.472224121093750060e-01 9.232727050781250333e-02 8.834667968749999878e-02 1.174282367382812481e+04 1.009482979736328190e+02 1.442024347412109364e+03 -5.002224731445312211e-02 4.919082031249999987e-01 -4.042503662109375173e-01 2.651470947265625044e-01 3.326442871093749920e-01 2.409545328057339120e+01 9.414357224530053969e+00 9.151197528043661933e+00 3.042948239436416014e+00 2.609806534278084733e+00 4.618345023997192378e+00 3.994418228650851610e+00 4.717530368057672341e+00 2.415308886853919290e+01 8.162245625243706115e+00 9.326263178238351159e+00 3.093625015290360825e+00 2.604110215205831746e+00 4.669998274349075551e+00 4.046977041973568667e+00 4.586761665121567688e+00 5.000000000000000000e+02 5.000000000000000000e+02 5.000000000000000000e+02 5.000000000000000000e+02 5.000000000000000000e+02 5.000000000000000000e+02 5.000000000000000000e+02 5.000000000000000000e+02 5.000000000000000000e+02 5.000000000000000000e+02 5.000000000000000000e+02 5.000000000000000000e+02 5.000000000000000000e+02 5.000000000000000000e+02 5.000000000000000000e+02 5.000000000000000000e+02
-9.053639628793554575e-10 1.174224018359375077e+04 8.675277902343750611e+03 1.441944201416015630e+03 7.972760009765625377e-02 5.694069824218750409e-01 1.317217407226562442e-01 2.162229003906250002e-01 -2.736213378906249827e-01 1.174033787890624990e+04 1.019207306823730477e+02 1.442596952392578032e+03 9.405761718750000819e-03 4.739660034179687398e-01 2.768891601562499805e-01 -3.014726562500000262e-01 2.533374023437499900e-02 2.438303956085732693e+01 9.240899736311895651e+00 9.160876302750239120e+00 3.075110908751108152e+00 2.610485444658346310e+00 4.797489991130110099e+00 4.021150530903659259e+00 4.937640853304722022e+00 2.411389269938106139e+01 7.427460985913505453e+00 9.107458270090196706e+00 3.167546846905015645e+00 2.453437346671143438e+00 4.736354821682165372e+00 3.975177687464246823e+00 4.637757538050640171e+00 5.000000000000000000e+02 5.000000000000000000e+02 5.000000000000000000e+02 5.000000000000000000e+02 5.000000000000000000e+02 5.000000000000000000e+02 5.000000000000000000e+02 5.000000000000000000e+02 5.000000000000000000e+02 5.000000000000000000e+02 5.000000000000000000e+02 5.000000000000000000e+02 5.000000000000000000e+02 5.000000000000000000e+02 5.000000000000000000e+02 5.000000000000000000e+02
-9.053390728247172483e-10 1.174290465234375006e+04 8.675167085937500815e+03 1.443420485839843650e+03 1.795496520996093803e-01 4.152041625976562456e-01 -1.999530029296875122e-01 -8.256689453125000411e-02 8.120031738281249800e-02 1.173993546874999993e+04 1.014381999969482422e+02 1.443968797851562613e+03 1.899841308593749932e-03 4.789257812500000155e-01 -2.976977539062499734e-01 -2.013078002929687416e-01 -1.943896484375000067e-01 2.359179777224061425e+01 9.854299008110809055e+00 9.270127339235958885e+00 3.181008483721653235e+00 2.369995803588073269e+00 4.585730595223741268e+00 3.993823307555443236e+00 4.631961466519260107e+00 2.473266517246996088e+01 7.751157137899878258e+00 8.995852536718428993e+00 3.029498708611481739e+00 2.553319595315803880e+00 4.610278980159952411e+00 4.128257801760046419e+00 4.789725750329084875e+00 5.000000000000000000e+02 5.000000000000000000e+02 5.000000000000000000e+02 5.000000000000000000e+02 5.000000000000000000e+02 5.000000000000000000e+02 5.000000000000000000e+02 5.000000000000000000e+02 5.000000000000000000e+02 5.000000000000000000e+02 5.000000000000000000e+02 5.000000000000000000e+02 5.000000000000000000e+02 5.000000000000000000e+02 5.000000000000000000e+02 5.000000000000000000e+02
-9.053138225280664118e-10 1.174056040429687528e+04 8.675559214843749942e+03 1.442168605468750002e+03 7.509994506835937500e-02 5.288776245117187136e-01 4.632696533203124745e-02 -3.278529663085937296e-01 4.922180175781250278e-02 1.174204650781249984e+04 1.015153184814453056e+02 1.443105674560546959e+03 1.305280761718750071e-01 5.737792358398438042e-01 1.138475341796875012e-01 3.503971557617187593e-01 8.276696777343750533e-02 2.438082934634341825e+01 9.527645808700683006e+00 9.298189826239006806e+00 3.143918043288210118e+00 2.369313757680220345e+00 4.387607544181014951e+00 3.959016314028432681e+00 4.591899846287195608e+00 2.497728601035517926e+01 7.731376388737871252e+00 9.263155719835507895e+00 3.042893632277979155e+00 2.743797018941175558e+00 4.343714323094870267e+00 4.274997372658629224e+00 4.757737403124707498e+00 5.000000000000000000e+02 5.000000000000000000e+02 5.000000000000000000e+02 5.000000000000000000e+02 5.000000000000000000e+02 5.000000000000000000e+02 5.000000000000000000e+02 5.000000000000000000e+02 5.000000000000000000e+02 5.000000000000000000e+02 5.000000000000000000e+02 5.000000000000000000e+02 5.000000000000000000e+02 5.000000000000000000e+02 5.000000000000000000e+02 5.000000000000000000e+02
-9.052888057216091383e-10 1.173871849414062490e+04 8.676160451171874229e+03 1.443031673828124894e+03 3.839993286132812461e-02 5.452653808593750373e-01 8.498931884765624500e-02 -1.742888793945312487e-01 5.278833007812500089e-02 1.174382671679687519e+04 1.021658981018066470e+02 1.443594116455078165e+03 1.177947082519531230e-01 5.335363769531249467e-01 1.529277343750000129e-01 -1.017713623046875016e-01 -7.392041015625000488e-02 2.466082708991547889e+01 9.502839630508516322e+00 9.317252704832029053e+00 3.062574893847453072e+00 2.499178311361710758e+00 4.477056088631239383e+00 3.943249677269269782e+00 4.553592300809517823e+00 2.380578517890948120e+01 8.196218362666176205e+00 9.264221623465253685e+00 3.087016916713364090e+00 2.464606269349332912e+00 4.572312323514029053e+00 4.009065417294599420e+00 4.549830241728825442e+00 5.000000000000000000e+02 5.000000000000000000e+02 5.000000000000000000e+02 5.000000000000000000e+02 5.000000000000000000e+02 5.000000000000000000e+02 5.000000000000000000e+02 5.000000000000000000e+02 5.000000000000000000e+02 5.000000000000000000e+02 5.000000000000000000e+02 5.000000000000000000e+02 5.000000000000000000e+02 5.000000000000000000e+02 5.000000000000000000e+02 5.000000000000000000e+02
-9.052637555594096465e-10 1.174119331640625023e+04 8.674828810546874593e+03 1.442156179443359406e+03 5.198886108398437234e-02 4.598100585937500151e-01 -1.534576416015625000e-01 -9.473266601562500486e-03 -3.370219726562500018e-01 1.174170051757812507e+04 1.014742653503417955e+02 1.442613277343750042e+03 1.042273864746093709e-01 4.934195556640624813e-01 -4.571990966796875278e-02 -9.880261230468749545e-02 5.409057617187500167e-02 2.348642241636769867e+01 9.537656023201506628e+00 9.303584981194381598e+00 3.068964183013883851e+00 2.521650925958387912e+00 4.565656963965095017e+00 3.985125583407435279e+00 4.456184589184709388e+00 2.412045195797213637e+01 7.866647694357630449e+00 9.297276711806491178e+00 3.015793729954428848e+00 2.613106023066590122e+00 4.610820660125082071e+00 4.028805981247177037e+00 4.551171859570461997e+00 5.000000000000000000e+02 5.000000000000000000e+02 5.000000000000000000e+02 5.000000000000000000e+02 5.000000000000000000e+02 5.000000000000000000e+02 5.000000000000000000e+02 5.000000000000000000e+02 5.000000000000000000e+02 5.000000000000000000e+02 5.000000000000000000e+02 5.000000000000000000e+02 5.000000000000000000e+02 5.000000000000000000e+02 5.000000000000000000e+02 5.000000000000000000e+02
-9.052387587663976625e-10 1.174410742578125064e+04 8.675808097656250538e+03 1.442440595947265592e+03 7.132244873046875155e-02 4.510896606445312651e-01 5.070861206054687598e-01 2.269972534179687529e-01 -5.303417968750000211e-02 1.173936603124999965e+04 1.026288777008056599e+02 1.443088122314453130e+03 8.889459228515625422e-02 3.372069091796874862e-01 -1.489006958007812464e-01 1.586860961914062507e-01 -1.944112548828124953e-01 2.496394804191499261e+01 9.678861453172515894e+00 9.223861414559637595e+00 3.117403937401862279e+00 2.375927206154018645e+00 4.636808549549985337e+00 4.202173714595361709e+00 4.767356152276991388e+00 2.400930374411281676e+01 7.817924008071943653e+00 9.249376088693690434e+00 3.062448293671452770e+00 2.645203155590897914e+00 4.506868453417729903e+00 3.968073717364538400e+00 4.732909825715011287e+00 5.000000000000000000e+02 5.000000000000000000e+02 5.000000000000000000e+02 5.000000000000000000e+02 5.000000000000000000e+02 5.000000000000000000e+02 5.000000000000000000e+02 5.000000000000000000e+02 5.000000000000000000e+02 5.000000000000000000e+02 5.000000000000000000e+02 5.000000000000000000e+02 5.000000000000000000e+02 5.000000000000000000e+02 5.000000000000000000e+02 5.000000000000000000e+02
-9.052137686445338326e-10 1.174256111718750071e+04 8.675216806640624782e+03 1.441923233642578225e+03 1.076892700195312552e-01 6.529467163085937997e-01 5.708179321289063024e-01 -1.114601440429687507e-01 -6.608813476562500067e-02 1.173987637304687451e+04 1.017233672637939463e+02 1.442679091308593797e+03 1.038388366699218718e-01 3.352796020507812225e-01 7.774145507812499356e-02 -1.706225585937500011e-02 -3.581873779296875226e-01 2.476981456460300279e+01 9.336970317371152461e+00 9.276404022122058279e+00 3.176519487780458562e+00 2.412985728001215247e+00 4.198244248721579197e+00 4.279695883459252670e+00 4.715112319282964037e+00 2.500802622039173428e+01 7.924341296998433926e+00 9.433680024642651318e+00 3.156939786796316927e+00 2.701738771091220848e+00 4.420639824171914256e+00 4.089064280517530570e+00 4.547052178966801250e+00 5.000000000000000000e+02 5.000000000000000000e+02 5.000000000000000000e+02 5.000000000000000000e+02 5.000000000000000000e+02 5.000000000000000000e+02 5.000000000000000000e+02 5.000000000000000000e+02 5.000000000000000000e+02 5.000000000000000000e+02 5.000000000000000000e+02 5.000000000000000000e+02 5.000000000000000000e+02 5.000000000000000000e+02 5.000000000000000000e+02 5.000000000000000000e+02
-9.051896057450701693e-10 1.174088037304687532e+04 8.675576919921875742e+03 1.441247612304687436e+03 8.151174926757812078e-02 5.461229248046874929e-01 -5.376696777343750039e-02 -3.900808105468749898e-01 -3.392221679687499880e-01 1.174219371484375006e+04 1.012698488464355506e+02 1.441783680175781228e+03 8.463882446289063000e-02 4.309536132812499809e-01 -6.683471679687499716e-03 2.364238891601562476e-01 2.078900146484375100e-01 2.446333571673579499e+01 9.000471330976479223e+00 9.303723785620874764e+00 3.160887685228452426e+00 2.547835440830179099e+00 4.318765227805873685e+00 3.974159728270997505e+00 4.818983920800871346e+00 2.441401729916722374e+01 8.133462134834296364e+00 9.534284116170187673e+00 3.150986379774328050e+00 2.462238026490298548e+00 4.598091808283375492e+00 3.955726758041984148e+00 4.818137496353689819e+00 5.000000000000000000e+02 5.000000000000000000e+02 5.000000000000000000e+02 5.000000000000000000e+02 5.000000000000000000e+02 5.000000000000000000e+02 5.000000000000000000e+02 5.000000000000000000e+02 5.000000000000000000e+02 5.000000000000000000e+02 5.000000000000000000e+02 5.000000000000000000e+02 5.000000000000000000e+02 5.000000000000000000e+02 5.000000000000000000e+02 5.000000000000000000e+02
-9.051638350988450095e-10 1.173941784179687420e+04 8.675543626953125568e+03 1.441692059570312495e+03 1.299773559570312487e-01 5.253862915039062553e-01 1.509971313476562438e-01 1.308585205078124925e-01 -2.168200683593750067e-01 1.174446067968749958e+04 1.013607550048828188e+02 1.442274837646484457e+03 8.896621704101562167e-02 5.042322387695312713e-01 3.071697998046875044e-01 -3.890726928710937504e-01 -6.646630859374999534e-02 2.395129163713660247e+01 9.426332883599391366e+00 9.078806050135666439e+00 3.187662073883708036e+00 2.575842673303216035e+00 4.326595044158099590e+00 4.063341921623925046e+00 4.745420510562407657e+00 2.443179017698764000e+01 8.285374804185030584e+00 9.076824845463523417e+00 3.004439987471188456e+00 2.368894403254231840e+00 4.578560865829827797e+00 3.834930056579015201e+00 4.407966818261503938e+00 5.000000000000000000e+02 5.000000000000000000e+02 5.000000000000000000e+02 5.000000000000000000e+02 5.000000000000000000e+02 5.000000000000000000e+02 5.000000000000000000e+02 5.000000000000000000e+02 5.000000000000000000e+02 5.000000000000000000e+02 5.000000000000000000e+02 5.000000000000000000e+02 5.000000000000000000e+02 5.000000000000000000e+02 5.000000000000000000e+02 5.000000000000000000e+02
-9.051391585209552804e-10 1.174022135937500025e+04 8.675725152343749869e+03 1.442039189453124891e+03 4.646130371093749878e-02 4.559433593750000235e-01 -1.694144287109375091e-01 9.669689941406249545e-02 -5.302319335937499822e-01 1.174201946484375003e+04 1.022486858978271442e+02 1.442707751220703130e+03 8.283447265625000500e-03 4.774774169921874867e-01 -1.547158813476562367e-01 3.519476318359374828e-02 1.417908935546874916e-01 2.440498522314348406e+01 9.587323068374500323e+00 8.867212297442206292e+00 3.289342886164486668e+00 2.497339202356968713e+00 4.444696938435894751e+00 4.051234890003142297e+00 4.833220184365742966e+00 2.493694543252226836e+01 7.768222767137827667e+00 9.108200969486867749e+00 3.060022659345413398e+00 2.597596127169166547e+00 4.580349295900924211e+00 4.158798370541862077e+00 4.925372154973434391e+00 5.000000000000000000e+02 5.000000000000000000e+02 5.000000000000000000e+02 5.000000000000000000e+02 5.000000000000000000e+02 5.000000000000000000e+02 5.000000000000000000e+02 5.000000000000000000e+02 5.000000000000000000e+02 5.000000000000000000e+02 5.000000000000000000e+02 5.000000000000000000e+02 5.000000000000000000e+02 5.000000000000000000e+02 5.000000000000000000e+02 5.000000000000000000e+02
-9.051138348416720602e-10 1.174296958789062410e+04 8.675721660156250437e+03 1.441394431640625044e+03 1.280834045410156330e-01 5.580236816406249911e-01 -1.388858642578124913e-01 1.474835815429687558e-01 -2.244682617187500062e-01 1.173882895703124996e+04 1.027657061614990255e+02 1.441982388671875015e+03 1.424997863769531248e-01 5.592912597656249929e-01 1.564356079101562602e-01 2.496508178710937498e-01 -7.484472656250000522e-02 2.388268462103912881e+01 9.803138420312251355e+00 9.272288682541608651e+00 3.211750006555397441e+00 2.517903919320695572e+00 4.432406539136132473e+00 4.250666291448766287e+00 4.629794760169740009e+00 2.461445839227532417e+01 7.843565194141961072e+00 9.266500013441669736e+00 3.088913169848134910e+00 2.619435041292188071e+00 4.387397662445563284e+00 4.044563943902120151e+00 4.526065622423348422e+00 5.000000000000000000e+02 5.000000000000000000e+02 5.000000000000000000e+02 5.000000000000000000e+02 5.000000000000000000e+02 5.000000000000000000e+02 5.000000000000000000e+02 5.000000000000000000e+02 5.000000000000000000e+02 5.000000000000000000e+02 5.000000000000000000e+02 5.000000000000000000e+02 5.000000000000000000e+02 5.000000000000000000e+02 5.000000000000000000e+02 5.000000000000000000e+02
-9.050887846794729820e-10 1.174298125195312423e+04 8.675419541015624418e+03 1.441685036865234451e+03 9.226690673828125133e-02 4.266096191406250071e-01 -2.257828979492187416e-01 -8.002478027343749856e-02 -1.247329101562500014e-01 1.173938926562499910e+04 1.017063673248291025e+02 1.442282187255859299e+03 1.934555969238281325e-01 5.484171142578124769e-01 -4.451904296874999861e-03 -2.271835937499999958e-01 2.237347412109375044e-01 2.411471652039707436e+01 9.593718359377493954e+00 9.492373053468105226e+00 3.043913044956646718e+00 2.472280455766327378e+00 4.403719925104614852e+00 3.869599599038283433e+00 4.832010058108537898e+00 2.416635052967695430e+01 8.004052686409929507e+00 9.528852514183100197e+00 3.108519050334165978e+00 2.627748985654830616e+00 4.623552663039127708e+00 4.138000447387247149e+00 4.537402208577999474e+00 5.000000000000000000e+02 5.000000000000000000e+02 5.000000000000000000e+02 5.000000000000000000e+02 5.000000000000000000e+02 5.000000000000000000e+02 5.000000000000000000e+02 5.000000000000000000e+02 5.000000000000000000e+02 5.000000000000000000e+02 5.000000000000000000e+02 5.000000000000000000e+02 5.000000000000000000e+02 5.000000000000000000e+02 5.000000000000000000e+02 5.000000000000000000e+02
-9.050640880881381701e-10 1.173966638281250016e+04 8.675452363281250655e+03 1.444128738769531310e+03 6.518911743164063077e-02 5.321791992187500098e-01 -1.388439331054687476e-01 -5.511663818359374689e-02 1.596308593749999893e-01 1.174344877929687573e+04 1.012644571380615304e+02 1.444551182861328016e+03 -1.017291259765625011e-02 5.387166748046875453e-01 -1.694807128906249960e-01 -2.606920776367187553e-01 -1.026982421874999968e-01 2.394854885695655256e+01 9.438201342239155522e+00 9.022934708021844941e+00 3.076832484597777473e+00 2.527861729352803177e+00 4.496389958566978429e+00 3.951187572050446573e+00 4.626737564079296483e+00 2.412838669125001800e+01 7.946882497060391515e+00 9.148548471934129012e+00 3.072576939039305621e+00 2.496596187569654735e+00 4.375564231402401028e+00 4.012450615898192297e+00 4.713608244973741535e+00 5.000000000000000000e+02 5.000000000000000000e+02 5.000000000000000000e+02 5.000000000000000000e+02 5.000000000000000000e+02 5.000000000000000000e+02 5.000000000000000000e+02 5.000000000000000000e+02 5.000000000000000000e+02 5.000000000000000000e+02 5.000000000000000000e+02 5.000000000000000000e+02 5.000000000000000000e+02 5.000000000000000000e+02 5.000000000000000000e+02 5.000000000000000000e+02
-9.050390379259388851e-10 1.173958482226562410e+04 8.676049042968750655e+03 1.443450883056640578e+03 1.551998901367187544e-01 5.721665649414062749e-01 -1.078084106445312551e-01 -1.201756591796875051e-01 7.633312988281250322e-02 1.174346477148437589e+04 1.024284123077392508e+02 1.443874948242187429e+03 9.147781372070312722e-02 2.695275878906249756e-01 -8.448101806640624656e-02 5.249145507812499889e-02 -4.135441894531249885e-01 2.380747710137908868e+01 9.179253336412561026e+00 9.215399328982689653e+00 3.126710791385566512e+00 2.710802898593168475e+00 4.365776123761611061e+00 4.012909321978714416e+00 4.742505678579903794e+00 2.473618028480321485e+01 8.027774312934813139e+00 9.289706485816454418e+00 3.035667709263553782e+00 2.455365326128511771e+00 4.798948780091620847e+00 3.877642001237281644e+00 4.734023888278465542e+00 5.000000000000000000e+02 5.000000000000000000e+02 5.000000000000000000e+02 5.000000000000000000e+02 5.000000000000000000e+02 5.000000000000000000e+02 5.000000000000000000e+02 5.000000000000000000e+02 5.000000000000000000e+02 5.000000000000000000e+02 5.000000000000000000e+02 5.000000000000000000e+02 5.000000000000000000e+02 5.000000000000000000e+02 5.000000000000000000e+02 5.000000000000000000e+02
-9.050137676158427591e-10 1.174410044921874942e+04 8.676232355468750029e+03 1.442271605468750067e+03 -2.068905639648437392e-02 5.048612060546875391e-01 1.909497070312499850e-02 -1.588134765624999920e-04 1.736685791015624980e-01 1.174011500390625042e+04 1.031650569610595767e+02 1.442907770751953194e+03 6.518841552734375155e-02 5.007171630859375000e-01 2.644242553710937638e-01 -1.320107421875000020e-01 1.799017333984375133e-01 2.436470269656475196e+01 9.299077657234821714e+00 9.218773185067144382e+00 3.094560233935229832e+00 2.601125633403795323e+00 4.538931205360790422e+00 4.104222443924295582e+00 4.861618664338640983e+00 2.508137980416941915e+01 8.253515042063163776e+00 9.346930803258818088e+00 3.135669842764797099e+00 2.469026507216113941e+00 4.499144270100675413e+00 4.113128596653234048e+00 4.647256185431890785e+00 5.000000000000000000e+02 5.000000000000000000e+02 5.000000000000000000e+02 5.000000000000000000e+02 5.000000000000000000e+02 5.000000000000000000e+02 5.000000000000000000e+02 5.000000000000000000e+02 5.000000000000000000e+02 5.000000000000000000e+02 5.000000000000000000e+02 5.000000000000000000e+02 5.000000000000000000e+02 5.000000000000000000e+02 5.000000000000000000e+02 5.000000000000000000e+02
-9.049887441382368144e-10 1.174262898828125071e+04 8.676099531249999927e+03 1.441689952148437442e+03 -1.070278320312500059e-01 4.753671264648437478e-01 7.395794677734375544e-02 -8.902685546874999911e-02 4.074216308593749947e-01 1.174078661523437586e+04 1.017407753753662121e+02 1.442121747070312495e+03 1.541388244628906223e-01 5.512468872070312997e-01 8.711706542968750133e-02 2.397408447265625131e-01 -2.718234863281249747e-01 2.398381748649321921e+01 9.336515373067376444e+00 9.271571433462996836e+00 3.113705678285600076e+00 2.925694851710733069e+00 4.457647037146244884e+00 3.928050389866104553e+00 4.726391107180949902e+00 2.416438706936177638e+01 7.615202992038310192e+00 9.432179185871115479e+00 3.140154568191021678e+00 2.404637805825284858e+00 4.482267859193058257e+00 3.980861826142783055e+00 4.646244528178645972e+00 5.000000000000000000e+02 5.000000000000000000e+02 5.000000000000000000e+02 5.000000000000000000e+02 5.000000000000000000e+02 5.000000000000000000e+02 5.000000000000000000e+02 5.000000000000000000e+02 5.000000000000000000e+02 5.000000000000000000e+02 5.000000000000000000e+02 5.000000000000000000e+02 5.000000000000000000e+02 5.000000000000000000e+02 5.000000000000000000e+02 5.000000000000000000e+02
-9.049637473452248304e-10 1.173948568164062453e+04 8.675769560546874345e+03 1.440659517089843803e+03 1.600942993164062578e-01 5.451567993164062598e-01 -2.025310058593750018e-01 1.166063232421875040e-01 -7.374487304687500633e-02 1.174295604101562458e+04 1.016368898620605421e+02 1.441297900634765710e+03 1.065834655761718763e-01 5.508865356445312722e-01 -7.603796386718750244e-02 -1.661588745117187627e-01 -8.160974121093750311e-02 2.385497468964524259e+01 9.396007953325991480e+00 9.287123394152136058e+00 3.227736637214564386e+00 2.578402076594412229e+00 4.435489175747588497e+00 4.136365895653417724e+00 4.578724981124743465e+00 2.406877601279002832e+01 7.597264340594374055e+00 9.066938878203687935e+00 3.153247773883129934e+00 2.495189433065216011e+00 4.533686093562319996e+00 4.221618046082696196e+00 4.774764044261413432e+00 5.000000000000000000e+02 5.000000000000000000e+02 5.000000000000000000e+02 5.000000000000000000e+02 5.000000000000000000e+02 5.000000000000000000e+02 5.000000000000000000e+02 5.000000000000000000e+02 5.000000000000000000e+02 5.000000000000000000e+02 5.000000000000000000e+02 5.000000000000000000e+02 5.000000000000000000e+02 5.000000000000000000e+02 5.000000000000000000e+02 5.000000000000000000e+02
-9.049387438810642787e-10 1.173927068945312567e+04 8.675983158203125640e+03 1.441190306640625067e+03 2.037771606445312397e-02 6.634694213867187162e-01 1.163297729492187432e-01 -9.696118164062500488e-02 2.228669433593750138e-01 1.174295466992187539e+04 1.022569755401611360e+02 1.441795524902343686e+03 -4.403320312500000333e-02 3.655294189453124898e-01 3.995980224609375075e-01 1.826616821289062387e-01 2.213649902343750031e-01 2.426766609279288645e+01 9.978528399318346231e+00 9.406430262986411606e+00 3.129927161178423844e+00 2.414792970916242787e+00 4.706970392042565621e+00 4.060856565021045306e+00 4.820046344998257126e+00 2.424483062592297244e+01 7.705227892559110003e+00 9.323200483770007096e+00 3.107924540026087534e+00 2.619135846603327433e+00 4.582762291339205873e+00 4.096618727709041785e+00 4.961226560515411776e+00 5.000000000000000000e+02 5.000000000000000000e+02 5.000000000000000000e+02 5.000000000000000000e+02 5.000000000000000000e+02 5.000000000000000000e+02 5.000000000000000000e+02 5.000000000000000000e+02 5.000000000000000000e+02 5.000000000000000000e+02 5.000000000000000000e+02 5.000000000000000000e+02 5.000000000000000000e+02 5.000000000000000000e+02 5.000000000000000000e+02 5.000000000000000000e+02
-9.049137337457552626e-10 1.174100956835937541e+04 8.675916912109374607e+03 1.443182205322265645e+03 6.932791137695312744e-02 4.368796386718750147e-01 -2.162271728515625102e-01 -2.355664062499999989e-02 6.524438476562499645e-02 1.174127961328124911e+04 1.026644857482910140e+02 1.443880924560546873e+03 1.300835266113281319e-01 4.623728027343749769e-01 2.904663085937499861e-02 -2.732860717773437642e-01 -2.697890625000000098e-01 2.394626013513286011e+01 9.961370309955775326e+00 9.145441779869157628e+00 3.208751896867616082e+00 2.309985849600717067e+00 4.428231721942779586e+00 4.078226577279207454e+00 4.867985956834239403e+00 2.482280758689388733e+01 8.020180999028607260e+00 9.153287873843279243e+00 3.140582278086448298e+00 2.697190266596298347e+00 4.655527995714095368e+00 3.959025195418097276e+00 4.771844335764555467e+00 5.000000000000000000e+02 5.000000000000000000e+02 5.000000000000000000e+02 5.000000000000000000e+02 5.000000000000000000e+02 5.000000000000000000e+02 5.000000000000000000e+02 5.000000000000000000e+02 5.000000000000000000e+02 5.000000000000000000e+02 5.000000000000000000e+02 5.000000000000000000e+02 5.000000000000000000e+02 5.000000000000000000e+02 5.000000000000000000e+02 5.000000000000000000e+02
-9.048887569661882580e-10 1.174314912499999991e+04 8.676128404296874578e+03 1.444038299316406210e+03 2.131113891601562615e-01 3.901525878906250133e-01 1.253496704101562387e-01 -1.067730712890625072e-02 8.412255859374999367e-02 1.174000424414062581e+04 1.026047999877929726e+02 1.444802436523437564e+03 1.530002441406249913e-01 6.231133422851562464e-01 -9.733880615234374867e-02 4.577722167968750061e-02 -3.906811523437499906e-02 2.476918358415612076e+01 1.001634438468711430e+01 9.149379685473629564e+00 3.123239579095326235e+00 2.293254954238224563e+00 4.449603595248096788e+00 4.029955202787207647e+00 4.612664788866445598e+00 2.404312849387896378e+01 7.714772533719379766e+00 9.011035509013392897e+00 3.177197413777706814e+00 2.741014646522488274e+00 4.540378455941185720e+00 3.788092850787629029e+00 4.820564049702865006e+00 5.000000000000000000e+02 5.000000000000000000e+02 5.000000000000000000e+02 5.000000000000000000e+02 5.000000000000000000e+02 5.000000000000000000e+02 5.000000000000000000e+02 5.000000000000000000e+02 5.000000000000000000e+02 5.000000000000000000e+02 5.000000000000000000e+02 5.000000000000000000e+02 5.000000000000000000e+02 5.000000000000000000e+02 5.000000000000000000e+02 5.000000000000000000e+02
-9.048638002000664395e-10 1.174101458398437535e+04 8.675122720703124287e+03 1.441803592285156356e+03 2.127789306640625114e-02 5.435725708007812518e-01 -6.081445312500000089e-02 -2.221704101562500117e-02 -3.102294921875000180e-03 1.174137609960937516e+04 1.014738245697021455e+02 1.442395482421874931e+03 4.858853149414062156e-02 4.108671264648437460e-01 -2.352254028320312496e-01 6.045640869140624929e-01 3.718000488281250071e-01 2.445745454620493931e+01 9.429124870471721209e+00 9.039011872929719971e+00 3.150871072111265825e+00 2.317310148750096221e+00 4.352947723264074753e+00 3.934206972296017124e+00 4.767078777633845021e+00 2.431160259275586100e+01 7.761488879910737992e+00 9.307148289774112015e+00 3.094156913509063855e+00 2.763653507750503557e+00 4.514522737011904319e+00 4.181830658723953320e+00 4.819537466682104920e+00 5.000000000000000000e+02 5.000000000000000000e+02 5.000000000000000000e+02 5.000000000000000000e+02 5.000000000000000000e+02 5.000000000000000000e+02 5.000000000000000000e+02 5.000000000000000000e+02 5.000000000000000000e+02 5.000000000000000000e+02 5.000000000000000000e+02 5.000000000000000000e+02 5.000000000000000000e+02 5.000000000000000000e+02 5.000000000000000000e+02 5.000000000000000000e+02
-9.048387700513121339e-10 1.173891380664062490e+04 8.675293480468750204e+03 1.440872364257812478e+03 1.339495544433593754e-01 6.448401489257812313e-01 2.816085205078124876e-01 -3.219608154296875191e-01 -2.723388671874999931e-02 1.174306477539062507e+04 1.011816161956787141e+02 1.441338777587890718e+03 2.844445800781249950e-02 3.724458007812500027e-01 -2.330192871093750007e-01 -2.990051879882812402e-01 -1.427237548828124980e-01 2.428498226969681539e+01 9.404555538076165178e+00 9.375867633589729522e+00 3.106239896611819873e+00 2.383473033737820046e+00 4.577121629223868560e+00 4.229146604102981044e+00 4.741246432942116229e+00 2.457003358861742015e+01 8.102082236054892306e+00 9.410639133546034429e+00 3.079833231510212155e+00 2.769206248952719385e+00 4.529524078096112127e+00 4.120007757637265122e+00 4.856832246701523026e+00 5.000000000000000000e+02 5.000000000000000000e+02 5.000000000000000000e+02 5.000000000000000000e+02 5.000000000000000000e+02 5.000000000000000000e+02 5.000000000000000000e+02 5.000000000000000000e+02 5.000000000000000000e+02 5.000000000000000000e+02 5.000000000000000000e+02 5.000000000000000000e+02 5.000000000000000000e+02 5.000000000000000000e+02 5.000000000000000000e+02 5.000000000000000000e+02
-9.048137065468162305e-10 1.173943642578125036e+04 8.675015935546874971e+03 1.442099645996093841e+03 6.133853149414062594e-02 5.756264038085937562e-01 -3.145037841796875094e-02 2.542797851562500142e-02 1.754429931640625051e-01 1.174213294140624930e+04 1.010036981048584011e+02 1.442705084228515716e+03 -6.167794799804687811e-02 5.529010620117187358e-01 1.677668457031250004e-01 8.596643066406249589e-02 3.579223632812499889e-01 2.469613178685765575e+01 9.332969161557661764e+00 9.271458697378101022e+00 3.205199212047654012e+00 2.550225203756286252e+00 4.277105076331723765e+00 3.973495896496384905e+00 4.942688276407726455e+00 2.413803287651944274e+01 8.164186445723423446e+00 9.474967543393770342e+00 3.090886824165289593e+00 2.475337829844870274e+00 4.502806484506407081e+00 4.044738092263903795e+00 4.680928344052920131e+00 5.000000000000000000e+02 5.000000000000000000e+02 5.000000000000000000e+02 5.000000000000000000e+02 5.000000000000000000e+02 5.000000000000000000e+02 5.000000000000000000e+02 5.000000000000000000e+02 5.000000000000000000e+02 5.000000000000000000e+02 5.000000000000000000e+02 5.000000000000000000e+02 5.000000000000000000e+02 5.000000000000000000e+02 5.000000000000000000e+02 5.000000000000000000e+02
-9.047888498479201361e-10 1.174294723437500033e+04 8.674658976562499447e+03 1.441381830078124949e+03 9.417764282226562256e-02 6.864342041015625284e-01 4.920300292968750322e-02 1.739502563476562624e-01 -2.374558105468750069e-01 1.173976980273437584e+04 1.013612000427246045e+02 1.441911408935546888e+03 1.462163696289062453e-01 5.908135375976562020e-01 -3.773126220703124784e-02 7.867724609375000011e-02 1.922045898437500094e-02 2.417346719024525470e+01 9.273043524595653508e+00 9.137078947460180345e+00 3.102800257869124945e+00 2.582784361790989358e+00 4.367482330141909230e+00 4.008896203566852279e+00 4.741280183563963746e+00 2.510148882437405859e+01 8.482342261245904069e+00 9.319069364085839524e+00 3.050927592505272568e+00 2.662595412679721552e+00 4.597322266410196256e+00 3.918766440136555396e+00 4.573751488787085151e+00 5.000000000000000000e+02 5.000000000000000000e+02 5.000000000000000000e+02 5.000000000000000000e+02 5.000000000000000000e+02 5.000000000000000000e+02 5.000000000000000000e+02 5.000000000000000000e+02 5.000000000000000000e+02 5.000000000000000000e+02 5.000000000000000000e+02 5.000000000000000000e+02 5.000000000000000000e+02 5.000000000000000000e+02 5.000000000000000000e+02 5.000000000000000000e+02
-9.047639464509854118e-10 1.174363257812499978e+04 8.674793132812499607e+03 1.442533139892578220e+03 3.626666259765624900e-02 4.774139404296874889e-01 2.347502441406250084e-01 -7.301367187500000522e-02 -7.939025878906250111e-02 1.173913438867187506e+04 1.014755469207763667e+02 1.442970801757812524e+03 1.829274902343749898e-01 5.179428100585937722e-01 -1.376019287109375017e-02 -6.981976318359374434e-02 2.624555664062500071e-01 2.514143526423139718e+01 9.324936610140683868e+00 9.128479115240939024e+00 3.098923575565783572e+00 2.664191107029535655e+00 4.785767517993916975e+00 4.141541470425390337e+00 4.844860810474662216e+00 2.461169641559436982e+01 7.924170846617255570e+00 9.014115913663268032e+00 3.117487607071725009e+00 2.382330110316978278e+00 4.688269782577424216e+00 3.982752309443510885e+00 4.910958725533698832e+00 5.000000000000000000e+02 5.000000000000000000e+02 5.000000000000000000e+02 5.000000000000000000e+02 5.000000000000000000e+02 5.000000000000000000e+02 5.000000000000000000e+02 5.000000000000000000e+02 5.000000000000000000e+02 5.000000000000000000e+02 5.000000000000000000e+02 5.000000000000000000e+02 5.000000000000000000e+02 5.000000000000000000e+02 5.000000000000000000e+02 5.000000000000000000e+02
-9.047388362484506717e-10 1.174163852929687528e+04 8.675357525390625597e+03 1.441469135742187518e+03 2.348867797851562564e-02 5.160594482421875240e-01 -5.729718017578124684e-02 -2.019973754882812556e-01 -3.477884521484375102e-01 1.174090834960937536e+04 1.013285876159667964e+02 1.441957946044921982e+03 9.455535888671874958e-03 4.917998657226562709e-01 1.064508056640624950e-02 2.149967041015624913e-01 -6.596765136718750477e-02 2.454503516377268113e+01 9.501129550577562810e+00 9.337665652354942836e+00 3.065022809223868272e+00 2.514724633175451363e+00 4.778471912564561386e+00 3.985027338654071993e+00 4.792587907037291650e+00 2.451612307479345532e+01 7.717510080633525504e+00 9.090402159628144574e+00 2.970735483835006630e+00 2.673539089890343057e+00 4.521494047751995815e+00 4.347478090481448731e+00 4.827410339629699010e+00 5.000000000000000000e+02 5.000000000000000000e+02 5.000000000000000000e+02 5.000000000000000000e+02 5.000000000000000000e+02 5.000000000000000000e+02 5.000000000000000000e+02 5.000000000000000000e+02 5.000000000000000000e+02 5.000000000000000000e+02 5.000000000000000000e+02 5.000000000000000000e+02 5.000000000000000000e+02 5.000000000000000000e+02 5.000000000000000000e+02 5.000000000000000000e+02
-9.047140662744835795e-10 1.173996783398437583e+04 8.676100533203125451e+03 1.441124807128906241e+03 -3.843908691406249661e-02 5.787329711914062091e-01 -3.718861694335937607e-01 3.321948242187500178e-02 1.221560058593749998e-01 1.174264907031250004e+04 1.015860407409667943e+02 1.441644751220703029e+03 1.178722839355468704e-01 6.375859985351562953e-01 6.812451171875000266e-02 2.699196777343749742e-01 -2.000240478515624976e-01 2.463531136304870373e+01 9.805149878946341602e+00 9.209961284450654873e+00 3.149672825234294482e+00 2.277888123801850462e+00 4.276441763757119041e+00 4.114638704692834992e+00 4.877654052501635640e+00 2.476354061507243642e+01 7.899009573800585216e+00 9.270564417335055651e+00 3.149279779645075106e+00 2.743909768486445522e+00 4.202657729275244058e+00 4.243378551252698472e+00 4.571016457270600242e+00 5.000000000000000000e+02 5.000000000000000000e+02 5.000000000000000000e+02 5.000000000000000000e+02 5.000000000000000000e+02 5.000000000000000000e+02 5.000000000000000000e+02 5.000000000000000000e+02 5.000000000000000000e+02 5.000000000000000000e+02 5.000000000000000000e+02 5.000000000000000000e+02 5.000000000000000000e+02 5.000000000000000000e+02 5.000000000000000000e+02 5.000000000000000000e+02
-9.046888359912777224e-10 1.173986232031250074e+04 8.675671716796874534e+03 1.439550014404296917e+03 8.989987182617187322e-02 7.302532348632811976e-01 -4.147973632812499978e-01 5.943823242187500078e-02 5.675659179687499861e-02 1.174384884960937416e+04 1.014500571136474605e+02 1.440060989501953145e+03 8.653866577148437711e-02 6.114035034179687855e-01 -2.429780883789062484e-01 1.126859741210937543e-01 2.023205566406250100e-01 2.381319898044531058e+01 9.782446266792804934e+00 9.303265955611626836e+00 3.095037972874118193e+00 2.397181730352905493e+00 4.380358057267145888e+00 4.064076879995503155e+00 4.563659661773889376e+00 2.415916075619191972e+01 8.010438400094288980e+00 9.258524288587839379e+00 3.204628793555708288e+00 2.775850409624200488e+00 4.844406943627048712e+00 4.001712805930654149e+00 4.676177792977413539e+00 5.000000000000000000e+02 5.000000000000000000e+02 5.000000000000000000e+02 5.000000000000000000e+02 5.000000000000000000e+02 5.000000000000000000e+02 5.000000000000000000e+02 5.000000000000000000e+02 5.000000000000000000e+02 5.000000000000000000e+02 5.000000000000000000e+02 5.000000000000000000e+02 5.000000000000000000e+02 5.000000000000000000e+02 5.000000000000000000e+02 5.000000000000000000e+02
-9.046638725540076464e-10 1.174055238867187472e+04 8.674839376953124884e+03 1.441016127441406297e+03 1.253055725097656226e-01 6.304143066406250329e-01 -5.823968505859374728e-02 1.781558837890624969e-01 1.605434570312500031e-01 1.174279044140625047e+04 1.015004816436767641e+02 1.441326425781250009e+03 1.499169311523437520e-01 5.780397338867186985e-01 6.895416259765624334e-02 1.755966796875000069e-01 1.507907714843750024e-01 2.405309637373904508e+01 9.298148969669043140e+00 9.049963075214860098e+00 3.175068984540391881e+00 2.553714463251381073e+00 4.163320853328936089e+00 4.028151067145192776e+00 4.587517602467443112e+00 2.407184665754538599e+01 8.036983262132341821e+00 9.011269636002477768e+00 3.130030195812854910e+00 2.647839533541453072e+00 4.537985469529957960e+00 4.275950453119873096e+00 4.536504458359629233e+00 5.000000000000000000e+02 5.000000000000000000e+02 5.000000000000000000e+02 5.000000000000000000e+02 5.000000000000000000e+02 5.000000000000000000e+02 5.000000000000000000e+02 5.000000000000000000e+02 5.000000000000000000e+02 5.000000000000000000e+02 5.000000000000000000e+02 5.000000000000000000e+02 5.000000000000000000e+02 5.000000000000000000e+02 5.000000000000000000e+02 5.000000000000000000e+02
-9.046389958416662624e-10 1.174173061328125004e+04 8.674735453125000276e+03 1.443093735107421935e+03 1.571224975585937544e-01 5.300347900390625089e-01 1.545579223632812527e-01 1.840255737304687389e-01 -4.968889160156250151e-01 1.174039853320312432e+04 1.018452490386962950e+02 1.443539890624999998e+03 1.692175292968749883e-02 7.183103027343750169e-01 -1.400246582031250131e-01 1.590526123046875073e-01 2.641784667968750111e-01 2.456419621632477401e+01 9.047899516976940504e+00 9.257333660025839350e+00 3.227145373657602789e+00 2.849128063315567339e+00 4.570366282672681635e+00 3.986255614577177475e+00 4.594402606726403882e+00 2.455979759194245915e+01 8.387869768928517544e+00 9.287639719024229024e+00 3.090994279061872962e+00 2.398473818000301350e+00 4.556945769178077477e+00 4.101503280912988991e+00 4.544305061073614205e+00 5.000000000000000000e+02 5.000000000000000000e+02 5.000000000000000000e+02 5.000000000000000000e+02 5.000000000000000000e+02 5.000000000000000000e+02 5.000000000000000000e+02 5.000000000000000000e+02 5.000000000000000000e+02 5.000000000000000000e+02 5.000000000000000000e+02 5.000000000000000000e+02 5.000000000000000000e+02 5.000000000000000000e+02 5.000000000000000000e+02 5.000000000000000000e+02
-9.046145660962671282e-10 1.174323436523437522e+04 8.673859046875000786e+03 1.441506747314453150e+03 1.885528564453125069e-02 6.329371337890624671e-01 -3.216857910156249896e-03 -1.377083129882812618e-01 -7.982250976562499378e-02 1.173976509375000023e+04 1.007517877807617168e+02 1.441960451660156195e+03 8.321636962890624489e-02 7.124041748046875400e-01 -1.938673706054687418e-01 2.402507324218750018e-01 8.180041503906250455e-02 2.501980909500924000e+01 9.045113714625383494e+00 9.243051243647540716e+00 3.101823601426985988e+00 2.325105407561439019e+00 4.787130862968120404e+00 4.029429178067525541e+00 4.700382407611133573e+00 2.449929069099630752e+01 7.741718142355479060e+00 9.140543137168782195e+00 3.084195728322863150e+00 2.495856820862701664e+00 4.362695893673524061e+00 4.062578981381041565e+00 4.524198437823849339e+00 5.000000000000000000e+02 5.000000000000000000e+02 5.000000000000000000e+02 5.000000000000000000e+02 5.000000000000000000e+02 5.000000000000000000e+02 5.000000000000000000e+02 5.000000000000000000e+02 5.000000000000000000e+02 5.000000000000000000e+02 5.000000000000000000e+02 5.000000000000000000e+02 5.000000000000000000e+02 5.000000000000000000e+02 5.000000000000000000e+02 5.000000000000000000e+02
-9.045888087923386902e-10 1.174283576562499911e+04 8.674999537109375524e+03 1.442998366699218650e+03 1.057939453124999984e-01 4.604534301757812753e-01 -2.040641479492187604e-01 6.078187255859375249e-01 1.226793212890625040e-01 1.173982490039062577e+04 1.012321997680664083e+02 1.443602836181640669e+03 7.022244262695312433e-02 4.129463500976562340e-01 6.052459716796874944e-02 -1.045560913085937516e-01 -3.059331054687500218e-01 2.341501463154301277e+01 9.265868557606600220e+00 9.350750216154088079e+00 3.022283932976990162e+00 2.494438631731000999e+00 4.250653325969302898e+00 3.945798042134966099e+00 4.595299356230642118e+00 2.503814483411728631e+01 7.726544560453016075e+00 9.302949148291483894e+00 2.999597119018861946e+00 2.583842967762514320e+00 4.679737219837824647e+00 4.083404732966426920e+00 4.804840427682327331e+00 5.000000000000000000e+02 5.000000000000000000e+02 5.000000000000000000e+02 5.000000000000000000e+02 5.000000000000000000e+02 5.000000000000000000e+02 5.000000000000000000e+02 5.000000000000000000e+02 5.000000000000000000e+02 5.000000000000000000e+02 5.000000000000000000e+02 5.000000000000000000e+02 5.000000000000000000e+02 5.000000000000000000e+02 5.000000000000000000e+02 5.000000000000000000e+02
-9.045638320127716856e-10 1.174342891406250055e+04 8.675124986328124578e+03 1.440004857666015596e+03 8.007220458984375122e-02 6.253604736328125524e-01 2.448370361328125119e-02 1.841413574218750127e-01 2.362550048828125082e-01 1.173931971875000090e+04 1.016547144775390592e+02 1.440384221191406141e+03 1.608555908203125051e-01 4.909536743164062411e-01 -7.583264160156250044e-02 -5.019592285156249806e-02 -1.789091796875000029e-01 2.453132898606600776e+01 9.504816143027793984e+00 9.464854010906295301e+00 3.233341609320843357e+00 2.396736721056375696e+00 4.424972836282440980e+00 4.029499094481455934e+00 4.836430450051608432e+00 2.391987650754749595e+01 7.842320748425723131e+00 9.615787869907054031e+00 3.113594270970687194e+00 2.561462944427763677e+00 4.301204466981073615e+00 4.019012418989738045e+00 4.645157976696212110e+00 5.000000000000000000e+02 5.000000000000000000e+02 5.000000000000000000e+02 5.000000000000000000e+02 5.000000000000000000e+02 5.000000000000000000e+02 5.000000000000000000e+02 5.000000000000000000e+02 5.000000000000000000e+02 5.000000000000000000e+02 5.000000000000000000e+02 5.000000000000000000e+02 5.000000000000000000e+02 5.000000000000000000e+02 5.000000000000000000e+02 5.000000000000000000e+02
-9.045388152063143086e-10 1.174146201171874964e+04 8.675726916015624738e+03 1.439821141845703096e+03 5.798345947265624856e-02 5.070953979492187624e-01 2.940629882812499929e-01 5.321399536132812580e-01 -2.298334960937500060e-01 1.174067089062500054e+04 1.020511511535644473e+02 1.440293672851562405e+03 1.138299560546874971e-02 3.929666137695312367e-01 -8.699542236328125511e-02 2.757786865234375107e-01 9.733374023437499356e-02 2.494653043680783711e+01 9.549418844093587211e+00 9.386412317465689270e+00 3.138019182061039913e+00 2.703940150219046767e+00 4.555216704721274823e+00 3.881828572269357736e+00 4.920168243561223953e+00 2.417356614027276152e+01 8.032589772374658210e+00 9.171932037756306499e+00 2.947197778338448426e+00 2.853051313017394897e+00 4.827106649602875166e+00 3.960405920842842153e+00 5.044134962222798002e+00 5.000000000000000000e+02 5.000000000000000000e+02 5.000000000000000000e+02 5.000000000000000000e+02 5.000000000000000000e+02 5.000000000000000000e+02 5.000000000000000000e+02 5.000000000000000000e+02 5.000000000000000000e+02 5.000000000000000000e+02 5.000000000000000000e+02 5.000000000000000000e+02 5.000000000000000000e+02 5.000000000000000000e+02 5.000000000000000000e+02 5.000000000000000000e+02
-9.045138651113408511e-10 1.174024713867187529e+04 8.675513283203124956e+03 1.442431523925781221e+03 1.783111572265624889e-01 5.546464233398437083e-01 2.632696533203124911e-01 -2.910498657226562313e-01 -4.858331298828125200e-01 1.174189847265625031e+04 1.017206409606933590e+02 1.443028375244140534e+03 1.644053039550781303e-01 5.822866210937499565e-01 -6.517333984375000069e-03 3.631994628906250189e-02 3.778218994140625231e-01 2.423224336177734273e+01 9.541103901623305461e+00 9.515832480533292781e+00 3.106098218386845300e+00 2.725882370959654910e+00 4.532916386039886447e+00 4.098523374338813419e+00 4.837596573077421525e+00 2.475420083260755533e+01 8.367304871938291200e+00 9.554052120155050787e+00 3.180040995626007394e+00 2.473594422532428894e+00 4.452423056645510968e+00 4.114020585561066312e+00 4.799209611280729426e+00 5.000000000000000000e+02 5.000000000000000000e+02 5.000000000000000000e+02 5.000000000000000000e+02 5.000000000000000000e+02 5.000000000000000000e+02 5.000000000000000000e+02 5.000000000000000000e+02 5.000000000000000000e+02 5.000000000000000000e+02 5.000000000000000000e+02 5.000000000000000000e+02 5.000000000000000000e+02 5.000000000000000000e+02 5.000000000000000000e+02 5.000000000000000000e+02
-9.044887749222512972e-10 1.173985155078124990e+04 8.676390638671875422e+03 1.441251547363281361e+03 6.078302001953125172e-02 5.386600952148437038e-01 1.142498779296874933e-01 -1.201770019531250011e-01 -1.268798828124999972e-02 1.174271171484375009e+04 1.021957999420166061e+02 1.441764673828125069e+03 1.778338623046874997e-02 6.229069824218750329e-01 -7.767895507812500044e-02 -1.287691650390624942e-01 -2.076572265624999913e-01 2.447956864489353279e+01 9.563522086867635608e+00 9.181393151026677302e+00 3.212805762898484740e+00 2.627308048551652675e+00 4.442428235173413675e+00 4.090982266718067528e+00 4.817570717324836771e+00 2.455544811968488617e+01 7.951068006938125876e+00 9.183756137861763591e+00 3.035174342027572969e+00 2.531788758295940411e+00 4.395220392882168703e+00 4.228337196627782291e+00 4.807659863809083944e+00 5.000000000000000000e+02 5.000000000000000000e+02 5.000000000000000000e+02 5.000000000000000000e+02 5.000000000000000000e+02 5.000000000000000000e+02 5.000000000000000000e+02 5.000000000000000000e+02 5.000000000000000000e+02 5.000000000000000000e+02 5.000000000000000000e+02 5.000000000000000000e+02 5.000000000000000000e+02 5.000000000000000000e+02 5.000000000000000000e+02 5.000000000000000000e+02
-9.044637581157939202e-10 1.173955300585937584e+04 8.675788988281250568e+03 1.441958463134765680e+03 -5.558843994140624800e-02 4.520405883789062607e-01 -1.966425170898437602e-01 1.810111083984375091e-01 2.504357910156250130e-02 1.174239249023437515e+04 1.017560244598388692e+02 1.442283582275390700e+03 -2.666152954101562444e-02 6.442928466796874476e-01 -1.009790039062499929e-02 -8.965319824218749567e-02 -1.528898925781249918e-01 2.455093944260724470e+01 9.613820389950040735e+00 9.402859775515633345e+00 3.038129094888928350e+00 2.323572758151805306e+00 4.245576838731371261e+00 4.072533383782470651e+00 4.677291817089035852e+00 2.430517214487327848e+01 7.507546518388477530e+00 9.435861709404335329e+00 3.051194933277681542e+00 2.556611729964336277e+00 4.439635641488919759e+00 3.950384583467697386e+00 4.753646604299932577e+00 5.000000000000000000e+02 5.000000000000000000e+02 5.000000000000000000e+02 5.000000000000000000e+02 5.000000000000000000e+02 5.000000000000000000e+02 5.000000000000000000e+02 5.000000000000000000e+02 5.000000000000000000e+02 5.000000000000000000e+02 5.000000000000000000e+02 5.000000000000000000e+02 5.000000000000000000e+02 5.000000000000000000e+02 5.000000000000000000e+02 5.000000000000000000e+02
-9.044389414437881981e-10 1.173993382031250076e+04 8.676375263671874563e+03 1.441176539306640734e+03 6.178863525390625167e-02 5.644837646484375249e-01 -3.461717529296874929e-01 -1.276171875000000067e-01 2.785128173828125275e-01 1.174311846679687551e+04 1.024299468688964794e+02 1.441677761474609269e+03 7.008947753906250022e-02 6.717337036132812189e-01 -2.812584838867187575e-01 3.684835205078125231e-01 7.840185546875000355e-02 2.483192590588459936e+01 9.478894261340562011e+00 9.571202929782188562e+00 3.121546459323039535e+00 2.499679427967103074e+00 4.367121532180505028e+00 3.922064072721242134e+00 4.590689850060193145e+00 2.451433754821838562e+01 7.862715428396809259e+00 9.401346807496176794e+00 3.070691260820186841e+00 2.686521327816468574e+00 4.594994242480291646e+00 4.119143875984132563e+00 4.660057062619007873e+00 5.000000000000000000e+02 5.000000000000000000e+02 5.000000000000000000e+02 5.000000000000000000e+02 5.000000000000000000e+02 5.000000000000000000e+02 5.000000000000000000e+02 5.000000000000000000e+02 5.000000000000000000e+02 5.000000000000000000e+02 5.000000000000000000e+02 5.000000000000000000e+02 5.000000000000000000e+02 5.000000000000000000e+02 5.000000000000000000e+02 5.000000000000000000e+02
-9.044136844759887939e-10 1.173937029296874971e+04 8.674943533203124389e+03 1.441048953369140690e+03 1.033107299804687518e-01 5.468374633789062633e-01 -9.901361083984375200e-02 3.525866699218749983e-02 -2.311876220703124873e-01 1.174306267578124971e+04 1.011497225494384793e+02 1.441420335205078118e+03 -3.427764892578125111e-02 5.122933349609375409e-01 2.455810546875000083e-02 -3.485031127929687500e-01 -1.177661132812500011e-01 2.444734601584078604e+01 9.230947863093625472e+00 9.307987373558475497e+00 3.068481207473271688e+00 2.578397750509580089e+00 4.279966908950010307e+00 4.338259016022139924e+00 4.860957979337511503e+00 2.333793565960738903e+01 8.046509879983759106e+00 9.428416123715246400e+00 3.074771105106688829e+00 2.652501014162869097e+00 4.575553625029275651e+00 4.016535696987432402e+00 4.599961765269698688e+00 5.000000000000000000e+02 5.000000000000000000e+02 5.000000000000000000e+02 5.000000000000000000e+02 5.000000000000000000e+02 5.000000000000000000e+02 5.000000000000000000e+02 5.000000000000000000e+02 5.000000000000000000e+02 5.000000000000000000e+02 5.000000000000000000e+02 5.000000000000000000e+02 5.000000000000000000e+02 5.000000000000000000e+02 5.000000000000000000e+02 5.000000000000000000e+02
-9.043887610656088835e-10 1.173923479492187471e+04 8.674565191406249141e+03 1.441210202392578140e+03 6.787762451171874822e-02 6.892107543945312775e-01 2.345360717773437575e-01 1.519085083007812587e-01 3.777557373046874778e-01 1.174291004882812558e+04 1.008110652618408238e+02 1.441573300781250055e+03 1.508111267089843888e-01 6.050167236328124476e-01 4.867495727539062345e-01 1.416068115234374869e-01 -1.113256835937499918e-02 2.436596298010956829e+01 9.163386994630512206e+00 9.339282668922866293e+00 3.211618546227907434e+00 2.583838776082469035e+00 4.271644823648917288e+00 4.174681800039016011e+00 4.806395917757270375e+00 2.424274978564674043e+01 8.256216047851534512e+00 9.409352417150047998e+00 3.106460551383968038e+00 2.447813557855947231e+00 4.513408410497546264e+00 3.818535030882574954e+00 4.578614933310667823e+00 5.000000000000000000e+02 5.000000000000000000e+02 5.000000000000000000e+02 5.000000000000000000e+02 5.000000000000000000e+02 5.000000000000000000e+02 5.000000000000000000e+02 5.000000000000000000e+02 5.000000000000000000e+02 5.000000000000000000e+02 5.000000000000000000e+02 5.000000000000000000e+02 5.000000000000000000e+02 5.000000000000000000e+02 5.000000000000000000e+02 5.000000000000000000e+02
-9.043639510647516257e-10 1.173873641015625071e+04 8.674935306640625640e+03 1.442745257080078090e+03 3.908367919921874878e-02 5.280601806640624618e-01 8.144842529296875133e-02 -3.973681640625000011e-02 -1.657994384765625051e-01 1.174332719335937509e+04 1.013500407714843732e+02 1.443141584716796842e+03 1.742554016113281312e-01 4.112398681640624942e-01 5.437341308593750533e-01 2.956554565429687642e-01 -2.263890380859374940e-01 2.429037213608838286e+01 9.499992314861801290e+00 8.920636840676852586e+00 3.104253150228814206e+00 2.525678800894169296e+00 4.684267919131217539e+00 4.012196052162853022e+00 4.417811532735292701e+00 2.449317210503236097e+01 8.199507310593721954e+00 9.324919490673561739e+00 3.038064405201819085e+00 2.472820958374904343e+00 4.361688280914918892e+00 3.959114258025507205e+00 4.549527632799133414e+00 5.000000000000000000e+02 5.000000000000000000e+02 5.000000000000000000e+02 5.000000000000000000e+02 5.000000000000000000e+02 5.000000000000000000e+02 5.000000000000000000e+02 5.000000000000000000e+02 5.000000000000000000e+02 5.000000000000000000e+02 5.000000000000000000e+02 5.000000000000000000e+02 5.000000000000000000e+02 5.000000000000000000e+02 5.000000000000000000e+02 5.000000000000000000e+02
-9.043390876947071703e-10 1.173879043359374919e+04 8.674943419921875829e+03 1.442256345458984470e+03 -1.837777709960937422e-02 7.129827270507812509e-01 1.688383789062500029e-01 -3.604852905273437380e-01 2.795458984374999886e-02 1.174308655273437580e+04 1.008735878295898374e+02 1.442761699707031312e+03 1.183720397949218767e-01 4.280999755859374867e-01 5.621899414062499906e-02 -1.157047119140624941e-01 -5.492432861328124805e-01 2.441689643577088376e+01 9.601434824041112037e+00 9.213733092132031288e+00 3.310855827154324249e+00 2.610621964625649660e+00 4.481973415323150078e+00 3.893429536235130328e+00 4.937759842345873729e+00 2.513343181902357415e+01 7.817752022430290104e+00 9.254258436867054627e+00 3.108085847588154760e+00 2.423821289801278311e+00 4.565274586501085530e+00 4.035827602721515639e+00 4.748953187127886721e+00 5.000000000000000000e+02 5.000000000000000000e+02 5.000000000000000000e+02 5.000000000000000000e+02 5.000000000000000000e+02 5.000000000000000000e+02 5.000000000000000000e+02 5.000000000000000000e+02 5.000000000000000000e+02 5.000000000000000000e+02 5.000000000000000000e+02 5.000000000000000000e+02 5.000000000000000000e+02 5.000000000000000000e+02 5.000000000000000000e+02 5.000000000000000000e+02
-9.043143911033724619e-10 1.173953607617187481e+04 8.674401355468749898e+03 1.441499351074218794e+03 -2.215005493164062464e-02 3.662069702148437744e-01 -1.181094360351562511e-01 -1.605574340820312418e-01 3.457316894531249907e-01 1.174213201171874971e+04 1.012304123229980490e+02 1.442173907714843835e+03 1.320004272460937600e-01 5.809471435546874618e-01 -5.262744140625000289e-02 1.770289916992187629e-01 -6.645581054687499378e-02 2.411384428483582809e+01 9.653045631635958301e+00 9.319669185711106252e+00 3.098142655511764154e+00 2.430397480006834421e+00 4.380753046944216855e+00 3.978708441313538291e+00 4.502042383601225772e+00 2.447333468497807374e+01 7.803746744159441029e+00 9.245639677806222423e+00 3.172898187228406108e+00 2.543331738991325697e+00 4.442391270226102584e+00 3.761535774518656172e+00 4.995309278067056269e+00 5.000000000000000000e+02 5.000000000000000000e+02 5.000000000000000000e+02 5.000000000000000000e+02 5.000000000000000000e+02 5.000000000000000000e+02 5.000000000000000000e+02 5.000000000000000000e+02 5.000000000000000000e+02 5.000000000000000000e+02 5.000000000000000000e+02 5.000000000000000000e+02 5.000000000000000000e+02 5.000000000000000000e+02 5.000000000000000000e+02 5.000000000000000000e+02
