# delay_800pp, ch0_on, ch1_on, ch2_on, ch3_on, ch4_on, ch5_on, ch6_on, ch7_on, ch0_off, ch1_off, ch2_off, ch3_off, ch4_off, ch5_off, ch6_off, ch7_off, ch0_on_std, ch1_on_std, ch2_on_std, ch3_on_std, ch4_on_std, ch5_on_std, ch6_on_std, ch7_on_std, ch0_off_std, ch1_off_std, ch2_off_std, ch3_off_std, ch4_off_std, ch5_off_std, ch6_off_std, ch7_off_std, ch0_on_npulses, ch1_on_npulses, ch2_on_npulses, ch3_on_npulses, ch4_on_npulses, ch5_on_npulses, ch6_on_npulses, ch7_on_npulses, ch0_off_npulses, ch1_off_npulses, ch2_off_npulses, ch3_off_npulses, ch4_off_npulses, ch5_off_npulses, ch6_off_npulses, ch7_off_npulses, 
-9.113145271747861721e-10 1.174329929687500044e+04 8.676156607421875378e+03 1.438907868896484388e+03 1.671220092773437471e-01 5.195303344726562855e-01 2.322119140625000105e-02 4.963867187500000180e-03 -4.038830566406249878e-02 1.174033997851562526e+04 1.019894410400390683e+02 1.437834515624999995e+03 7.560006713867187256e-02 6.321636352539062864e-01 6.630334472656250477e-02 -1.692330322265624964e-01 4.665612792968749922e-02 2.491143934139736160e+01 9.500340015954334305e+00 9.617536979725606727e+00 3.114833657398465849e+00 2.402449451110900913e+00 4.488211622223086117e+00 4.097807328627125045e+00 4.621071759358120978e+00 2.430390185263831526e+01 7.635905229382287551e+00 9.712503153022369773e+00 3.191853484455919876e+00 2.436977065858128011e+00 4.378536990362872139e+00 4.056571111479841285e+00 4.492876969818781596e+00 5.000000000000000000e+02 5.000000000000000000e+02 5.000000000000000000e+02 5.000000000000000000e+02 5.000000000000000000e+02 5.000000000000000000e+02 5.000000000000000000e+02 5.000000000000000000e+02 5.000000000000000000e+02 5.000000000000000000e+02 5.000000000000000000e+02 5.000000000000000000e+02 5.000000000000000000e+02 5.000000000000000000e+02 5.000000000000000000e+02 5.000000000000000000e+02
-9.112894770125868871e-10 1.173982527734375071e+04 8.676204144531249767e+03 1.438280781005859353e+03 5.968331909179687422e-02 6.110591430664062962e-01 4.908898925781250006e-02 1.878803710937499982e-01 4.414624023437500183e-02 1.174406964453124965e+04 1.008651755218505883e+02 1.437383280273437549e+03 1.506835632324218799e-01 5.251400756835937766e-01 -1.544693603515625013e-01 1.805411987304687549e-01 -2.551340332031249991e-01 2.444950726683377695e+01 9.535677432986727098e+00 9.801907272028696383e+00 3.118580485304197847e+00 2.471335392356053262e+00 4.437084106429916019e+00 4.158288411629879278e+00 4.776229239370210600e+00 2.398146255132812499e+01 7.649945863454755468e+00 9.876296915663441922e+00 3.110003521477089361e+00 2.476659118977684315e+00 4.620537677867325499e+00 4.139752576008727480e+00 4.833488066506802738e+00 5.000000000000000000e+02 5.000000000000000000e+02 5.000000000000000000e+02 5.000000000000000000e+02 5.000000000000000000e+02 5.000000000000000000e+02 5.000000000000000000e+02 5.000000000000000000e+02 5.000000000000000000e+02 5.000000000000000000e+02 5.000000000000000000e+02 5.000000000000000000e+02 5.000000000000000000e+02 5.000000000000000000e+02 5.000000000000000000e+02 5.000000000000000000e+02
-9.112643201120133104e-10 1.174234187695312539e+04 8.675421476562500175e+03 1.439862451171874909e+03 2.025564575195312397e-02 4.736662597656249862e-01 -9.116430664062499800e-02 -3.192779541015625111e-02 3.104210205078125062e-01 1.174152653124999961e+04 1.014464489440917987e+02 1.438783891601562573e+03 7.105487060546875067e-02 3.604229736328125044e-01 -2.719722900390624809e-01 -2.093572998046875147e-02 1.974097900390625049e-01 2.489750689237973091e+01 9.578380292892862968e+00 9.748479744164972871e+00 3.011628782543119165e+00 2.402183266539036577e+00 4.536658038100285673e+00 4.144390298217951241e+00 4.664832141906082974e+00 2.413135201235296279e+01 7.869982756502400534e+00 9.601353855357297462e+00 3.147627760406850772e+00 2.647229634043622326e+00 4.310112554711298394e+00 4.083352749507020540e+00 4.740990185024232417e+00 5.000000000000000000e+02 5.000000000000000000e+02 5.000000000000000000e+02 5.000000000000000000e+02 5.000000000000000000e+02 5.000000000000000000e+02 5.000000000000000000e+02 5.000000000000000000e+02 5.000000000000000000e+02 5.000000000000000000e+02 5.000000000000000000e+02 5.000000000000000000e+02 5.000000000000000000e+02 5.000000000000000000e+02 5.000000000000000000e+02 5.000000000000000000e+02
-9.112395234534527745e-10 1.174294736718750028e+04 8.676012742187500407e+03 1.438656190673828178e+03 1.219220886230468759e-01 5.957061157226563042e-01 -2.269084472656250073e-01 1.335717163085937409e-01 9.615759277343749467e-02 1.174001931640624935e+04 1.022804817047119172e+02 1.437902327148437507e+03 1.424224853515624889e-01 4.169324951171874960e-01 -5.104998779296875122e-02 7.915039062499999722e-02 -2.096716308593750064e-02 2.484397689913766882e+01 9.835880697954843654e+00 1.017485279192175973e+01 3.067893786180690530e+00 2.616656520485955983e+00 4.633273191130389712e+00 4.022732905756468469e+00 4.815883526846115537e+00 2.457924438091881925e+01 7.888135427663812038e+00 1.007665036184725516e+01 3.117376478605184964e+00 2.599280821691065224e+00 4.418412514098872812e+00 3.996560143640944585e+00 4.751662759515503431e+00 5.000000000000000000e+02 5.000000000000000000e+02 5.000000000000000000e+02 5.000000000000000000e+02 5.000000000000000000e+02 5.000000000000000000e+02 5.000000000000000000e+02 5.000000000000000000e+02 5.000000000000000000e+02 5.000000000000000000e+02 5.000000000000000000e+02 5.000000000000000000e+02 5.000000000000000000e+02 5.000000000000000000e+02 5.000000000000000000e+02 5.000000000000000000e+02
-9.112144265932148596e-10 1.174054284765625016e+04 8.676653828124999563e+03 1.439188806152343659e+03 1.650000000000000078e-02 4.399358520507812287e-01 -6.953430175781249827e-03 -2.547146606445312433e-01 -1.565332031249999922e-01 1.174280424999999923e+04 1.016395590972900322e+02 1.438405783691406214e+03 7.961691284179688022e-02 6.028002319335937775e-01 -7.016882324218749745e-02 -1.496917724609374972e-02 3.270323486328124973e-01 2.511640608362653992e+01 9.794834296795039918e+00 9.606063076307481907e+00 3.139044753734696602e+00 2.551784916785420076e+00 4.330640931666980720e+00 3.943593339868293413e+00 4.651490341235813730e+00 2.398189360468613174e+01 7.928970368594130846e+00 9.686475114078710646e+00 3.033315746865073326e+00 2.500228372035721680e+00 4.692682606400236267e+00 4.054455209852895869e+00 5.042602569056443329e+00 5.000000000000000000e+02 5.000000000000000000e+02 5.000000000000000000e+02 5.000000000000000000e+02 5.000000000000000000e+02 5.000000000000000000e+02 5.000000000000000000e+02 5.000000000000000000e+02 5.000000000000000000e+02 5.000000000000000000e+02 5.000000000000000000e+02 5.000000000000000000e+02 5.000000000000000000e+02 5.000000000000000000e+02 5.000000000000000000e+02 5.000000000000000000e+02
-9.111894298002026688e-10 1.173974104687500039e+04 8.676419419921874578e+03 1.438564965576171971e+03 1.270661621093749916e-01 5.068205566406249751e-01 8.502709960937500366e-02 -2.383105468749999872e-02 1.014117431640624983e-01 1.174325912890624932e+04 1.020651469726562510e+02 1.437647521484374920e+03 8.399465942382812467e-02 4.548500976562500075e-01 -2.155493774414062591e-01 -1.273587036132812489e-01 -3.844912109374999942e-01 2.440787209596070895e+01 9.234969174231071776e+00 9.945452232876606402e+00 3.135970083935344377e+00 2.451630308027286986e+00 4.441580999134776775e+00 3.853416148206494807e+00 4.800530009955304322e+00 2.460989939582068686e+01 8.232997139209722093e+00 1.007834000346736403e+01 3.082454175233432903e+00 2.485852568901838033e+00 4.633608077935023495e+00 4.200554268591387697e+00 4.772659570739173240e+00 5.000000000000000000e+02 5.000000000000000000e+02 5.000000000000000000e+02 5.000000000000000000e+02 5.000000000000000000e+02 5.000000000000000000e+02 5.000000000000000000e+02 5.000000000000000000e+02 5.000000000000000000e+02 5.000000000000000000e+02 5.000000000000000000e+02 5.000000000000000000e+02 5.000000000000000000e+02 5.000000000000000000e+02 5.000000000000000000e+02 5.000000000000000000e+02
-9.111645264032677377e-10 1.174326716796875007e+04 8.676509468750000451e+03 1.438566153076171986e+03 -2.022552490234375173e-03 3.069302368164062433e-01 2.517607421874999973e-01 6.181463623046874745e-02 -1.702674560546874882e-01 1.173977539257812532e+04 1.027142653961181651e+02 1.437529420898437593e+03 9.235543823242187145e-02 6.266737060546875293e-01 -7.633422851562500153e-03 6.572814941406250611e-02 1.442659912109374998e-01 2.322731435808937661e+01 9.459332628540678911e+00 9.769324588235969387e+00 3.148465136337187165e+00 2.347919264357843705e+00 4.405687622919723268e+00 4.011073145926715711e+00 4.848409657381392179e+00 2.418164892869814153e+01 8.229306603684516830e+00 9.832241372137477953e+00 2.986773559388909760e+00 2.548530788704327144e+00 4.470094407784659829e+00 4.164664135696080294e+00 4.634772131760680480e+00 5.000000000000000000e+02 5.000000000000000000e+02 5.000000000000000000e+02 5.000000000000000000e+02 5.000000000000000000e+02 5.000000000000000000e+02 5.000000000000000000e+02 5.000000000000000000e+02 5.000000000000000000e+02 5.000000000000000000e+02 5.000000000000000000e+02 5.000000000000000000e+02 5.000000000000000000e+02 5.000000000000000000e+02 5.000000000000000000e+02 5.000000000000000000e+02
-9.111394295430297195e-10 1.174104115039062526e+04 8.675831404296874098e+03 1.441183662841796831e+03 1.256943969726562471e-01 4.306408081054687309e-01 3.308587036132812353e-01 -4.973895263671875011e-02 2.159097900390624936e-01 1.174107000976562449e+04 1.017874163818359392e+02 1.440053595458984319e+03 1.134111633300781269e-01 6.123663330078125133e-01 8.408264160156249389e-02 4.019531249999999667e-03 8.983276367187499611e-02 2.430179323579168127e+01 9.211027655878975651e+00 9.697849724488936118e+00 3.144142480598676404e+00 2.497098652288601617e+00 4.474366804953458399e+00 4.369410779868237782e+00 4.988163402907187738e+00 2.464354142772229395e+01 8.054732956627612239e+00 9.950524914977680879e+00 3.128276489912918734e+00 2.242996200968454090e+00 4.581195387749316339e+00 4.273858493273618109e+00 4.715022743188482579e+00 5.000000000000000000e+02 5.000000000000000000e+02 5.000000000000000000e+02 5.000000000000000000e+02 5.000000000000000000e+02 5.000000000000000000e+02 5.000000000000000000e+02 5.000000000000000000e+02 5.000000000000000000e+02 5.000000000000000000e+02 5.000000000000000000e+02 5.000000000000000000e+02 5.000000000000000000e+02 5.000000000000000000e+02 5.000000000000000000e+02 5.000000000000000000e+02
-9.111144794480564687e-10 1.173963882812500015e+04 8.676099697265624854e+03 1.440435211425781290e+03 7.451690673828124944e-02 5.013035278320312482e-01 6.513323974609375178e-02 2.709489135742187416e-01 3.339790039062500160e-01 1.174303453124999942e+04 1.017150204620361365e+02 1.439192275390624900e+03 1.172890014648437507e-01 4.976398925781250204e-01 1.042675781249999961e-02 8.095855712890624722e-02 -1.026336669921874972e-01 2.343638170302456203e+01 9.383858070930132911e+00 9.777047189209120859e+00 3.134008255537374943e+00 2.473917294622775209e+00 4.533385447207479935e+00 3.895777991888495162e+00 4.718874070128117104e+00 2.413003242450974639e+01 7.789340847068801921e+00 9.705459295120673957e+00 3.125928856759554897e+00 2.584731825464285038e+00 4.414192626154488153e+00 4.065023146369332707e+00 4.809924252381174270e+00 5.000000000000000000e+02 5.000000000000000000e+02 5.000000000000000000e+02 5.000000000000000000e+02 5.000000000000000000e+02 5.000000000000000000e+02 5.000000000000000000e+02 5.000000000000000000e+02 5.000000000000000000e+02 5.000000000000000000e+02 5.000000000000000000e+02 5.000000000000000000e+02 5.000000000000000000e+02 5.000000000000000000e+02 5.000000000000000000e+02 5.000000000000000000e+02
-9.110896427626055605e-10 1.174305705859374939e+04 8.675720087890624200e+03 1.438376642822265694e+03 7.819998168945312134e-02 6.818126220703124574e-01 -1.263956298828124991e-01 6.421875000000000500e-02 -1.377673339843749935e-02 1.173938890820312554e+04 1.018299958953857356e+02 1.437382427978515580e+03 1.757611999511718703e-01 5.957166748046874849e-01 1.750728759765624865e-01 3.541745605468750169e-01 -7.635607910156250178e-02 2.427612090945308765e+01 9.369835737100506989e+00 9.684253154104013106e+00 3.220966546398109642e+00 2.475115263221651318e+00 4.317793281835895947e+00 4.178728535500504826e+00 4.856664785396402451e+00 2.417527833282178662e+01 7.798818926320675970e+00 9.786092103256962105e+00 3.194229157955293719e+00 2.535434559372246710e+00 4.804052214542458898e+00 4.069000962997668225e+00 4.572823572760995603e+00 5.000000000000000000e+02 5.000000000000000000e+02 5.000000000000000000e+02 5.000000000000000000e+02 5.000000000000000000e+02 5.000000000000000000e+02 5.000000000000000000e+02 5.000000000000000000e+02 5.000000000000000000e+02 5.000000000000000000e+02 5.000000000000000000e+02 5.000000000000000000e+02 5.000000000000000000e+02 5.000000000000000000e+02 5.000000000000000000e+02 5.000000000000000000e+02
-9.110643924659545172e-10 1.174138698632812520e+04 8.676075861328125029e+03 1.438379960205078078e+03 8.058370971679687522e-02 4.560496826171874796e-01 5.241156005859375078e-02 -1.959553222656250093e-01 2.547741699218750155e-02 1.174053772460937580e+04 1.015683632507324177e+02 1.437202453369140585e+03 1.742108764648437613e-01 5.441394653320312802e-01 1.834296874999999938e-01 -2.043970947265625060e-01 1.968563232421874920e-01 2.485802840159384886e+01 9.584358031379496268e+00 9.651620950455503944e+00 3.230440848608419291e+00 2.465036521412109494e+00 4.580845210488220687e+00 3.926543670697181021e+00 4.919445188671265790e+00 2.443569601550979442e+01 7.661822377485029811e+00 9.716475321446068847e+00 3.314195918876680746e+00 2.709116761635311121e+00 4.502310563745179905e+00 4.197485121993746127e+00 4.462614315524334963e+00 5.000000000000000000e+02 5.000000000000000000e+02 5.000000000000000000e+02 5.000000000000000000e+02 5.000000000000000000e+02 5.000000000000000000e+02 5.000000000000000000e+02 5.000000000000000000e+02 5.000000000000000000e+02 5.000000000000000000e+02 5.000000000000000000e+02 5.000000000000000000e+02 5.000000000000000000e+02 5.000000000000000000e+02 5.000000000000000000e+02 5.000000000000000000e+02
-9.110395757939486917e-10 1.173996968554687555e+04 8.676553773437499331e+03 1.439092479003906192e+03 1.766146850585937483e-02 3.668303222656250084e-01 -8.998284912109374978e-02 -3.257109375000000195e-01 5.236672363281249520e-01 1.174328804296875023e+04 1.019925918579101562e+02 1.438087785156249993e+03 -2.286709594726562406e-02 4.450689086914062509e-01 3.432157592773437682e-01 -7.782507324218750078e-02 -2.938541259765625191e-01 2.421366225770458058e+01 9.980001220354456137e+00 9.769546775529660110e+00 3.062535425596339955e+00 2.387783823784128234e+00 4.758260646620925627e+00 4.185854603518762929e+00 4.684956362827112031e+00 2.514099703436911781e+01 8.114804143465512709e+00 9.552152647852135914e+00 3.229264925062050651e+00 2.729038416953923463e+00 4.363808177986656212e+00 4.019347759146584487e+00 4.537735947423829685e+00 5.000000000000000000e+02 5.000000000000000000e+02 5.000000000000000000e+02 5.000000000000000000e+02 5.000000000000000000e+02 5.000000000000000000e+02 5.000000000000000000e+02 5.000000000000000000e+02 5.000000000000000000e+02 5.000000000000000000e+02 5.000000000000000000e+02 5.000000000000000000e+02 5.000000000000000000e+02 5.000000000000000000e+02 5.000000000000000000e+02 5.000000000000000000e+02
-9.110145856720851721e-10 1.174299224414062519e+04 8.676390017578125480e+03 1.436733015625000007e+03 8.449475097656250488e-02 4.609536743164062700e-01 1.874035644531250044e-01 4.688903808593750111e-02 -9.941137695312500522e-02 1.173909327343750010e+04 1.027585878753662172e+02 1.435959887695312545e+03 6.913888549804687866e-02 3.753767700195312362e-01 1.229471435546874991e-01 -1.824720458984374905e-01 1.220895996093750019e-01 2.445209922599059738e+01 9.671944965910189040e+00 9.853172777770788926e+00 3.108833676350156505e+00 2.477386759452072873e+00 4.342712187060202567e+00 4.124974045279019563e+00 4.371630761154549738e+00 2.478119176950346514e+01 7.883710986881395932e+00 9.745071620792961298e+00 2.979501916699706765e+00 2.581000801461771577e+00 4.675507981094553678e+00 4.098962327550119689e+00 4.506084983936860411e+00 5.000000000000000000e+02 5.000000000000000000e+02 5.000000000000000000e+02 5.000000000000000000e+02 5.000000000000000000e+02 5.000000000000000000e+02 5.000000000000000000e+02 5.000000000000000000e+02 5.000000000000000000e+02 5.000000000000000000e+02 5.000000000000000000e+02 5.000000000000000000e+02 5.000000000000000000e+02 5.000000000000000000e+02 5.000000000000000000e+02 5.000000000000000000e+02
-9.109893687311760368e-10 1.173896160546875035e+04 8.676853896484375582e+03 1.437280907714843806e+03 1.284332580566406312e-01 6.741268920898437766e-01 2.472139892578124887e-01 1.053478393554687503e-01 -5.589344482421875204e-01 1.174353580468750079e+04 1.024878939361572208e+02 1.436401653320312562e+03 1.729886169433593746e-01 3.934570312499999778e-01 -1.810081787109374951e-01 1.686181640625000061e-02 4.110332031250000240e-01 2.476427453836256021e+01 9.570808426937656321e+00 9.825050084233923897e+00 3.003059673235860760e+00 2.622668659856167928e+00 4.351889484328854252e+00 4.330578777522721801e+00 4.839368843260768216e+00 2.433752497352105237e+01 7.934560708591880562e+00 9.725383939553946533e+00 3.100753790702079904e+00 2.646427682817640736e+00 4.801361938777123584e+00 4.081060583682845078e+00 4.644946624929791490e+00 5.000000000000000000e+02 5.000000000000000000e+02 5.000000000000000000e+02 5.000000000000000000e+02 5.000000000000000000e+02 5.000000000000000000e+02 5.000000000000000000e+02 5.000000000000000000e+02 5.000000000000000000e+02 5.000000000000000000e+02 5.000000000000000000e+02 5.000000000000000000e+02 5.000000000000000000e+02 5.000000000000000000e+02 5.000000000000000000e+02 5.000000000000000000e+02
-9.109643519247187632e-10 1.174167914257812481e+04 8.676610210937500597e+03 1.436129659423828116e+03 6.344439697265624734e-02 3.645056152343750244e-01 -1.842275390625000009e-01 -1.035790405273437492e-01 -1.779464111328125098e-01 1.173996051367187465e+04 1.027213756103515578e+02 1.435341643554687607e+03 -8.333880615234375011e-02 5.837833251953125080e-01 7.563964843749999833e-02 -2.054743652343750115e-01 4.795356445312500271e-01 2.388273119813119649e+01 9.519439544211667936e+00 1.008677304173947853e+01 2.956398368479960848e+00 2.607843307769978747e+00 4.577388774306268893e+00 4.091530833602871731e+00 4.590475485412725654e+00 2.417921597193417682e+01 7.963068863507726469e+00 9.799563105502411275e+00 3.065001693393269555e+00 2.393818079743937233e+00 4.431969055006173441e+00 4.004396318850386827e+00 4.749664276235031402e+00 5.000000000000000000e+02 5.000000000000000000e+02 5.000000000000000000e+02 5.000000000000000000e+02 5.000000000000000000e+02 5.000000000000000000e+02 5.000000000000000000e+02 5.000000000000000000e+02 5.000000000000000000e+02 5.000000000000000000e+02 5.000000000000000000e+02 5.000000000000000000e+02 5.000000000000000000e+02 5.000000000000000000e+02 5.000000000000000000e+02 5.000000000000000000e+02
-9.109393951585966346e-10 1.174147724804687459e+04 8.675769113281250611e+03 1.437316077392578109e+03 3.853344726562499961e-02 4.793731689453125111e-01 5.612420654296874922e-02 -1.498194580078124893e-01 7.744018554687500007e-03 1.174109696484374945e+04 1.009809959411621065e+02 1.436260747070312391e+03 1.983948974609374971e-01 6.683732299804687749e-01 1.505860595703125138e-01 -2.681499023437500240e-01 6.625659179687500011e-02 2.376096209011126703e+01 9.301679537319108348e+00 9.749683270206938701e+00 3.103241054491974182e+00 2.683464504229051251e+00 4.370596382462371032e+00 3.994725853098220369e+00 4.868051956924204227e+00 2.439331080866462287e+01 8.024262748052770178e+00 9.968796780738362173e+00 3.134418352072906089e+00 2.499151253930145256e+00 4.445658727949583167e+00 4.125848732349100878e+00 4.772780458709118712e+00 5.000000000000000000e+02 5.000000000000000000e+02 5.000000000000000000e+02 5.000000000000000000e+02 5.000000000000000000e+02 5.000000000000000000e+02 5.000000000000000000e+02 5.000000000000000000e+02 5.000000000000000000e+02 5.000000000000000000e+02 5.000000000000000000e+02 5.000000000000000000e+02 5.000000000000000000e+02 5.000000000000000000e+02 5.000000000000000000e+02 5.000000000000000000e+02
-9.109143850232877219e-10 1.173845548242187579e+04 8.675287134765625524e+03 1.436952958496093743e+03 2.448861694335937450e-02 4.780073852539062362e-01 -1.471837768554687398e-01 2.280689697265624871e-01 -3.925561523437499922e-02 1.174216707812499953e+04 1.008420856323242134e+02 1.435944654052734450e+03 2.154220886230468757e-01 5.114862670898437935e-01 2.183093261718749983e-02 -2.311749267578125100e-01 9.937854003906250455e-02 2.380307954704697693e+01 9.178369070740048485e+00 9.740009848736299602e+00 3.054673354878512548e+00 2.568773607660939984e+00 4.438852959726774294e+00 4.034446870052255107e+00 4.655814013295409559e+00 2.502475309938503756e+01 8.037441803276838215e+00 9.743642662216545958e+00 3.106270798470475825e+00 2.471320388843081250e+00 4.441256773079111042e+00 4.254235499237670304e+00 4.603666548619320231e+00 5.000000000000000000e+02 5.000000000000000000e+02 5.000000000000000000e+02 5.000000000000000000e+02 5.000000000000000000e+02 5.000000000000000000e+02 5.000000000000000000e+02 5.000000000000000000e+02 5.000000000000000000e+02 5.000000000000000000e+02 5.000000000000000000e+02 5.000000000000000000e+02 5.000000000000000000e+02 5.000000000000000000e+02 5.000000000000000000e+02 5.000000000000000000e+02
-9.108893348610886437e-10 1.174387548632812468e+04 8.674186970703125553e+03 1.437321980468750098e+03 2.440777587890624878e-01 4.805701293945312536e-01 -2.670533447265625027e-01 -3.413358764648437571e-01 4.836499023437500211e-02 1.173996729296874946e+04 1.005043712615966740e+02 1.436376169921875089e+03 -2.397796630859375111e-02 4.851134643554687598e-01 4.880717163085937504e-01 -2.643011474609375036e-02 6.174511718749999684e-02 2.504735981339337414e+01 9.001392576152257519e+00 9.570839341564743918e+00 3.117428483420145557e+00 2.557896757449089176e+00 4.414590159208778175e+00 4.126557391890376181e+00 4.772800238683485574e+00 2.413161929263065630e+01 7.794867385594317355e+00 9.882409376493590969e+00 3.089816979682911580e+00 2.470697004988934964e+00 4.511739823956011364e+00 4.014603211363445112e+00 4.785259107927825717e+00 5.000000000000000000e+02 5.000000000000000000e+02 5.000000000000000000e+02 5.000000000000000000e+02 5.000000000000000000e+02 5.000000000000000000e+02 5.000000000000000000e+02 5.000000000000000000e+02 5.000000000000000000e+02 5.000000000000000000e+02 5.000000000000000000e+02 5.000000000000000000e+02 5.000000000000000000e+02 5.000000000000000000e+02 5.000000000000000000e+02 5.000000000000000000e+02
-9.108643847661151862e-10 1.173940477929687586e+04 8.675521306640624971e+03 1.437842584960937529e+03 2.283374023437500025e-02 5.399641113281250515e-01 1.149775390624999949e-01 4.684399414062499767e-02 5.597729492187499684e-02 1.174261341796875058e+04 1.008946857147216747e+02 1.436899085693359439e+03 8.779968261718749944e-02 4.264470214843750218e-01 3.769671630859375289e-02 7.082183837890625167e-02 2.965886230468749996e-01 2.501279891404002953e+01 9.436177663202483856e+00 9.682905567224281640e+00 3.101505697082637347e+00 2.409235401280967359e+00 4.663096758086241245e+00 4.198107450647060368e+00 4.776939553691644136e+00 2.426542764656689855e+01 7.775917645128896716e+00 9.861575368024519506e+00 3.141285030143315726e+00 2.750911397573502004e+00 4.515904356512086437e+00 4.218260913890958363e+00 4.559411767515379132e+00 5.000000000000000000e+02 5.000000000000000000e+02 5.000000000000000000e+02 5.000000000000000000e+02 5.000000000000000000e+02 5.000000000000000000e+02 5.000000000000000000e+02 5.000000000000000000e+02 5.000000000000000000e+02 5.000000000000000000e+02 5.000000000000000000e+02 5.000000000000000000e+02 5.000000000000000000e+02 5.000000000000000000e+02 5.000000000000000000e+02 5.000000000000000000e+02
-9.108395013826253379e-10 1.174101537890624968e+04 8.675623212890624927e+03 1.437474539062500071e+03 -6.022247314453124667e-02 5.884671020507812322e-01 -1.727465820312500122e-01 2.807490844726562296e-01 -1.760437011718750111e-01 1.174085523437499978e+04 1.017909714050292962e+02 1.436541683105468792e+03 1.029562072753906210e-01 4.683005981445312327e-01 -1.854702758789062433e-01 2.996362304687499867e-01 -1.404570312500000029e-01 2.399154744935713524e+01 9.705661555166171794e+00 9.532729112679199091e+00 3.145051859643907211e+00 2.418049925505734166e+00 4.413156040490644472e+00 4.060316097388527723e+00 4.707880795679313835e+00 2.440400351914519561e+01 7.816799204575752391e+00 9.461074982256876709e+00 3.131377949550273154e+00 2.699144249429456188e+00 4.736050240839141168e+00 3.786352817871161403e+00 4.719984634071238361e+00 5.000000000000000000e+02 5.000000000000000000e+02 5.000000000000000000e+02 5.000000000000000000e+02 5.000000000000000000e+02 5.000000000000000000e+02 5.000000000000000000e+02 5.000000000000000000e+02 5.000000000000000000e+02 5.000000000000000000e+02 5.000000000000000000e+02 5.000000000000000000e+02 5.000000000000000000e+02 5.000000000000000000e+02 5.000000000000000000e+02 5.000000000000000000e+02
-9.108151717044520312e-10 1.174119756249999955e+04 8.675958376953125480e+03 1.436944818603515614e+03 1.339387207031250138e-01 6.224805908203124849e-01 1.446279296874999898e-01 3.004718017578125039e-02 5.365563964843750311e-02 1.174019099609375007e+04 1.018946694793701226e+02 1.436151778076171922e+03 8.240054321289062844e-02 3.900564575195312744e-01 -2.918582763671874747e-01 3.037362670898437478e-01 2.999776611328124898e-01 2.470543347136466750e+01 9.832235042704098760e+00 9.730986077068394025e+00 3.069419376706345126e+00 2.445297602337494602e+00 4.434347427458752655e+00 4.058374164386835403e+00 4.799477557461059085e+00 2.422050956836575253e+01 7.903126873357074977e+00 9.672377020580860574e+00 3.122559161711886411e+00 2.471523562139412711e+00 4.387427991914138126e+00 4.221404337370140425e+00 4.782470500768031485e+00 5.000000000000000000e+02 5.000000000000000000e+02 5.000000000000000000e+02 5.000000000000000000e+02 5.000000000000000000e+02 5.000000000000000000e+02 5.000000000000000000e+02 5.000000000000000000e+02 5.000000000000000000e+02 5.000000000000000000e+02 5.000000000000000000e+02 5.000000000000000000e+02 5.000000000000000000e+02 5.000000000000000000e+02 5.000000000000000000e+02 5.000000000000000000e+02
-9.107900548307689301e-10 1.173843028124999910e+04 8.675676509765624360e+03 1.435898020507812589e+03 1.022802734374999960e-02 6.386099853515625480e-01 1.315408935546875102e-01 1.436415405273437362e-01 1.572905273437499862e-01 1.174273178710937464e+04 1.015955713806152403e+02 1.435154102539062478e+03 -8.161193847656249625e-03 4.753771362304687331e-01 1.158329467773437510e-01 -4.476403808593749922e-02 -1.042437744140625039e-01 2.402206946415901712e+01 9.622437821119904200e+00 9.829012554003282887e+00 3.101969209484919165e+00 2.506600167073555152e+00 4.354083399835697143e+00 3.881231537298627465e+00 4.658257379726009617e+00 2.378812521877105368e+01 7.731339540295548041e+00 9.662611447959788435e+00 3.084579550190947650e+00 2.511288747974409485e+00 4.455245402455255466e+00 4.067075107609504414e+00 4.850148033609791298e+00 5.000000000000000000e+02 5.000000000000000000e+02 5.000000000000000000e+02 5.000000000000000000e+02 5.000000000000000000e+02 5.000000000000000000e+02 5.000000000000000000e+02 5.000000000000000000e+02 5.000000000000000000e+02 5.000000000000000000e+02 5.000000000000000000e+02 5.000000000000000000e+02 5.000000000000000000e+02 5.000000000000000000e+02 5.000000000000000000e+02 5.000000000000000000e+02
-9.107651714472794954e-10 1.174260568359375065e+04 8.675299695312500262e+03 1.437312974853515698e+03 -9.944824218750000430e-03 4.609722900390624822e-01 2.360557250976562382e-01 1.715034790039062507e-01 -1.359011230468749887e-01 1.173818488867187443e+04 1.016826817626953101e+02 1.436550492919921908e+03 1.527500915527343628e-01 6.010438842773437873e-01 8.807440185546874800e-02 -1.960963134765625060e-01 -2.769544677734375182e-01 2.550917822998003714e+01 9.123502757703544574e+00 9.704527997802125938e+00 3.142005970764629730e+00 2.305161069341949531e+00 4.569836287520804063e+00 4.249595757610824975e+00 4.962426769593667686e+00 2.358692798076004848e+01 7.700338845130557885e+00 9.593387923785092752e+00 3.144775049052955573e+00 2.546564188262852024e+00 4.657066940167966962e+00 4.111580638053165870e+00 4.669096150094727449e+00 5.000000000000000000e+02 5.000000000000000000e+02 5.000000000000000000e+02 5.000000000000000000e+02 5.000000000000000000e+02 5.000000000000000000e+02 5.000000000000000000e+02 5.000000000000000000e+02 5.000000000000000000e+02 5.000000000000000000e+02 5.000000000000000000e+02 5.000000000000000000e+02 5.000000000000000000e+02 5.000000000000000000e+02 5.000000000000000000e+02 5.000000000000000000e+02
-9.107394274856477793e-10 1.173924368750000031e+04 8.675771013671874243e+03 1.435786885009765683e+03 1.941835021972656283e-01 5.292395629882812313e-01 -1.585838012695312549e-01 1.132636108398437508e-01 2.442761230468749878e-01 1.174298021679687554e+04 1.009634244079589820e+02 1.434802826171875040e+03 4.507794189453125100e-02 6.816124267578125284e-01 1.406762695312500054e-02 -5.610253906249999811e-02 1.765444335937499942e-01 2.423591652879570191e+01 9.443969756809295291e+00 1.021269267581551432e+01 3.218452197332139608e+00 2.680107707635956071e+00 4.402524261422368745e+00 3.836429346089967662e+00 4.664352221453620828e+00 2.389631524733415091e+01 7.566255234178933975e+00 1.009143086674160550e+01 3.059275069971402861e+00 2.476431670986102951e+00 4.685842814920962773e+00 3.938457034982776772e+00 4.672460391890462361e+00 5.000000000000000000e+02 5.000000000000000000e+02 5.000000000000000000e+02 5.000000000000000000e+02 5.000000000000000000e+02 5.000000000000000000e+02 5.000000000000000000e+02 5.000000000000000000e+02 5.000000000000000000e+02 5.000000000000000000e+02 5.000000000000000000e+02 5.000000000000000000e+02 5.000000000000000000e+02 5.000000000000000000e+02 5.000000000000000000e+02 5.000000000000000000e+02
-9.107145441021579310e-10 1.174023109765624940e+04 8.675543013671875087e+03 1.437302655761718825e+03 9.934936523437500056e-02 4.983833618164062451e-01 -7.671722412109374667e-02 7.163885498046874967e-02 -2.432978515625000004e-01 1.174069189453125000e+04 1.013747222747802681e+02 1.436437936767578094e+03 3.514440917968750244e-02 4.190975341796874809e-01 4.122774047851562318e-01 -2.006768798828124922e-02 -4.461145019531249922e-02 2.506724420524573205e+01 9.301308791649770313e+00 9.802449281456327768e+00 3.096804934401052201e+00 2.522902478882643518e+00 4.516846063333884942e+00 4.010063854397431626e+00 4.471383936395051606e+00 2.458089903343542204e+01 7.507810211529119648e+00 9.795236200287027017e+00 3.013458514428927426e+00 2.636366134357659430e+00 4.267364280779296415e+00 3.790163302995587902e+00 4.470652958005846500e+00 5.000000000000000000e+02 5.000000000000000000e+02 5.000000000000000000e+02 5.000000000000000000e+02 5.000000000000000000e+02 5.000000000000000000e+02 5.000000000000000000e+02 5.000000000000000000e+02 5.000000000000000000e+02 5.000000000000000000e+02 5.000000000000000000e+02 5.000000000000000000e+02 5.000000000000000000e+02 5.000000000000000000e+02 5.000000000000000000e+02 5.000000000000000000e+02
-9.106894138861781081e-10 1.174290665624999929e+04 8.675859195312499651e+03 1.436819259277343690e+03 -2.939999389648437558e-02 3.662057495117187478e-01 -2.226606445312500071e-01 2.142126464843750050e-02 1.275573730468750056e-02 1.173841982031249972e+04 1.015415633392333916e+02 1.436011965576171860e+03 1.816056823730468617e-01 5.516425781249999494e-01 -1.349468383789062531e-01 2.153062744140624984e-01 4.061546630859375062e-01 2.359455221278993520e+01 9.130275650320541558e+00 9.882696853565388295e+00 3.104620175691912731e+00 2.383386520967150535e+00 4.431632498486060001e+00 4.167684487197964138e+00 4.572339286879707032e+00 2.505601434855519827e+01 7.937583789017482516e+00 9.857921942994682496e+00 3.019688787446646927e+00 2.595591058553981423e+00 4.568625001567472310e+00 4.202389728753681553e+00 4.785981599030651346e+00 5.000000000000000000e+02 5.000000000000000000e+02 5.000000000000000000e+02 5.000000000000000000e+02 5.000000000000000000e+02 5.000000000000000000e+02 5.000000000000000000e+02 5.000000000000000000e+02 5.000000000000000000e+02 5.000000000000000000e+02 5.000000000000000000e+02 5.000000000000000000e+02 5.000000000000000000e+02 5.000000000000000000e+02 5.000000000000000000e+02 5.000000000000000000e+02
-9.106645238315401057e-10 1.173939613867187472e+04 8.676463232421874636e+03 1.437578603271484326e+03 1.371776123046875018e-01 5.943502197265625453e-01 2.136059570312499878e-02 3.115466308593749928e-02 -4.353247070312499939e-02 1.174284719140625020e+04 1.017649714050292999e+02 1.437101173828124956e+03 1.193053894042968716e-01 6.203328247070312162e-01 1.865222167968750080e-02 1.899526977539062467e-01 -2.490880126953124996e-01 2.411275045745731660e+01 9.418386870650980569e+00 9.781921860669402946e+00 3.066680862035557897e+00 2.921219916173126041e+00 4.465710666546805818e+00 4.109993971562025727e+00 4.508706055873449969e+00 2.417709792606256514e+01 7.844156890514098812e+00 9.891922139192477204e+00 3.115677902823945633e+00 2.391015050231913630e+00 4.471281914123280465e+00 4.038841083677950472e+00 4.605690094229973219e+00 5.000000000000000000e+02 5.000000000000000000e+02 5.000000000000000000e+02 5.000000000000000000e+02 5.000000000000000000e+02 5.000000000000000000e+02 5.000000000000000000e+02 5.000000000000000000e+02 5.000000000000000000e+02 5.000000000000000000e+02 5.000000000000000000e+02 5.000000000000000000e+02 5.000000000000000000e+02 5.000000000000000000e+02 5.000000000000000000e+02 5.000000000000000000e+02
-9.106400874149926106e-10 1.173969090624999990e+04 8.675762082031249520e+03 1.436754862548828214e+03 1.073664550781250060e-01 6.346988525390625524e-01 -4.164984130859374772e-02 1.115551147460937531e-01 7.563415527343750333e-02 1.174131764062500042e+04 1.019030285034179713e+02 1.436924577636718823e+03 1.260387878417968677e-01 4.372033691406250200e-01 -1.855195312500000082e-01 -3.096055908203125262e-01 2.584893798828125089e-01 2.455519081520565550e+01 9.481199002999018077e+00 9.874761758186698657e+00 3.203303639968956951e+00 2.315084006087319235e+00 4.306565349174268142e+00 4.130770031519508834e+00 4.567895933877796466e+00 2.476180012457296797e+01 8.210811648532125417e+00 9.671831774752444488e+00 3.232769437492909237e+00 2.203264783103714652e+00 4.312448332454284383e+00 4.248176953534038347e+00 4.813127919564917256e+00 5.000000000000000000e+02 5.000000000000000000e+02 5.000000000000000000e+02 5.000000000000000000e+02 5.000000000000000000e+02 5.000000000000000000e+02 5.000000000000000000e+02 5.000000000000000000e+02 5.000000000000000000e+02 5.000000000000000000e+02 5.000000000000000000e+02 5.000000000000000000e+02 5.000000000000000000e+02 5.000000000000000000e+02 5.000000000000000000e+02 5.000000000000000000e+02
-9.106144435205867219e-10 1.174295702929687468e+04 8.675242171874999258e+03 1.434349795410156275e+03 8.391088867187500300e-02 5.068370971679687642e-01 -2.039934692382812387e-01 -9.865478515624999389e-02 -8.806542968750000200e-02 1.173946265039062564e+04 1.012784080810546925e+02 1.436220150390624894e+03 -8.072204589843749722e-03 6.328034057617187846e-01 -2.151533203125000071e-01 -7.639929199218750688e-02 -7.966918945312500069e-03 2.511871647229099480e+01 9.384261565981812936e+00 8.970021322067657010e+00 3.277019147988746273e+00 2.518484059990994339e+00 4.463420022283733246e+00 4.152134432948440868e+00 4.626909297723269532e+00 2.442952656936917322e+01 8.243247060529443004e+00 9.919028894062497770e+00 3.140585769029449636e+00 2.504387078624469076e+00 4.479770294988236756e+00 4.146078758978136491e+00 4.813704451915736371e+00 5.000000000000000000e+02 5.000000000000000000e+02 5.000000000000000000e+02 5.000000000000000000e+02 5.000000000000000000e+02 5.000000000000000000e+02 5.000000000000000000e+02 5.000000000000000000e+02 5.000000000000000000e+02 5.000000000000000000e+02 5.000000000000000000e+02 5.000000000000000000e+02 5.000000000000000000e+02 5.000000000000000000e+02 5.000000000000000000e+02 5.000000000000000000e+02
-9.105894600698712529e-10 1.173888366015625070e+04 8.675364998046874462e+03 1.430265807861328085e+03 1.450222167968749920e-01 5.010936279296874796e-01 4.484460449218750228e-02 -3.801702880859374883e-02 -3.044781494140624822e-01 1.174240051953124930e+04 1.010191264953613342e+02 1.435852323730468697e+03 1.071776428222656202e-01 4.667423706054687482e-01 -1.310828857421874882e-01 -2.023555908203124865e-01 9.554443359375000555e-02 2.457205694189371314e+01 9.590642941984148351e+00 8.634534508889922577e+00 3.075160954939636149e+00 2.621225690097851224e+00 4.585742041699504945e+00 4.059270931506008040e+00 4.740033667403510620e+00 2.515917871815045359e+01 8.359904578150217702e+00 9.854011771555912347e+00 3.053493728004309737e+00 2.541616090477136769e+00 4.458447165043375016e+00 3.980386319715356613e+00 4.888727730508532154e+00 5.000000000000000000e+02 5.000000000000000000e+02 5.000000000000000000e+02 5.000000000000000000e+02 5.000000000000000000e+02 5.000000000000000000e+02 5.000000000000000000e+02 5.000000000000000000e+02 5.000000000000000000e+02 5.000000000000000000e+02 5.000000000000000000e+02 5.000000000000000000e+02 5.000000000000000000e+02 5.000000000000000000e+02 5.000000000000000000e+02 5.000000000000000000e+02
-9.105651170494012243e-10 1.174083863281249978e+04 8.675689544921875495e+03 1.425043103515625035e+03 -6.454449462890625433e-02 5.792623291015625009e-01 -1.342528686523437598e-01 9.304266357421875355e-02 -1.284104003906250124e-01 1.174138067578125083e+04 1.020789509887695345e+02 1.435676153564453216e+03 -4.532214355468749956e-02 5.006435546874999920e-01 -1.621423339843749978e-02 2.837017211914062420e-01 -2.073220214843750075e-01 2.428774995374630663e+01 9.338015239199648931e+00 8.415825238837314259e+00 3.211389284182589066e+00 2.520793785074012749e+00 4.338031468895411358e+00 4.056503233896983751e+00 4.831952806929513677e+00 2.452041749526950198e+01 8.293724646898747110e+00 9.787291829384558994e+00 3.167739072473035211e+00 2.436438413131886804e+00 4.316482254322460577e+00 4.149128516181089132e+00 4.805291683379724788e+00 5.000000000000000000e+02 5.000000000000000000e+02 5.000000000000000000e+02 5.000000000000000000e+02 5.000000000000000000e+02 5.000000000000000000e+02 5.000000000000000000e+02 5.000000000000000000e+02 5.000000000000000000e+02 5.000000000000000000e+02 5.000000000000000000e+02 5.000000000000000000e+02 5.000000000000000000e+02 5.000000000000000000e+02 5.000000000000000000e+02 5.000000000000000000e+02
-9.105393597454727864e-10 1.174279967968749952e+04 8.675678955078125000e+03 1.421753858886718717e+03 7.669418334960936834e-02 4.356289062500000031e-01 -8.911254882812500583e-03 2.538502807617187274e-01 2.902148437499999997e-02 1.173957307617187507e+04 1.014466815643310582e+02 1.437017833496093772e+03 6.528854370117187500e-02 4.728723144531249978e-01 3.264166259765625133e-01 -1.636840820312500042e-02 -4.072265625000000278e-02 2.401449035210995930e+01 9.145039652174784095e+00 8.463810869748487065e+00 3.021439866772790861e+00 2.490269030025915598e+00 4.677006978864577391e+00 4.112650575893875171e+00 4.894580425567165882e+00 2.536676680426458219e+01 8.037009301135151773e+00 9.974729173507091318e+00 3.139507529626211380e+00 2.513937518093073642e+00 4.541459735319200774e+00 4.068825263513317303e+00 4.653241345226886594e+00 5.000000000000000000e+02 5.000000000000000000e+02 5.000000000000000000e+02 5.000000000000000000e+02 5.000000000000000000e+02 5.000000000000000000e+02 5.000000000000000000e+02 5.000000000000000000e+02 5.000000000000000000e+02 5.000000000000000000e+02 5.000000000000000000e+02 5.000000000000000000e+02 5.000000000000000000e+02 5.000000000000000000e+02 5.000000000000000000e+02 5.000000000000000000e+02
-9.105143562813122346e-10 1.173901510351562501e+04 8.675397123046874185e+03 1.418033543701171766e+03 -4.711135864257812167e-02 6.270670776367187615e-01 1.688837890625000115e-01 -1.250618286132812451e-01 -3.685908203125000115e-01 1.174281113671875028e+04 1.008049918060302730e+02 1.435404701660156206e+03 5.179452514648437422e-02 5.446661376953124689e-01 -9.149230957031250638e-03 7.974432373046874689e-02 2.729016113281250086e-02 2.425261229590320511e+01 9.159597137073323125e+00 8.692790181917738224e+00 3.112281543593340416e+00 2.738790884742194454e+00 4.571135511029456922e+00 3.972125150064691468e+00 4.669991057095258746e+00 2.448521601073141696e+01 8.012987415341253694e+00 9.946625278111547175e+00 3.111964032795461854e+00 2.521734210300061729e+00 4.450722749766008235e+00 3.989956020008744719e+00 4.744675785741574003e+00 5.000000000000000000e+02 5.000000000000000000e+02 5.000000000000000000e+02 5.000000000000000000e+02 5.000000000000000000e+02 5.000000000000000000e+02 5.000000000000000000e+02 5.000000000000000000e+02 5.000000000000000000e+02 5.000000000000000000e+02 5.000000000000000000e+02 5.000000000000000000e+02 5.000000000000000000e+02 5.000000000000000000e+02 5.000000000000000000e+02 5.000000000000000000e+02
-9.104893194614095681e-10 1.174181307812500017e+04 8.676240294921875829e+03 1.417686457031250029e+03 -4.149450683593750022e-02 6.157971191406249600e-01 2.699275512695312740e-01 -1.674276123046875009e-01 4.834387207031250189e-02 1.173956596289062509e+04 1.024033304595947271e+02 1.435095769531249971e+03 1.941113281249999892e-02 5.524670410156250488e-01 9.348870849609375311e-02 -3.269120483398437749e-01 2.850119628906250258e-01 2.409991612315986131e+01 9.433903370739631811e+00 9.202643106505867365e+00 3.105053710519405819e+00 2.600035848695374074e+00 4.547441053871506433e+00 4.190816952547207208e+00 4.604341650509768513e+00 2.505701969744618296e+01 7.858877345736940079e+00 9.834488285361997484e+00 3.154459119948417101e+00 2.563331896826420486e+00 4.527698567735497726e+00 3.939449334592123098e+00 4.721939333496827373e+00 5.000000000000000000e+02 5.000000000000000000e+02 5.000000000000000000e+02 5.000000000000000000e+02 5.000000000000000000e+02 5.000000000000000000e+02 5.000000000000000000e+02 5.000000000000000000e+02 5.000000000000000000e+02 5.000000000000000000e+02 5.000000000000000000e+02 5.000000000000000000e+02 5.000000000000000000e+02 5.000000000000000000e+02 5.000000000000000000e+02 5.000000000000000000e+02
-9.104642626280619222e-10 1.174279264843750025e+04 8.676245408203125407e+03 1.418777546386718768e+03 5.707757568359374950e-02 4.397901000976562336e-01 1.550886840820312473e-01 -3.266474609375000226e-01 -3.113876953124999902e-01 1.173908624414062433e+04 1.018679429016113289e+02 1.434438509765624985e+03 6.930538940429686878e-02 3.994664306640625107e-01 -4.309697265624999885e-01 1.991754760742187602e-01 -5.095642089843750028e-02 2.411707525397909890e+01 9.992223512356874338e+00 9.755708572212229868e+00 3.099199614082004395e+00 2.416840680755700799e+00 4.521582515570848670e+00 4.043004031524838560e+00 5.030550576198509205e+00 2.419595646887841056e+01 7.941349536164389100e+00 9.938797442563542361e+00 3.027388673869181090e+00 2.411902844159305559e+00 4.710639698634914829e+00 3.819499438272838443e+00 4.649744105795479143e+00 5.000000000000000000e+02 5.000000000000000000e+02 5.000000000000000000e+02 5.000000000000000000e+02 5.000000000000000000e+02 5.000000000000000000e+02 5.000000000000000000e+02 5.000000000000000000e+02 5.000000000000000000e+02 5.000000000000000000e+02 5.000000000000000000e+02 5.000000000000000000e+02 5.000000000000000000e+02 5.000000000000000000e+02 5.000000000000000000e+02 5.000000000000000000e+02
-9.104398929229982431e-10 1.173899140234375045e+04 8.676888410156250757e+03 1.421685428466796793e+03 9.694992065429687556e-02 7.529009399414062775e-01 -1.343856811523437556e-01 -1.950258178710937429e-01 3.776879882812499978e-01 1.174319789648437472e+04 1.026931183166503843e+02 1.435667125976562602e+03 1.153057861328125044e-01 3.461665649414062407e-01 8.381079101562499689e-02 2.235905761718749996e-01 -1.081894531250000013e-01 2.494293578448608528e+01 9.726139177033756411e+00 9.494273395209607003e+00 3.104442602737704338e+00 2.488237304862860988e+00 4.676718206779939990e+00 4.000370955439675136e+00 4.807604430702423493e+00 2.454868329451679898e+01 7.896358467686916072e+00 9.721802046684178578e+00 3.197329860314545247e+00 2.620514739418164929e+00 4.637531710591894729e+00 4.055453773443661980e+00 4.902616882104848806e+00 5.000000000000000000e+02 5.000000000000000000e+02 5.000000000000000000e+02 5.000000000000000000e+02 5.000000000000000000e+02 5.000000000000000000e+02 5.000000000000000000e+02 5.000000000000000000e+02 5.000000000000000000e+02 5.000000000000000000e+02 5.000000000000000000e+02 5.000000000000000000e+02 5.000000000000000000e+02 5.000000000000000000e+02 5.000000000000000000e+02 5.000000000000000000e+02
-9.104150428952506130e-10 1.174225744335937452e+04 8.675996695312500378e+03 1.422086666748046810e+03 -3.874978637695312284e-02 5.789139404296874680e-01 -2.282725830078125018e-01 -4.006944580078125040e-01 1.605106201171875024e-01 1.173899313671874916e+04 1.022512897796630824e+02 1.434985869873046795e+03 1.920166015625000000e-01 6.350602416992187083e-01 -8.854394531249999700e-02 -4.819375610351562256e-01 9.928918457031249423e-02 2.433587077214365024e+01 9.423427478557574233e+00 9.524504491438205989e+00 3.180906399736894929e+00 2.687348341476381464e+00 4.461161212780086593e+00 3.926239301886801591e+00 4.932632603104982749e+00 2.463381100553440817e+01 8.213958446557148463e+00 9.971002848211266922e+00 3.012250286812639732e+00 2.411523382458131248e+00 4.530666126704459451e+00 4.043468124560201993e+00 4.699250737953190260e+00 5.000000000000000000e+02 5.000000000000000000e+02 5.000000000000000000e+02 5.000000000000000000e+02 5.000000000000000000e+02 5.000000000000000000e+02 5.000000000000000000e+02 5.000000000000000000e+02 5.000000000000000000e+02 5.000000000000000000e+02 5.000000000000000000e+02 5.000000000000000000e+02 5.000000000000000000e+02 5.000000000000000000e+02 5.000000000000000000e+02 5.000000000000000000e+02
-9.103900060753480499e-10 1.173930909375000010e+04 8.675461287109374098e+03 1.424584594482421835e+03 1.232669372558593684e-01 4.417200317382812269e-01 -1.636259765624999973e-01 1.845025634765624922e-02 2.459008789062500089e-01 1.174084170117187568e+04 1.013840531616210967e+02 1.437009188476562485e+03 1.390446166992187482e-01 5.374199829101562464e-01 -1.264162597656250109e-01 6.938513183593750244e-02 5.178787841796874680e-01 2.374857591197999085e+01 9.414598050982281308e+00 9.463634981902336207e+00 3.080084269690293031e+00 2.522136651835976906e+00 4.335916432474218318e+00 4.159715347815473585e+00 4.734690142818303471e+00 2.461222568427671575e+01 8.438313612276500564e+00 9.958602288683096049e+00 3.098970776807018712e+00 2.470501260329995397e+00 4.431035381047316868e+00 4.102934671391307297e+00 4.780445163771376293e+00 5.000000000000000000e+02 5.000000000000000000e+02 5.000000000000000000e+02 5.000000000000000000e+02 5.000000000000000000e+02 5.000000000000000000e+02 5.000000000000000000e+02 5.000000000000000000e+02 5.000000000000000000e+02 5.000000000000000000e+02 5.000000000000000000e+02 5.000000000000000000e+02 5.000000000000000000e+02 5.000000000000000000e+02 5.000000000000000000e+02 5.000000000000000000e+02
-9.103649692554453833e-10 1.174034434960937506e+04 8.674540441406250466e+03 1.424568830810546842e+03 -2.707244873046875042e-02 6.462658081054687420e-01 -3.691162109374999944e-03 2.824224853515625022e-02 3.079101562500000024e-03 1.174037863476562416e+04 1.013731469421386748e+02 1.436215200439453156e+03 5.941146850585937722e-02 5.205002441406250124e-01 1.532824096679687442e-01 -1.734501953124999996e-01 -1.282662353515625075e-01 2.373738923364871312e+01 9.344803465906680984e+00 9.257289580813068852e+00 3.188220087535646563e+00 2.587682941934629000e+00 4.453048898286898982e+00 3.947750289902907106e+00 4.546910823041556249e+00 2.455108455594476524e+01 7.699856679968861251e+00 9.771822550522701434e+00 3.123955836946668008e+00 2.690182326977519356e+00 4.534827623477818648e+00 4.167378040260899752e+00 4.636325931751758667e+00 5.000000000000000000e+02 5.000000000000000000e+02 5.000000000000000000e+02 5.000000000000000000e+02 5.000000000000000000e+02 5.000000000000000000e+02 5.000000000000000000e+02 5.000000000000000000e+02 5.000000000000000000e+02 5.000000000000000000e+02 5.000000000000000000e+02 5.000000000000000000e+02 5.000000000000000000e+02 5.000000000000000000e+02 5.000000000000000000e+02 5.000000000000000000e+02
-9.103394454417108184e-10 1.174105963085937583e+04 8.675164218750000146e+03 1.424607772460937440e+03 -9.085525512695312444e-02 5.529624023437500480e-01 -3.594063110351562451e-01 3.711340332031250189e-02 -2.212524414062500000e-03 1.173913954492187440e+04 1.011853102111816440e+02 1.436210292724609417e+03 1.145555114746093783e-01 4.822133789062499898e-01 3.109054565429687500e-01 -1.894669189453125069e-01 -3.127563476562499750e-02 2.411588711341254765e+01 9.473693161595223344e+00 9.383382193124200299e+00 3.045769252854479525e+00 2.536303053991006529e+00 4.378426842250673801e+00 4.236391151762521012e+00 4.666678078021184284e+00 2.399703724349420497e+01 7.780230494609522651e+00 9.850729304455468238e+00 3.036921504819129591e+00 2.563920552837520184e+00 4.651658188051381870e+00 4.173270568580170981e+00 4.836748813855353823e+00 5.000000000000000000e+02 5.000000000000000000e+02 5.000000000000000000e+02 5.000000000000000000e+02 5.000000000000000000e+02 5.000000000000000000e+02 5.000000000000000000e+02 5.000000000000000000e+02 5.000000000000000000e+02 5.000000000000000000e+02 5.000000000000000000e+02 5.000000000000000000e+02 5.000000000000000000e+02 5.000000000000000000e+02 5.000000000000000000e+02 5.000000000000000000e+02
-9.103142218296533223e-10 1.173863307812499988e+04 8.676842869140624316e+03 1.427269972412109382e+03 1.536500244140625027e-01 5.944559326171875435e-01 3.005443725585937309e-01 1.363668212890624953e-01 -1.178649902343749944e-01 1.174227705859375055e+04 1.025150407104492132e+02 1.437950795898437491e+03 -1.624781494140624949e-01 6.951700439453124547e-01 8.446893310546875477e-02 -2.149456787109374836e-02 -1.399780273437500064e-03 2.384210476944045709e+01 9.579897349151883290e+00 9.370510354608924786e+00 2.991728460351186669e+00 2.401294550194363442e+00 4.587940627798083426e+00 4.026812649519791343e+00 4.690389092608242549e+00 2.449177365896225211e+01 7.695073829189039927e+00 9.703893453156085869e+00 3.086526921892246200e+00 2.701847352594997975e+00 4.475574626562379699e+00 4.014586900250386670e+00 4.664895157818110150e+00 5.000000000000000000e+02 5.000000000000000000e+02 5.000000000000000000e+02 5.000000000000000000e+02 5.000000000000000000e+02 5.000000000000000000e+02 5.000000000000000000e+02 5.000000000000000000e+02 5.000000000000000000e+02 5.000000000000000000e+02 5.000000000000000000e+02 5.000000000000000000e+02 5.000000000000000000e+02 5.000000000000000000e+02 5.000000000000000000e+02 5.000000000000000000e+02
-9.102900255744477510e-10 1.174246517773437517e+04 8.676524369140624913e+03 1.427282879150390727e+03 -2.306661987304687439e-02 4.672907714843749782e-01 -3.831780395507812242e-01 -1.418634643554687602e-01 1.414650878906250075e-01 1.173849491992187541e+04 1.028895184326171943e+02 1.437456706298828067e+03 1.078166503906250046e-01 6.114230957031250302e-01 5.385845947265625183e-02 -2.547412109375000178e-01 -2.262551269531249964e-01 2.409572566209670441e+01 9.102360599893302151e+00 9.416947868965459989e+00 3.063709432700677748e+00 2.677971631367408900e+00 4.674087846757159603e+00 3.996285068001747653e+00 4.795979596163903125e+00 2.538856515317232265e+01 7.913447389848090374e+00 9.818928334284619197e+00 3.114015845936146221e+00 2.489899722011098326e+00 4.637261923894416604e+00 4.064738840425009769e+00 4.713370797885134245e+00 5.000000000000000000e+02 5.000000000000000000e+02 5.000000000000000000e+02 5.000000000000000000e+02 5.000000000000000000e+02 5.000000000000000000e+02 5.000000000000000000e+02 5.000000000000000000e+02 5.000000000000000000e+02 5.000000000000000000e+02 5.000000000000000000e+02 5.000000000000000000e+02 5.000000000000000000e+02 5.000000000000000000e+02 5.000000000000000000e+02 5.000000000000000000e+02
-9.102643883511902232e-10 1.173891555468750084e+04 8.676391671875000611e+03 1.425798512451171973e+03 1.175778503417968801e-01 6.363067016601562376e-01 2.525441284179687496e-01 -2.397045288085937476e-01 -4.420996093750000078e-02 1.174216756835937485e+04 1.019526449584960943e+02 1.435678769775390720e+03 8.147204589843749789e-02 6.201163940429686994e-01 -1.570420532226562416e-01 -1.162824096679687530e-01 -4.091115722656250009e-01 2.384191510799384872e+01 9.479906011933172394e+00 9.213316477070904398e+00 3.231443520014850801e+00 2.436815375941755235e+00 4.326345851864617842e+00 4.141371536349451432e+00 4.862242365319169757e+00 2.393316078673084846e+01 8.288565229804534695e+00 9.759161317086208598e+00 3.196452528296135132e+00 2.340390963699470195e+00 4.587334291875669656e+00 4.171738143271508825e+00 4.670894280539893195e+00 5.000000000000000000e+02 5.000000000000000000e+02 5.000000000000000000e+02 5.000000000000000000e+02 5.000000000000000000e+02 5.000000000000000000e+02 5.000000000000000000e+02 5.000000000000000000e+02 5.000000000000000000e+02 5.000000000000000000e+02 5.000000000000000000e+02 5.000000000000000000e+02 5.000000000000000000e+02 5.000000000000000000e+02 5.000000000000000000e+02 5.000000000000000000e+02
-9.102394716119586737e-10 1.173932441992187523e+04 8.676624929687499389e+03 1.427027888427734297e+03 1.385275878906249980e-01 5.843109741210937846e-01 -3.403028564453124960e-01 -4.091685180664062504e-01 -1.195666503906250011e-01 1.174141027929687516e+04 1.028930653381347611e+02 1.436577802001953160e+03 1.278001708984375095e-01 3.443995971679687518e-01 1.269359130859374907e-01 -4.060086669921875169e-01 -1.955108642578125000e-01 2.393660525146364648e+01 9.346890568074760708e+00 9.379646907549330948e+00 3.119045777242264617e+00 2.438750712204295290e+00 4.221970692401124658e+00 4.154418232372393049e+00 4.755613680882747829e+00 2.490660827023172885e+01 8.115415489388212222e+00 9.655073406251112544e+00 3.028212294416963157e+00 2.461645414069101090e+00 4.461397703075731691e+00 4.262352571545284796e+00 4.734434208397213517e+00 5.000000000000000000e+02 5.000000000000000000e+02 5.000000000000000000e+02 5.000000000000000000e+02 5.000000000000000000e+02 5.000000000000000000e+02 5.000000000000000000e+02 5.000000000000000000e+02 5.000000000000000000e+02 5.000000000000000000e+02 5.000000000000000000e+02 5.000000000000000000e+02 5.000000000000000000e+02 5.000000000000000000e+02 5.000000000000000000e+02 5.000000000000000000e+02
-9.102142746844949314e-10 1.174281520312499924e+04 8.676365867187500044e+03 1.426807938476562413e+03 1.133000183105468683e-01 5.130924682617187260e-01 -8.575805664062499667e-02 2.378888549804687447e-01 5.785656738281250155e-02 1.173822144726562510e+04 1.026472612152099657e+02 1.436574691650390605e+03 4.777252197265624903e-03 5.453596801757812917e-01 -8.286370849609374367e-02 -7.501135253906250633e-02 -6.004553222656249661e-02 2.441860917339379000e+01 9.652236515851374321e+00 9.369666388523670619e+00 3.214602012610240589e+00 2.434664780977384257e+00 4.367603266139040485e+00 4.084834505612622735e+00 4.755267174351110349e+00 2.465104237117416375e+01 7.821177268202690769e+00 9.619029044857597910e+00 3.125477214566851014e+00 2.450037845932774516e+00 4.265839687934176894e+00 4.093822609163233928e+00 4.801863283226049717e+00 5.000000000000000000e+02 5.000000000000000000e+02 5.000000000000000000e+02 5.000000000000000000e+02 5.000000000000000000e+02 5.000000000000000000e+02 5.000000000000000000e+02 5.000000000000000000e+02 5.000000000000000000e+02 5.000000000000000000e+02 5.000000000000000000e+02 5.000000000000000000e+02 5.000000000000000000e+02 5.000000000000000000e+02 5.000000000000000000e+02 5.000000000000000000e+02
-9.101893913010052899e-10 1.173834439062499951e+04 8.677212619140624156e+03 1.428021533691406148e+03 4.174993896484374689e-02 4.091539916992187331e-01 5.467926025390625056e-02 -1.047467651367187530e-01 -7.196972656250000266e-02 1.174245230468750015e+04 1.023063918762207010e+02 1.437684667236328096e+03 3.939459228515625189e-02 5.520427246093749796e-01 -1.973195190429687385e-01 6.044360351562499956e-02 8.456420898437500694e-03 2.394467494622222858e+01 9.453042408314265899e+00 9.250823455207818569e+00 3.136946831681623582e+00 2.511607271759769944e+00 4.286164867363946307e+00 3.889411445834876080e+00 4.746434064483772808e+00 2.436740196196563346e+01 8.153113682667674667e+00 9.680459831774561152e+00 3.141783527806191856e+00 2.347196443320960224e+00 4.350583718355520269e+00 3.968580747282134613e+00 4.701407610285168737e+00 5.000000000000000000e+02 5.000000000000000000e+02 5.000000000000000000e+02 5.000000000000000000e+02 5.000000000000000000e+02 5.000000000000000000e+02 5.000000000000000000e+02 5.000000000000000000e+02 5.000000000000000000e+02 5.000000000000000000e+02 5.000000000000000000e+02 5.000000000000000000e+02 5.000000000000000000e+02 5.000000000000000000e+02 5.000000000000000000e+02 5.000000000000000000e+02
-9.101643878368447382e-10 1.174069802148437520e+04 8.676600205078124418e+03 1.428928995117187469e+03 -1.738922119140625050e-03 5.187838745117187012e-01 -3.787931518554687460e-01 6.327392578125000389e-03 1.521228027343750067e-01 1.174115074023437410e+04 1.024690367126464849e+02 1.438735189941406361e+03 4.288513183593750319e-03 5.013096923828125329e-01 -1.552573242187499925e-01 1.266220703125000013e-01 -1.166563720703125001e-01 2.436780115979032502e+01 9.337156650603702701e+00 9.319761156157822413e+00 3.266279725831606306e+00 2.515707389597065635e+00 4.465705862252034031e+00 4.174471952377037276e+00 4.850842573709206462e+00 2.383467831018311145e+01 7.765752920089957989e+00 1.005255789386821341e+01 3.092204762395183604e+00 2.567463625018921114e+00 4.635895977348718944e+00 4.070088849086977767e+00 4.612423974831931339e+00 5.000000000000000000e+02 5.000000000000000000e+02 5.000000000000000000e+02 5.000000000000000000e+02 5.000000000000000000e+02 5.000000000000000000e+02 5.000000000000000000e+02 5.000000000000000000e+02 5.000000000000000000e+02 5.000000000000000000e+02 5.000000000000000000e+02 5.000000000000000000e+02 5.000000000000000000e+02 5.000000000000000000e+02 5.000000000000000000e+02 5.000000000000000000e+02
-9.101401248701551441e-10 1.174254193945312545e+04 8.675969437499999913e+03 1.428821937500000104e+03 1.751223144531250109e-01 5.611240234375000080e-01 -1.099518432617187513e-01 2.980004882812500172e-02 1.689345703125000042e-01 1.173937524999999914e+04 1.024464938659668007e+02 1.437821718505859280e+03 1.824888305664062460e-01 3.877271118164062336e-01 7.725549316406249423e-02 1.470383300781250013e-01 2.725797119140624947e-01 2.467015441181080249e+01 9.508033677618827895e+00 9.469084996884019390e+00 3.087028082842044885e+00 2.406859487717745161e+00 4.610849898717123807e+00 4.201047470318451715e+00 4.633703390721117366e+00 2.481041310169140246e+01 7.636545109583247282e+00 9.589529893676274952e+00 3.168589571745326072e+00 2.412998420661345289e+00 4.659545031912607271e+00 3.791821816364837172e+00 4.639989706421173921e+00 5.000000000000000000e+02 5.000000000000000000e+02 5.000000000000000000e+02 5.000000000000000000e+02 5.000000000000000000e+02 5.000000000000000000e+02 5.000000000000000000e+02 5.000000000000000000e+02 5.000000000000000000e+02 5.000000000000000000e+02 5.000000000000000000e+02 5.000000000000000000e+02 5.000000000000000000e+02 5.000000000000000000e+02 5.000000000000000000e+02 5.000000000000000000e+02
-9.101149946541752178e-10 1.173885183789062467e+04 8.675625396484374505e+03 1.427129587890625089e+03 9.409429931640625466e-02 5.233998413085937385e-01 -7.121142578125000400e-02 1.732901611328125091e-01 -5.271252441406250322e-02 1.174259735742187513e+04 1.010993591461181609e+02 1.435471323486328174e+03 5.984988403320312678e-02 4.912277221679687278e-01 -2.296438598632812578e-01 -3.772192382812499661e-02 3.174892578124999809e-01 2.513270196731779649e+01 9.240364915010347957e+00 9.801718222637399336e+00 3.047815854087445597e+00 2.530537476741957281e+00 4.636105240810045380e+00 4.130900413842938157e+00 4.705616430647790338e+00 2.461940048695558048e+01 8.021974289405250147e+00 9.990120751819544509e+00 3.168747003336502388e+00 2.390289014641934884e+00 4.228569343337686526e+00 3.974207944006383109e+00 4.914154557102091481e+00 5.000000000000000000e+02 5.000000000000000000e+02 5.000000000000000000e+02 5.000000000000000000e+02 5.000000000000000000e+02 5.000000000000000000e+02 5.000000000000000000e+02 5.000000000000000000e+02 5.000000000000000000e+02 5.000000000000000000e+02 5.000000000000000000e+02 5.000000000000000000e+02 5.000000000000000000e+02 5.000000000000000000e+02 5.000000000000000000e+02 5.000000000000000000e+02
-9.100895308807759012e-10 1.174115366210937464e+04 8.676092039062499680e+03 1.428543615478515676e+03 1.235723571777343766e-01 4.310524902343749742e-01 3.663894042968749987e-01 7.591412353515625266e-02 -2.786608886718749956e-02 1.173998890429687526e+04 1.026182204895019510e+02 1.436498097412109473e+03 5.853314208984374684e-02 4.956627197265625062e-01 1.774062499999999876e-01 -5.092492675781250255e-02 -1.248786621093749966e-01 2.396209910757373152e+01 9.474225091498571061e+00 9.707758221311982183e+00 3.140244998848449764e+00 2.473078579854200321e+00 4.366340175079075792e+00 4.040609385942050658e+00 4.670553911249299972e+00 2.455669371425564407e+01 7.864299573938009047e+00 9.996822363039202131e+00 3.087867375651982993e+00 2.409392451115469846e+00 4.492201751474755866e+00 4.162904282422771551e+00 4.627501508825746512e+00 5.000000000000000000e+02 5.000000000000000000e+02 5.000000000000000000e+02 5.000000000000000000e+02 5.000000000000000000e+02 5.000000000000000000e+02 5.000000000000000000e+02 5.000000000000000000e+02 5.000000000000000000e+02 5.000000000000000000e+02 5.000000000000000000e+02 5.000000000000000000e+02 5.000000000000000000e+02 5.000000000000000000e+02 5.000000000000000000e+02 5.000000000000000000e+02
-9.100646074703959908e-10 1.174283559765625068e+04 8.676772613281249505e+03 1.428775835205078238e+03 1.145562744140624957e-02 6.081774291992187997e-01 -7.504864501953124878e-02 -1.171057739257812536e-01 -4.534460449218750272e-02 1.173967409179687456e+04 1.027890652923584014e+02 1.436297479492187449e+03 1.068723449707031231e-01 3.708038330078125000e-01 -1.493952636718750004e-01 2.879423217773437460e-01 -4.891052246093750139e-02 2.454741595633907281e+01 9.799614565707612357e+00 9.531897034409373859e+00 2.971902273502168512e+00 2.250516192955146710e+00 4.684869837088923461e+00 4.311487133503409730e+00 4.897102247855464441e+00 2.403593737710243161e+01 8.043648044151321841e+00 9.801933332240668761e+00 3.211644870674920771e+00 2.576981590025094970e+00 4.440394105309843908e+00 4.088699073239506099e+00 4.752510378459271045e+00 5.000000000000000000e+02 5.000000000000000000e+02 5.000000000000000000e+02 5.000000000000000000e+02 5.000000000000000000e+02 5.000000000000000000e+02 5.000000000000000000e+02 5.000000000000000000e+02 5.000000000000000000e+02 5.000000000000000000e+02 5.000000000000000000e+02 5.000000000000000000e+02 5.000000000000000000e+02 5.000000000000000000e+02 5.000000000000000000e+02 5.000000000000000000e+02
-9.100393771871901337e-10 1.173857617773437414e+04 8.677078650390625626e+03 1.429137753173828060e+03 9.565518188476562766e-02 5.622633056640624627e-01 4.077478027343749839e-02 9.532415771484374634e-02 -8.596801757812500000e-02 1.174357828125000015e+04 1.027546000213623074e+02 1.436329135986328083e+03 1.437890625000000089e-01 5.430673217773437367e-01 1.443606567382812456e-01 6.763812255859374956e-02 -3.124675292968749907e-01 2.438905636930661913e+01 9.548470515885250975e+00 9.636191812005472812e+00 2.942419297835713543e+00 2.502653190268258498e+00 4.289668090400859057e+00 4.072289832033995971e+00 4.935629718563030011e+00 2.436708534846786378e+01 8.082399497894067864e+00 9.780423387338375463e+00 3.121585877713692447e+00 2.508880909351242305e+00 4.771085304211897693e+00 4.028591323276068614e+00 4.804686087448788889e+00 5.000000000000000000e+02 5.000000000000000000e+02 5.000000000000000000e+02 5.000000000000000000e+02 5.000000000000000000e+02 5.000000000000000000e+02 5.000000000000000000e+02 5.000000000000000000e+02 5.000000000000000000e+02 5.000000000000000000e+02 5.000000000000000000e+02 5.000000000000000000e+02 5.000000000000000000e+02 5.000000000000000000e+02 5.000000000000000000e+02 5.000000000000000000e+02
-9.100148740591588225e-10 1.174163319140625026e+04 8.676345382812500247e+03 1.430262066650390580e+03 -5.063320922851562156e-02 5.845317993164061976e-01 -2.048602294921874831e-02 2.166094970703124831e-02 -3.691888427734374978e-01 1.173977161328124930e+04 1.033496937561035196e+02 1.436953855712890572e+03 -6.488906860351562056e-02 5.819500122070312420e-01 2.013964843749999900e-01 8.609313964843749722e-02 -2.479108886718749960e-01 2.514461993743310941e+01 9.371715352143471733e+00 9.527132353989129498e+00 3.131412968216658488e+00 2.464554380657328458e+00 4.631972213184099907e+00 3.956811697869814015e+00 4.548148816777286108e+00 2.431714224457545725e+01 8.763170394879548297e+00 9.862638144089025616e+00 3.204920007834356266e+00 2.329342116756605741e+00 4.445156875602547686e+00 3.939787669026870276e+00 5.053847062343252539e+00 5.000000000000000000e+02 5.000000000000000000e+02 5.000000000000000000e+02 5.000000000000000000e+02 5.000000000000000000e+02 5.000000000000000000e+02 5.000000000000000000e+02 5.000000000000000000e+02 5.000000000000000000e+02 5.000000000000000000e+02 5.000000000000000000e+02 5.000000000000000000e+02 5.000000000000000000e+02 5.000000000000000000e+02 5.000000000000000000e+02 5.000000000000000000e+02
-9.099898906084433536e-10 1.174071702343750076e+04 8.676918212890625000e+03 1.428680500976562598e+03 4.357809448242187800e-02 4.611904907226562766e-01 -1.491078491210937607e-01 1.716866455078125131e-01 4.906013183593749827e-01 1.174098070117187490e+04 1.028779591369628861e+02 1.435270781982421795e+03 1.012731933593749925e-02 6.837643432617187544e-01 7.602471923828124645e-02 1.641369628906250155e-02 -1.682207031250000095e-01 2.440804717227199916e+01 9.321114901438013689e+00 9.559961793097505378e+00 3.176129603212444419e+00 2.529770922843678438e+00 4.378782313485521271e+00 4.109957729077665434e+00 4.625778046075121885e+00 2.408176387396706630e+01 8.056234685071212098e+00 9.891326118943007728e+00 3.045937518606607775e+00 2.402155531151928258e+00 4.576138592077420242e+00 3.953360185635955482e+00 4.501845028282289718e+00 5.000000000000000000e+02 5.000000000000000000e+02 5.000000000000000000e+02 5.000000000000000000e+02 5.000000000000000000e+02 5.000000000000000000e+02 5.000000000000000000e+02 5.000000000000000000e+02 5.000000000000000000e+02 5.000000000000000000e+02 5.000000000000000000e+02 5.000000000000000000e+02 5.000000000000000000e+02 5.000000000000000000e+02 5.000000000000000000e+02 5.000000000000000000e+02
-9.099645469157149472e-10 1.173885556835937496e+04 8.677685943359374505e+03 1.428988437011718815e+03 1.202282104492187476e-01 3.280567626953124760e-01 1.542909545898437373e-01 -5.898999023437499767e-02 -2.884659423828124791e-01 1.174332732421874971e+04 1.033938694000244141e+02 1.435335002929687562e+03 1.450033569335937474e-02 6.163689575195312464e-01 5.879174804687500172e-02 -4.907897949218750083e-02 2.972202148437499969e-01 2.448314688490240698e+01 9.645004381994748854e+00 9.513985083373450280e+00 3.072216899375238341e+00 2.344809198582887166e+00 4.498633800471411703e+00 3.856777970653080700e+00 4.803033852704723827e+00 2.501894418373955986e+01 7.726146309303553394e+00 9.766766572169697014e+00 3.111642428760222234e+00 2.646550148831802840e+00 4.707114345688619750e+00 4.055118624275726447e+00 4.810896382330236420e+00 5.000000000000000000e+02 5.000000000000000000e+02 5.000000000000000000e+02 5.000000000000000000e+02 5.000000000000000000e+02 5.000000000000000000e+02 5.000000000000000000e+02 5.000000000000000000e+02 5.000000000000000000e+02 5.000000000000000000e+02 5.000000000000000000e+02 5.000000000000000000e+02 5.000000000000000000e+02 5.000000000000000000e+02 5.000000000000000000e+02 5.000000000000000000e+02
-9.099398503243803421e-10 1.174136487304687580e+04 8.677101472656249825e+03 1.431795044189453165e+03 7.125494384765625189e-02 6.840339965820312340e-01 -1.328807983398437587e-01 -3.511645507812499734e-02 -1.483757324218749896e-01 1.174049788476562571e+04 1.035599429626464882e+02 1.438335323486328207e+03 1.337220764160156339e-01 5.785973510742187242e-01 1.281040649414062482e-01 -1.592417602539062393e-01 2.513121337890624751e-01 2.386620689397188499e+01 9.324696358834614784e+00 9.360771677364462917e+00 3.144055299401200543e+00 2.553766301121422888e+00 4.524132043784753421e+00 3.949435715553456294e+00 4.716743119031760578e+00 2.439262403657863487e+01 7.719424175370013685e+00 9.666381972559303648e+00 3.084027835792246375e+00 2.587950465642201880e+00 4.445748048862834700e+00 4.099384148380210036e+00 4.703797000215203639e+00 5.000000000000000000e+02 5.000000000000000000e+02 5.000000000000000000e+02 5.000000000000000000e+02 5.000000000000000000e+02 5.000000000000000000e+02 5.000000000000000000e+02 5.000000000000000000e+02 5.000000000000000000e+02 5.000000000000000000e+02 5.000000000000000000e+02 5.000000000000000000e+02 5.000000000000000000e+02 5.000000000000000000e+02 5.000000000000000000e+02 5.000000000000000000e+02
-9.099143198394970027e-10 1.174275589062499967e+04 8.676877929687500000e+03 1.430719989990234353e+03 1.305335083007812536e-01 5.256363525390624902e-01 5.678369140625000311e-02 -1.749127197265624989e-02 -1.219437255859374958e-01 1.173915922851562573e+04 1.031354120788574278e+02 1.437492037353515570e+03 -1.190560913085937471e-02 4.079794311523437522e-01 -7.637438964843749900e-02 -4.491912841796875250e-02 3.356010742187500173e-01 2.415505393057922134e+01 9.189433661808559251e+00 9.357029694259049180e+00 3.102858571392264064e+00 2.541390678235603495e+00 4.514470762931754422e+00 4.233391168110544278e+00 5.093899074080188605e+00 2.383371083292625769e+01 7.924880588328288233e+00 9.513575679646786298e+00 3.186475233069870683e+00 2.324091599580154099e+00 4.293334438826172494e+00 4.135934486511222197e+00 4.661294900911888028e+00 5.000000000000000000e+02 5.000000000000000000e+02 5.000000000000000000e+02 5.000000000000000000e+02 5.000000000000000000e+02 5.000000000000000000e+02 5.000000000000000000e+02 5.000000000000000000e+02 5.000000000000000000e+02 5.000000000000000000e+02 5.000000000000000000e+02 5.000000000000000000e+02 5.000000000000000000e+02 5.000000000000000000e+02 5.000000000000000000e+02 5.000000000000000000e+02
-9.098894097714138141e-10 1.173834027929687545e+04 8.676985585937500218e+03 1.428477683593750044e+03 -4.291082763671875272e-02 5.023801269531249503e-01 1.868389892578125114e-02 -2.031051635742187611e-01 2.723552246093750018e-01 1.174324410937500033e+04 1.026725182952880857e+02 1.435110185546875073e+03 7.263888549804688177e-02 5.178131103515625222e-01 -5.220556640625000078e-02 -8.729760742187500644e-02 7.992114257812500677e-02 2.422183347966120692e+01 9.427808305690808410e+00 9.622178951400174540e+00 3.058193431569739662e+00 2.641249102910722790e+00 4.379987099347649071e+00 4.327183194675754407e+00 4.541424666478523164e+00 2.422748032246357397e+01 8.310566334578419756e+00 9.843171021917481056e+00 2.997584782662494174e+00 2.568877626175360973e+00 4.520891786858790340e+00 4.004882492716243192e+00 4.532326585862619162e+00 5.000000000000000000e+02 5.000000000000000000e+02 5.000000000000000000e+02 5.000000000000000000e+02 5.000000000000000000e+02 5.000000000000000000e+02 5.000000000000000000e+02 5.000000000000000000e+02 5.000000000000000000e+02 5.000000000000000000e+02 5.000000000000000000e+02 5.000000000000000000e+02 5.000000000000000000e+02 5.000000000000000000e+02 5.000000000000000000e+02 5.000000000000000000e+02
-9.098643729515112510e-10 1.174129908593750042e+04 8.676483210937500189e+03 1.428359562744140703e+03 2.014614257812500087e-01 5.423527832031249662e-01 -1.538001098632812425e-01 -4.632182006835937615e-01 4.311131591796875107e-01 1.174124844531249983e+04 1.031191632385253882e+02 1.435387790527343668e+03 2.026941528320312380e-01 4.697836914062499813e-01 8.991644287109375189e-02 2.080560913085937602e-01 3.699792480468749867e-01 2.444860774747731469e+01 9.806798144138292983e+00 9.407336189296186646e+00 3.207320434870309711e+00 2.449772350151028011e+00 4.570829727210857563e+00 4.249086451316277824e+00 4.719640322175304270e+00 2.457308230490972178e+01 7.894102096791865364e+00 9.717271504864525511e+00 3.120349320265399129e+00 2.576570372943133957e+00 4.546669615468887926e+00 3.986032785297148440e+00 4.559247616996272789e+00 5.000000000000000000e+02 5.000000000000000000e+02 5.000000000000000000e+02 5.000000000000000000e+02 5.000000000000000000e+02 5.000000000000000000e+02 5.000000000000000000e+02 5.000000000000000000e+02 5.000000000000000000e+02 5.000000000000000000e+02 5.000000000000000000e+02 5.000000000000000000e+02 5.000000000000000000e+02 5.000000000000000000e+02 5.000000000000000000e+02 5.000000000000000000e+02
-9.098394895680217128e-10 1.174207527523078898e+04 8.675844444748872775e+03 1.428589079409540318e+03 -4.335765115277258330e-02 4.581038728207647015e-01 1.212295867249875286e-01 4.276919184092751736e-01 -8.551768533246008330e-02 1.173867003146918796e+04 1.021926635924927496e+02 1.435864477979396270e+03 1.935317473325557369e-01 5.708377203626001650e-01 -2.366877920880824104e-01 -1.408728100732715427e-01 -1.854279848760020111e-01 2.421648992590439065e+01 9.984864435595294907e+00 9.338431013326728092e+00 3.268147676772110266e+00 2.579499251766231627e+00 4.655516214027112021e+00 4.037111006423491411e+00 4.669312289611200484e+00 2.369675380696575218e+01 7.719659265949442073e+00 9.838357262213104804e+00 3.102500392956031305e+00 2.402290706645004548e+00 4.643204389609323357e+00 4.065347237452715312e+00 4.840615820109098522e+00 5.010000000000000000e+02 4.990000000000000000e+02 5.010000000000000000e+02 5.010000000000000000e+02 5.010000000000000000e+02 5.010000000000000000e+02 5.010000000000000000e+02 5.010000000000000000e+02 4.990000000000000000e+02 5.010000000000000000e+02 4.990000000000000000e+02 4.990000000000000000e+02 4.990000000000000000e+02 4.990000000000000000e+02 4.990000000000000000e+02 4.990000000000000000e+02
-9.098143593520417866e-10 1.173906404492187539e+04 8.676579818359374258e+03 1.429581303222656288e+03 -4.086117553710937739e-02 3.603681640624999960e-01 3.959864501953124782e-01 4.698889160156249911e-02 1.397121582031249920e-01 1.174279233984375060e+04 1.019144405670165980e+02 1.436813338623046775e+03 1.050550842285156300e-01 4.273525390624999809e-01 1.033134155273437438e-01 1.781079101562500072e-02 -1.203218994140625026e-01 2.462627810828433184e+01 9.581270073261570985e+00 9.758156891436629010e+00 3.012855669781469903e+00 2.757158372724485051e+00 4.535387230509000389e+00 3.824250344929136514e+00 4.861036377865726621e+00 2.434704257726281185e+01 7.942979574915430163e+00 9.689334811322087404e+00 2.936358331361598406e+00 2.423315501407654171e+00 4.432983781994881411e+00 4.046652077495778599e+00 4.621372306792991047e+00 5.000000000000000000e+02 5.000000000000000000e+02 5.000000000000000000e+02 5.000000000000000000e+02 5.000000000000000000e+02 5.000000000000000000e+02 5.000000000000000000e+02 5.000000000000000000e+02 5.000000000000000000e+02 5.000000000000000000e+02 5.000000000000000000e+02 5.000000000000000000e+02 5.000000000000000000e+02 5.000000000000000000e+02 5.000000000000000000e+02 5.000000000000000000e+02
-9.097894025859197613e-10 1.173987612890624951e+04 8.675204578124999898e+03 1.430052747070312535e+03 6.856652832031250033e-02 3.783006591796875262e-01 2.406840209960937615e-01 -6.255468749999999745e-02 5.422241210937499625e-03 1.174229215234375079e+04 1.015007713775634812e+02 1.436926191650390592e+03 3.391107177734375283e-02 5.269296264648437589e-01 -3.593425292968749907e-01 7.434082031250000000e-02 -1.222227783203125029e-01 2.435475485487945591e+01 9.456829185415511319e+00 9.518513290521260828e+00 3.037770911462958079e+00 2.499804108611588305e+00 4.441240027756042430e+00 4.030442869893565927e+00 4.642099027661999777e+00 2.433079597371139613e+01 8.129782222504406519e+00 9.899403162852836502e+00 3.087793627796641349e+00 2.319230273425630706e+00 4.564883660092292850e+00 3.945642323768536741e+00 4.848959628218607598e+00 5.000000000000000000e+02 5.000000000000000000e+02 5.000000000000000000e+02 5.000000000000000000e+02 5.000000000000000000e+02 5.000000000000000000e+02 5.000000000000000000e+02 5.000000000000000000e+02 5.000000000000000000e+02 5.000000000000000000e+02 5.000000000000000000e+02 5.000000000000000000e+02 5.000000000000000000e+02 5.000000000000000000e+02 5.000000000000000000e+02 5.000000000000000000e+02
-9.097650795788948155e-10 1.174331975976562535e+04 8.675646279296874127e+03 1.430655119873046942e+03 6.810534667968749789e-02 3.563195800781249756e-01 3.188641967773437336e-01 -3.009913940429687629e-01 2.786865234374999792e-03 1.173858449414062488e+04 1.017438081817627022e+02 1.437298459228515640e+03 2.944989013671875031e-02 6.274398803710937722e-01 -9.046105957031250200e-02 -1.666972656250000073e-01 -3.898770751953125058e-01 2.450517824836378011e+01 9.276605780368335274e+00 9.524324727889355913e+00 3.174554784579743494e+00 2.427433563656975934e+00 4.715584332348142560e+00 4.159503247460321518e+00 4.752465184585784819e+00 2.499673632790662481e+01 7.743118998383178742e+00 9.676786915647877407e+00 3.174799261580859788e+00 2.515859120174464891e+00 4.713190104898955290e+00 4.116126682760794075e+00 4.884767682551138357e+00 5.000000000000000000e+02 5.000000000000000000e+02 5.000000000000000000e+02 5.000000000000000000e+02 5.000000000000000000e+02 5.000000000000000000e+02 5.000000000000000000e+02 5.000000000000000000e+02 5.000000000000000000e+02 5.000000000000000000e+02 5.000000000000000000e+02 5.000000000000000000e+02 5.000000000000000000e+02 5.000000000000000000e+02 5.000000000000000000e+02 5.000000000000000000e+02
-9.097399760475084364e-10 1.173897414257812488e+04 8.676372910156249418e+03 1.429384657470703132e+03 1.896053771972656121e-01 4.918168334960937305e-01 -1.534005737304687533e-01 9.886657714843749556e-02 -4.069995117187499845e-02 1.174316769531250065e+04 1.020313877563476552e+02 1.435808898925781250e+03 1.841612243652343828e-01 3.840962524414062718e-01 1.182513427734374969e-02 1.861305541992187562e-01 2.255126953125000024e-03 2.397160758880733411e+01 9.416943298910453564e+00 9.479610335906189178e+00 3.108627679375147945e+00 2.256182892441660037e+00 4.321277044927959388e+00 4.139255476777151443e+00 5.032294719533711991e+00 2.422320071727096646e+01 7.616614220642074606e+00 9.874008364329672105e+00 3.197957535815906915e+00 2.487167551270639709e+00 4.585587274636989896e+00 3.906383683646316385e+00 4.787314435452899808e+00 5.000000000000000000e+02 5.000000000000000000e+02 5.000000000000000000e+02 5.000000000000000000e+02 5.000000000000000000e+02 5.000000000000000000e+02 5.000000000000000000e+02 5.000000000000000000e+02 5.000000000000000000e+02 5.000000000000000000e+02 5.000000000000000000e+02 5.000000000000000000e+02 5.000000000000000000e+02 5.000000000000000000e+02 5.000000000000000000e+02 5.000000000000000000e+02
-9.097150859928706407e-10 1.174257972265624994e+04 8.676088945312500073e+03 1.432298932128906245e+03 1.700166625976562429e-01 4.938171386718749889e-01 -3.135217895507812491e-01 -3.700447998046875187e-01 -3.095087890625000115e-01 1.173956254101562445e+04 1.024242569885253857e+02 1.438503931152343739e+03 1.286999511718749933e-01 5.612033081054687012e-01 -2.715275268554687704e-01 -4.591906738281249789e-02 3.305480957031250305e-02 2.437621039888961505e+01 9.477898393940019872e+00 9.534620368143693625e+00 3.092091390355983904e+00 2.339903591096892832e+00 4.277593094397278861e+00 4.075467563847517738e+00 4.919427377333558837e+00 2.432509186550401026e+01 8.057118831424059380e+00 9.600534348587890676e+00 3.053166157196886221e+00 2.569661647016614925e+00 4.754473572226944000e+00 4.182583737147076874e+00 4.646811058213263124e+00 5.000000000000000000e+02 5.000000000000000000e+02 5.000000000000000000e+02 5.000000000000000000e+02 5.000000000000000000e+02 5.000000000000000000e+02 5.000000000000000000e+02 5.000000000000000000e+02 5.000000000000000000e+02 5.000000000000000000e+02 5.000000000000000000e+02 5.000000000000000000e+02 5.000000000000000000e+02 5.000000000000000000e+02 5.000000000000000000e+02 5.000000000000000000e+02
-9.096895888637292093e-10 1.174106464648437577e+04 8.676648490234374549e+03 1.430587005371093710e+03 9.797753906249999367e-02 2.944143066406250120e-01 -1.796912841796874938e-01 1.040957031249999942e-01 4.569000244140625222e-01 1.174231952539062513e+04 1.022574122467041065e+02 1.436373562255859269e+03 -2.753305053710937422e-02 5.504239501953125391e-01 -8.597375488281250311e-02 5.468627929687500111e-02 -6.078125000000000194e-03 2.464540476756252119e+01 9.643004603332313351e+00 9.545152142592954192e+00 3.069321208177727467e+00 2.526016779015226366e+00 4.652705141014878087e+00 4.014928522589189086e+00 4.654076393469326334e+00 2.434512619246672216e+01 8.144526082666965650e+00 9.761294348688348776e+00 3.231141298304890164e+00 2.482904138137803418e+00 4.453480905329058714e+00 4.303408116294061614e+00 4.839406678659042171e+00 5.000000000000000000e+02 5.000000000000000000e+02 5.000000000000000000e+02 5.000000000000000000e+02 5.000000000000000000e+02 5.000000000000000000e+02 5.000000000000000000e+02 5.000000000000000000e+02 5.000000000000000000e+02 5.000000000000000000e+02 5.000000000000000000e+02 5.000000000000000000e+02 5.000000000000000000e+02 5.000000000000000000e+02 5.000000000000000000e+02 5.000000000000000000e+02
-9.096643318959298051e-10 1.174051266992187448e+04 8.674995546874999491e+03 1.430936081542968850e+03 1.148556518554687544e-01 5.113666381835937358e-01 -5.901715087890625072e-02 -7.249548339843750466e-02 -2.785444335937499738e-01 1.174270838867187558e+04 1.012810737304687478e+02 1.436341445800781230e+03 1.048054504394531211e-01 5.189341430664062838e-01 7.459497070312499922e-02 3.017670288085937402e-01 2.335111083984375002e-01 2.470808417796622081e+01 9.351618612729456714e+00 9.400394302481258180e+00 3.142298051693255712e+00 2.588366295583660825e+00 4.430986766775327546e+00 4.179902534710719486e+00 4.629937666569228227e+00 2.469230981483573473e+01 8.352714150380219138e+00 9.594920566464343992e+00 3.123611302676404300e+00 2.293437302932701982e+00 4.460682732679771334e+00 4.042836439777444113e+00 4.640576638431441303e+00 5.000000000000000000e+02 5.000000000000000000e+02 5.000000000000000000e+02 5.000000000000000000e+02 5.000000000000000000e+02 5.000000000000000000e+02 5.000000000000000000e+02 5.000000000000000000e+02 5.000000000000000000e+02 5.000000000000000000e+02 5.000000000000000000e+02 5.000000000000000000e+02 5.000000000000000000e+02 5.000000000000000000e+02 5.000000000000000000e+02 5.000000000000000000e+02
-9.096393017471757063e-10 1.174268441601562517e+04 8.675411609374999898e+03 1.429676483154296875e+03 1.556446533203124927e-01 5.516400756835937447e-01 1.155691528320312439e-01 2.165771484375000108e-03 4.324414062499999656e-02 1.173979958789062584e+04 1.018322816772460868e+02 1.434484557128906317e+03 9.181665039062500422e-02 5.643839721679687615e-01 -4.486364746093750300e-02 8.816143798828124378e-02 -4.613889160156249836e-01 2.494149984016820909e+01 9.518449909985541524e+00 9.752897064829358698e+00 3.058877329417678759e+00 2.506000900174053303e+00 4.859174073393756288e+00 3.941511088076555591e+00 4.866193626108850090e+00 2.431261547276384860e+01 8.034464042005394546e+00 9.755250412341345267e+00 3.049168994386551201e+00 2.599643983692115690e+00 4.456226313128075489e+00 3.925513160678316460e+00 4.669141804445647637e+00 5.000000000000000000e+02 5.000000000000000000e+02 5.000000000000000000e+02 5.000000000000000000e+02 5.000000000000000000e+02 5.000000000000000000e+02 5.000000000000000000e+02 5.000000000000000000e+02 5.000000000000000000e+02 5.000000000000000000e+02 5.000000000000000000e+02 5.000000000000000000e+02 5.000000000000000000e+02 5.000000000000000000e+02 5.000000000000000000e+02 5.000000000000000000e+02
-9.096145050886150670e-10 1.174024155078124932e+04 8.676619347656249374e+03 1.429274302734374942e+03 -2.967776489257812483e-02 5.923467407226562509e-01 -4.681499023437499796e-01 -1.597784423828125036e-02 -3.700220947265625004e-01 1.174401292773437490e+04 1.017706245880126943e+02 1.433982681152343730e+03 1.083448486328125043e-01 4.987098388671875049e-01 -1.848665161132812540e-01 1.502691650390625133e-01 -3.517319335937499902e-01 2.499684734765761718e+01 9.692316429984416004e+00 9.821298614473228383e+00 3.155978656786296632e+00 2.435473890128299512e+00 4.580595131661017838e+00 3.908392395445751788e+00 4.682735838266792072e+00 2.461178285888553674e+01 8.032086724761592578e+00 9.707815977603265978e+00 3.056136046850146837e+00 2.496007723317553939e+00 4.586082055564054905e+00 4.075769373450186528e+00 4.682267034445004583e+00 5.000000000000000000e+02 5.000000000000000000e+02 5.000000000000000000e+02 5.000000000000000000e+02 5.000000000000000000e+02 5.000000000000000000e+02 5.000000000000000000e+02 5.000000000000000000e+02 5.000000000000000000e+02 5.000000000000000000e+02 5.000000000000000000e+02 5.000000000000000000e+02 5.000000000000000000e+02 5.000000000000000000e+02 5.000000000000000000e+02 5.000000000000000000e+02
-9.095893748726352441e-10 1.174088384765625051e+04 8.675729105468750276e+03 1.431145800537109380e+03 1.097884826660156243e-01 6.385903320312500409e-01 1.274450683593750071e-02 -1.783374023437499928e-02 6.350939941406250067e-02 1.174292622656250023e+04 1.022554693603515688e+02 1.435828487304687542e+03 6.536636352539063055e-02 5.113273315429687216e-01 -1.042486572265624925e-02 7.974523925781250300e-02 -1.833665771484374873e-01 2.388817729499589859e+01 9.173542118463391404e+00 9.768389376419538195e+00 3.102273482134171978e+00 2.298343444347381581e+00 4.314051465665064811e+00 3.991517523851208171e+00 4.888432206040437933e+00 2.403790650340047819e+01 7.468991228887525757e+00 9.863760630092057724e+00 3.004805047457125067e+00 2.356114240195825715e+00 4.675681962101934097e+00 4.028259925028479849e+00 4.635147718278619600e+00 5.000000000000000000e+02 5.000000000000000000e+02 5.000000000000000000e+02 5.000000000000000000e+02 5.000000000000000000e+02 5.000000000000000000e+02 5.000000000000000000e+02 5.000000000000000000e+02 5.000000000000000000e+02 5.000000000000000000e+02 5.000000000000000000e+02 5.000000000000000000e+02 5.000000000000000000e+02 5.000000000000000000e+02 5.000000000000000000e+02 5.000000000000000000e+02
-9.095644514622552303e-10 1.174335720507812584e+04 8.676455974609374607e+03 1.432121498535156206e+03 9.333322143554687034e-02 5.164329223632811994e-01 -3.020825195312500100e-02 3.161029052734375122e-02 1.422338867187500078e-01 1.174003439453125065e+04 1.023563471221923891e+02 1.436631777099609280e+03 8.051080322265624645e-02 4.956861572265625071e-01 1.266798095703124960e-01 -2.004024658203124865e-01 -4.974779052734374929e-01 2.475705329870136850e+01 9.290288241982679551e+00 9.700623826728710597e+00 3.096702440387100630e+00 2.555148239376817454e+00 4.519290466762933001e+00 3.980203774920041404e+00 4.949426288881823233e+00 2.442904270929982502e+01 7.771659396737830683e+00 9.737542663832167378e+00 3.127406634568994814e+00 2.419597727771278350e+00 4.656267385534142988e+00 4.184403842995398470e+00 4.843388360895482414e+00 5.000000000000000000e+02 5.000000000000000000e+02 5.000000000000000000e+02 5.000000000000000000e+02 5.000000000000000000e+02 5.000000000000000000e+02 5.000000000000000000e+02 5.000000000000000000e+02 5.000000000000000000e+02 5.000000000000000000e+02 5.000000000000000000e+02 5.000000000000000000e+02 5.000000000000000000e+02 5.000000000000000000e+02 5.000000000000000000e+02 5.000000000000000000e+02
-9.095393746154625016e-10 1.174000321484374945e+04 8.676990503906250524e+03 1.430985501953125095e+03 3.140946655273437749e-01 6.397932739257812251e-01 -1.314271240234375082e-01 -7.147167968749999767e-02 1.088842773437499918e-02 1.174368146679687561e+04 1.028119919281005821e+02 1.435285212890624962e+03 -5.426626586914062161e-02 3.836808471679687416e-01 -8.122314453124999598e-03 2.674114990234375266e-01 -1.066589355468750000e-02 2.429149347130057635e+01 9.270625656593084685e+00 9.485891060856214807e+00 3.024458624506640270e+00 2.548689947386349797e+00 4.474742950192307056e+00 3.999151846811257460e+00 4.728287085501517772e+00 2.460349749843503275e+01 8.389935353103485483e+00 9.549693477496596472e+00 3.084412692161471181e+00 2.358949907521312728e+00 4.362486928536745800e+00 4.072987175912657243e+00 5.027922850301956181e+00 5.000000000000000000e+02 5.000000000000000000e+02 5.000000000000000000e+02 5.000000000000000000e+02 5.000000000000000000e+02 5.000000000000000000e+02 5.000000000000000000e+02 5.000000000000000000e+02 5.000000000000000000e+02 5.000000000000000000e+02 5.000000000000000000e+02 5.000000000000000000e+02 5.000000000000000000e+02 5.000000000000000000e+02 5.000000000000000000e+02 5.000000000000000000e+02
-9.095145579434568829e-10 1.174255006250000042e+04 8.676762191406249258e+03 1.431417806396484366e+03 6.541644287109374400e-02 5.490208129882812038e-01 3.045610351562499929e-01 -1.375891113281249925e-02 7.649938964843749911e-02 1.174071342187499977e+04 1.028467795410156214e+02 1.435674675781250016e+03 6.847216796874999734e-02 6.293001708984374831e-01 -2.443292236328125158e-02 5.163879394531250243e-03 -1.568121337890625022e-01 2.374963067183794863e+01 8.973932646172817940e+00 9.473976224591060813e+00 2.973924206054232577e+00 2.495879277081695324e+00 4.594581457583902129e+00 3.902645104637688878e+00 4.538437685219875561e+00 2.423813890540834848e+01 8.296886831242160198e+00 9.781748205885591574e+00 3.089765166427457466e+00 2.365618026446185684e+00 4.658369286323894798e+00 4.099629712623408473e+00 4.835415892113922531e+00 5.000000000000000000e+02 5.000000000000000000e+02 5.000000000000000000e+02 5.000000000000000000e+02 5.000000000000000000e+02 5.000000000000000000e+02 5.000000000000000000e+02 5.000000000000000000e+02 5.000000000000000000e+02 5.000000000000000000e+02 5.000000000000000000e+02 5.000000000000000000e+02 5.000000000000000000e+02 5.000000000000000000e+02 5.000000000000000000e+02 5.000000000000000000e+02
-9.094893743582897591e-10 1.174156657421875025e+04 8.677528267578125451e+03 1.431217141601562389e+03 5.861697387695312400e-02 4.822238769531250191e-01 -8.590020751953124367e-02 2.367360839843750120e-01 2.090229492187500038e-01 1.174127614843750052e+04 1.028902368316650353e+02 1.435566845214843852e+03 1.126390686035156213e-01 5.596832275390625222e-01 -2.533328247070312234e-01 3.069442749023437722e-01 -6.183300781250000017e-02 2.432017805434318092e+01 9.435982352955221586e+00 9.387353404935639745e+00 3.120448831902336018e+00 2.561207841932171103e+00 4.411271477140305208e+00 3.997191937784331905e+00 4.629193410576070811e+00 2.415364596347238546e+01 8.262324471540717141e+00 9.688247023735556240e+00 3.255701228459582985e+00 2.428838268918325660e+00 4.501596307842095968e+00 4.008971970045588584e+00 4.703957385564200955e+00 5.000000000000000000e+02 5.000000000000000000e+02 5.000000000000000000e+02 5.000000000000000000e+02 5.000000000000000000e+02 5.000000000000000000e+02 5.000000000000000000e+02 5.000000000000000000e+02 5.000000000000000000e+02 5.000000000000000000e+02 5.000000000000000000e+02 5.000000000000000000e+02 5.000000000000000000e+02 5.000000000000000000e+02 5.000000000000000000e+02 5.000000000000000000e+02
-9.094644175921678372e-10 1.174018560742187583e+04 8.676583876953125582e+03 1.431148761474609273e+03 -2.398300170898437500e-02 3.465436401367187336e-01 -7.048565673828124933e-02 2.502415771484374774e-01 2.098564453125000007e-01 1.174365155468749981e+04 1.025404365997314500e+02 1.435717859130859324e+03 3.677443847656249876e-01 5.311691894531249680e-01 -3.050334472656249796e-01 1.500465087890625049e-01 -1.690112304687499956e-01 2.460191964804841191e+01 9.213569036121310063e+00 9.461674379160365689e+00 3.104473885917817810e+00 2.367835368440254662e+00 4.358239148431595211e+00 3.821369094646280384e+00 4.587437801323146047e+00 2.420838251932068985e+01 8.265145464450043278e+00 9.772873500316386242e+00 3.186375834734109791e+00 2.367377869246266808e+00 4.395620501075203634e+00 4.011118076564573087e+00 4.472846688270702309e+00 5.000000000000000000e+02 5.000000000000000000e+02 5.000000000000000000e+02 5.000000000000000000e+02 5.000000000000000000e+02 5.000000000000000000e+02 5.000000000000000000e+02 5.000000000000000000e+02 5.000000000000000000e+02 5.000000000000000000e+02 5.000000000000000000e+02 5.000000000000000000e+02 5.000000000000000000e+02 5.000000000000000000e+02 5.000000000000000000e+02 5.000000000000000000e+02
-9.094394408126008326e-10 1.174368189062499914e+04 8.676440589843750786e+03 1.431373231201171848e+03 2.320105590820312480e-01 6.020958862304687242e-01 -3.203142089843750151e-01 2.835339355468749836e-02 3.945449218750000098e-01 1.173897487890625052e+04 1.026427836303710990e+02 1.435910295166015658e+03 -3.594442749023437494e-02 3.894436645507812766e-01 -8.322143554687500000e-02 4.590338134765625105e-02 -3.103341064453125075e-01 2.433709964163225692e+01 9.299204860510121406e+00 9.740563205904436472e+00 3.177690117557038452e+00 2.534012661140912392e+00 4.437376911186073691e+00 4.253063519716874907e+00 4.495488451258677465e+00 2.521121366647038542e+01 8.100242262454884212e+00 9.957866430367714017e+00 3.001742809220272701e+00 2.483860833588616757e+00 4.276369512007666351e+00 4.236676517199025938e+00 4.796826829391084956e+00 5.000000000000000000e+02 5.000000000000000000e+02 5.000000000000000000e+02 5.000000000000000000e+02 5.000000000000000000e+02 5.000000000000000000e+02 5.000000000000000000e+02 5.000000000000000000e+02 5.000000000000000000e+02 5.000000000000000000e+02 5.000000000000000000e+02 5.000000000000000000e+02 5.000000000000000000e+02 5.000000000000000000e+02 5.000000000000000000e+02 5.000000000000000000e+02
-9.094144306772917131e-10 1.173995196679687433e+04 8.676912353515625000e+03 1.432004528320312602e+03 1.131666259765625043e-01 4.871506958007812416e-01 -2.097476196289062567e-01 -2.253864135742187635e-01 2.359680175781249944e-01 1.174348551562499961e+04 1.023605632934570338e+02 1.436214510742187485e+03 2.666180419921874989e-02 5.365929565429687909e-01 1.393287353515625104e-01 -2.963060913085937553e-01 -2.792988281250000093e-01 2.436337466317155176e+01 9.237751403582810994e+00 9.738584109811124989e+00 3.226243902109827477e+00 2.332351383703003656e+00 4.446218191230298267e+00 4.094826167273781792e+00 4.896400513668449861e+00 2.444721269465787117e+01 7.464244193230076263e+00 9.831301492398871744e+00 3.160802836403235450e+00 2.653385416952049880e+00 4.773687189404511422e+00 4.142809867004720203e+00 4.676716808206636600e+00 5.000000000000000000e+02 5.000000000000000000e+02 5.000000000000000000e+02 5.000000000000000000e+02 5.000000000000000000e+02 5.000000000000000000e+02 5.000000000000000000e+02 5.000000000000000000e+02 5.000000000000000000e+02 5.000000000000000000e+02 5.000000000000000000e+02 5.000000000000000000e+02 5.000000000000000000e+02 5.000000000000000000e+02 5.000000000000000000e+02 5.000000000000000000e+02
-9.093893538304988811e-10 1.174306362695312419e+04 8.675189447265625859e+03 1.433142913085937607e+03 1.242554016113281284e-01 3.575310058593749729e-01 -2.359385986328124962e-01 1.827296142578125060e-01 -1.715108642578125064e-01 1.174009565624999959e+04 1.017672531127929716e+02 1.437482347900390550e+03 8.566284179687499653e-03 5.196567993164062926e-01 1.784172973632812409e-01 3.700639648437499818e-01 1.383449707031249865e-01 2.461646105885230895e+01 9.282665463693671626e+00 9.382958755451049626e+00 3.210725927936432189e+00 2.331800055991068099e+00 4.390436626905989570e+00 3.838655709353173240e+00 4.784502884346056639e+00 2.413129330341839562e+01 7.874577249306355498e+00 9.672152953181834434e+00 3.166111849482462937e+00 2.775362494649781464e+00 4.520826695593847866e+00 3.936478327779966868e+00 4.927576511446412511e+00 5.000000000000000000e+02 5.000000000000000000e+02 5.000000000000000000e+02 5.000000000000000000e+02 5.000000000000000000e+02 5.000000000000000000e+02 5.000000000000000000e+02 5.000000000000000000e+02 5.000000000000000000e+02 5.000000000000000000e+02 5.000000000000000000e+02 5.000000000000000000e+02 5.000000000000000000e+02 5.000000000000000000e+02 5.000000000000000000e+02 5.000000000000000000e+02
-9.093643436951899684e-10 1.174083704492187462e+04 8.676380142578125742e+03 1.432310160644531152e+03 1.025829467773437531e-01 2.881065063476562771e-01 9.825885009765625289e-02 -1.592498779296875125e-02 -2.096447753906250100e-01 1.174215045117187583e+04 1.022014449310302666e+02 1.436702293212890709e+03 -8.129385375976562467e-02 4.547809448242187691e-01 5.050622558593750172e-02 -1.847717895507812458e-01 1.815225830078124880e-01 2.435535978511697763e+01 9.611635779495466991e+00 9.501842737916799564e+00 3.094695189163832350e+00 2.400323625465980104e+00 4.318818261649068901e+00 3.937629325261990498e+00 4.876157444586559642e+00 2.469992271955957008e+01 7.511825818143993416e+00 9.901814555116425609e+00 2.950036141802695244e+00 2.460608528380642479e+00 4.445519207035640186e+00 4.058829217625074648e+00 4.418503589821836108e+00 5.000000000000000000e+02 5.000000000000000000e+02 5.000000000000000000e+02 5.000000000000000000e+02 5.000000000000000000e+02 5.000000000000000000e+02 5.000000000000000000e+02 5.000000000000000000e+02 5.000000000000000000e+02 5.000000000000000000e+02 5.000000000000000000e+02 5.000000000000000000e+02 5.000000000000000000e+02 5.000000000000000000e+02 5.000000000000000000e+02 5.000000000000000000e+02
-9.093393936002164075e-10 1.174077892187500038e+04 8.676420525390625698e+03 1.431686352783203120e+03 -1.081680297851562479e-02 5.546931152343750338e-01 -5.141973876953125355e-01 1.238302612304687522e-01 2.559992675781250226e-01 1.174298438671875010e+04 1.026492123260498062e+02 1.435995954101562575e+03 -2.080587768554687661e-02 5.222661132812500551e-01 -7.810852050781249938e-03 6.192193603515624978e-02 2.484672851562499951e-01 2.415445050477304179e+01 9.877447966198685592e+00 9.822395343374969556e+00 3.144188416496926486e+00 2.310559275233138976e+00 4.389008831057233273e+00 3.982659738371557179e+00 4.824859217355293772e+00 2.446651945335487000e+01 7.735111291640242470e+00 9.968106484306003878e+00 3.127823088395068396e+00 2.500678477862959603e+00 4.683695470326840748e+00 3.927290192343626529e+00 4.731271879345043452e+00 5.000000000000000000e+02 5.000000000000000000e+02 5.000000000000000000e+02 5.000000000000000000e+02 5.000000000000000000e+02 5.000000000000000000e+02 5.000000000000000000e+02 5.000000000000000000e+02 5.000000000000000000e+02 5.000000000000000000e+02 5.000000000000000000e+02 5.000000000000000000e+02 5.000000000000000000e+02 5.000000000000000000e+02 5.000000000000000000e+02 5.000000000000000000e+02
-9.093143100822752145e-10 1.174378510156250013e+04 8.676243376953125335e+03 1.430576713867187436e+03 1.877725524902343623e-01 5.802425537109374698e-01 -3.322752685546874751e-01 3.152245483398437575e-01 -1.338225097656249862e-01 1.173894372851562548e+04 1.027485304107666053e+02 1.434988645996093737e+03 2.286080932617187353e-02 6.673320922851562198e-01 1.247448730468750031e-02 2.704101562500000125e-02 -1.316774902343749998e-01 2.438873773850420790e+01 9.656287090068607526e+00 9.589672371267537798e+00 3.045193878622970196e+00 2.361706491307730360e+00 4.572721723205177113e+00 4.172713300963720506e+00 4.698278475587652103e+00 2.381719907699883265e+01 7.480667615466404463e+00 9.708413780679508776e+00 3.120120706464441174e+00 2.537170800876319632e+00 4.560814402839138637e+00 3.958800863402164971e+00 4.515648888233046776e+00 5.000000000000000000e+02 5.000000000000000000e+02 5.000000000000000000e+02 5.000000000000000000e+02 5.000000000000000000e+02 5.000000000000000000e+02 5.000000000000000000e+02 5.000000000000000000e+02 5.000000000000000000e+02 5.000000000000000000e+02 5.000000000000000000e+02 5.000000000000000000e+02 5.000000000000000000e+02 5.000000000000000000e+02 5.000000000000000000e+02 5.000000000000000000e+02
-9.092892999469663018e-10 1.173929447851562509e+04 8.676527263671874607e+03 1.431333648437499960e+03 5.832714843749999684e-02 4.849699707031249751e-01 1.429663085937500078e-01 3.325590820312500084e-01 1.325222167968750087e-01 1.174322279492187590e+04 1.022218652954101543e+02 1.435494006835937398e+03 1.194826354980468713e-01 7.346401977539062100e-01 -7.070861816406250229e-03 -9.382788085937500411e-02 3.179339599609374845e-01 2.442751729676835737e+01 9.779037021240178262e+00 9.687407135077251041e+00 3.015250799374324941e+00 2.667738387556391366e+00 4.640138955932081366e+00 4.033064625342845488e+00 5.087488194104730965e+00 2.439782430176324723e+01 7.567465437294050190e+00 9.842572654621454475e+00 2.999226276724221041e+00 2.468700321498541683e+00 4.408837576685161075e+00 4.182407662755871947e+00 4.908886444382403624e+00 5.000000000000000000e+02 5.000000000000000000e+02 5.000000000000000000e+02 5.000000000000000000e+02 5.000000000000000000e+02 5.000000000000000000e+02 5.000000000000000000e+02 5.000000000000000000e+02 5.000000000000000000e+02 5.000000000000000000e+02 5.000000000000000000e+02 5.000000000000000000e+02 5.000000000000000000e+02 5.000000000000000000e+02 5.000000000000000000e+02 5.000000000000000000e+02
-9.092643898788831132e-10 1.174175335156250003e+04 8.676246392578124869e+03 1.432085659423828019e+03 1.802611083984375084e-01 4.731238403320312536e-01 -3.798062133789062433e-01 9.371014404296874878e-02 3.107327880859375169e-01 1.174168824218749978e+04 1.024094491577148460e+02 1.436141135742187544e+03 6.871624755859374878e-02 4.398796386718750173e-01 2.124307861328124936e-01 -1.231365966796875086e-02 2.901171874999999845e-02 2.408701379522607766e+01 9.582098390146732925e+00 9.660861445129208747e+00 3.258093795635454981e+00 2.681092086657849816e+00 4.588208112532607963e+00 4.113090612244586275e+00 4.875883809172168348e+00 2.404840482236347299e+01 7.990495225637995524e+00 9.724749919238258045e+00 3.044061948019816111e+00 2.408767340489431863e+00 4.620741619272911826e+00 4.230595170990706144e+00 4.530168499678076444e+00 5.000000000000000000e+02 5.000000000000000000e+02 5.000000000000000000e+02 5.000000000000000000e+02 5.000000000000000000e+02 5.000000000000000000e+02 5.000000000000000000e+02 5.000000000000000000e+02 5.000000000000000000e+02 5.000000000000000000e+02 5.000000000000000000e+02 5.000000000000000000e+02 5.000000000000000000e+02 5.000000000000000000e+02 5.000000000000000000e+02 5.000000000000000000e+02
-9.092396532606581358e-10 1.174261996874999932e+04 8.675902273437499389e+03 1.431288741210937587e+03 1.280999450683593666e-01 6.613429565429687074e-01 -1.369967651367187400e-01 -1.056336669921874999e-01 5.521779785156250009e-01 1.174054548242187411e+04 1.017385715637206971e+02 1.435033088378906314e+03 1.731610107421875100e-01 5.606427001953124822e-01 -4.057431030273437322e-01 -1.796112670898437624e-01 1.611334228515625133e-01 2.451303401384588554e+01 9.231398891460361966e+00 9.508525951101297835e+00 3.202323453018029564e+00 2.542452534922517327e+00 4.706698217575238985e+00 3.860269163035987106e+00 4.561922255265281834e+00 2.472614313706656830e+01 8.195528028578547008e+00 9.762163538904767179e+00 3.019934372766791775e+00 2.386173767772914900e+00 4.553044928063328278e+00 4.112174575981474511e+00 4.769032996872484276e+00 5.000000000000000000e+02 5.000000000000000000e+02 5.000000000000000000e+02 5.000000000000000000e+02 5.000000000000000000e+02 5.000000000000000000e+02 5.000000000000000000e+02 5.000000000000000000e+02 5.000000000000000000e+02 5.000000000000000000e+02 5.000000000000000000e+02 5.000000000000000000e+02 5.000000000000000000e+02 5.000000000000000000e+02 5.000000000000000000e+02 5.000000000000000000e+02
-9.092143295813749156e-10 1.173873550390624951e+04 8.676034925781250422e+03 1.431524799072265523e+03 7.003341674804687556e-02 4.241203002929687660e-01 2.596899414062499994e-02 -2.005971679687499898e-01 -1.839335937500000129e-01 1.174377682812499916e+04 1.021510367126464871e+02 1.435188236083984293e+03 4.019470214843749722e-02 6.266942749023437509e-01 2.148806762695312511e-01 2.545755615234375213e-01 -7.521179199218749889e-02 2.476856076287201347e+01 9.256347271451506487e+00 9.886995968997599249e+00 3.153532624387360261e+00 2.445402393782812211e+00 4.606185362019518337e+00 3.955597023154968639e+00 4.719120230860540666e+00 2.465257408647815041e+01 8.387558896354867954e+00 1.003912246801158936e+01 3.111128641983293974e+00 2.334537465390481348e+00 4.333758794025842853e+00 4.229418660203124070e+00 4.817231985913235981e+00 5.000000000000000000e+02 5.000000000000000000e+02 5.000000000000000000e+02 5.000000000000000000e+02 5.000000000000000000e+02 5.000000000000000000e+02 5.000000000000000000e+02 5.000000000000000000e+02 5.000000000000000000e+02 5.000000000000000000e+02 5.000000000000000000e+02 5.000000000000000000e+02 5.000000000000000000e+02 5.000000000000000000e+02 5.000000000000000000e+02 5.000000000000000000e+02
-9.091893794864016648e-10 1.174303555859375047e+04 8.675313015625000844e+03 1.433720395996093657e+03 7.031094360351562711e-02 6.270922241210937775e-01 3.115805053710937744e-01 3.878051147460937487e-01 4.481312255859374871e-01 1.173932954296874959e+04 1.021157182769775460e+02 1.437336139892578103e+03 8.552758789062500644e-02 4.404367065429687367e-01 -9.576049804687500333e-02 1.306895141601562560e-01 7.663378906249999900e-02 2.430947195175254194e+01 8.952708363328847341e+00 9.468545760458754401e+00 3.107322806580062657e+00 2.641468252045291010e+00 4.576639235551072105e+00 4.137206804663865256e+00 4.724496723549711952e+00 2.469712953590453708e+01 8.046559670454794144e+00 9.575586265172452372e+00 3.112997376317163223e+00 2.482582535619505926e+00 4.699656043204777589e+00 4.258049854714494487e+00 4.493133718256465237e+00 5.000000000000000000e+02 5.000000000000000000e+02 5.000000000000000000e+02 5.000000000000000000e+02 5.000000000000000000e+02 5.000000000000000000e+02 5.000000000000000000e+02 5.000000000000000000e+02 5.000000000000000000e+02 5.000000000000000000e+02 5.000000000000000000e+02 5.000000000000000000e+02 5.000000000000000000e+02 5.000000000000000000e+02 5.000000000000000000e+02 5.000000000000000000e+02
-9.091643359953505340e-10 1.174075152343750051e+04 8.676318117187500320e+03 1.432384465332031141e+03 1.886666870117187367e-01 5.644566650390625551e-01 -3.605167846679687704e-01 2.736774902343749871e-01 1.780440673828125042e-01 1.174297987109375026e+04 1.020336856384277411e+02 1.435728852539062473e+03 1.659273071289062429e-01 4.103956909179687362e-01 7.039941406249999867e-02 2.082894897460937367e-01 -3.627763671875000040e-01 2.460554193142915125e+01 9.342201878443409768e+00 9.755141136391808132e+00 3.233799024169171865e+00 2.500417143869734016e+00 4.542776054186830059e+00 4.178786283594877915e+00 4.684837587868506681e+00 2.455034692137411412e+01 7.408265810230530768e+00 9.916280013331354226e+00 3.105463261602872560e+00 2.544375460309286741e+00 4.736709818108536751e+00 3.964083539965232106e+00 4.756583985304497553e+00 5.000000000000000000e+02 5.000000000000000000e+02 5.000000000000000000e+02 5.000000000000000000e+02 5.000000000000000000e+02 5.000000000000000000e+02 5.000000000000000000e+02 5.000000000000000000e+02 5.000000000000000000e+02 5.000000000000000000e+02 5.000000000000000000e+02 5.000000000000000000e+02 5.000000000000000000e+02 5.000000000000000000e+02 5.000000000000000000e+02 5.000000000000000000e+02
-9.091393792292287155e-10 1.174073816406250080e+04 8.675900386718749360e+03 1.433812586425781319e+03 1.135162963867187569e-01 4.325871582031249885e-01 5.768585205078125000e-02 2.478581542968749940e-01 -1.664671630859375084e-01 1.174180384179687462e+04 1.019709918823242134e+02 1.437006464355468779e+03 -1.520829772949218728e-01 5.684190063476562971e-01 -2.351497802734374976e-01 -7.443090820312500688e-02 -7.324377441406250411e-02 2.429048044050734489e+01 9.586303762437811571e+00 9.708993570074184731e+00 3.054939110845972472e+00 2.358877461840214629e+00 4.349101351698147155e+00 3.823032923555615969e+00 4.587362942445952996e+00 2.466347478619441702e+01 7.730743729024505129e+00 9.635310141535304851e+00 3.135130010224383312e+00 2.457757852631722528e+00 4.420942147610122497e+00 4.339112537072181475e+00 4.804664007709926743e+00 5.000000000000000000e+02 5.000000000000000000e+02 5.000000000000000000e+02 5.000000000000000000e+02 5.000000000000000000e+02 5.000000000000000000e+02 5.000000000000000000e+02 5.000000000000000000e+02 5.000000000000000000e+02 5.000000000000000000e+02 5.000000000000000000e+02 5.000000000000000000e+02 5.000000000000000000e+02 5.000000000000000000e+02 5.000000000000000000e+02 5.000000000000000000e+02
-9.091143957785132466e-10 1.174285401953125074e+04 8.676172835937499258e+03 1.432898215576171879e+03 2.085945129394531361e-01 4.973603515625000249e-01 5.604455566406250228e-02 -7.246990966796874878e-02 -2.003381347656249881e-02 1.174047120898437424e+04 1.022555674591064445e+02 1.436318956542968863e+03 1.150220336914062474e-01 5.586096801757812758e-01 -1.208104248046874968e-01 -1.473967895507812542e-01 2.433332519531249960e-01 2.511914377036752200e+01 9.889497258439819305e+00 9.841729701642364603e+00 3.077030790313294517e+00 2.418086468055399951e+00 4.610165400018519932e+00 4.169729051990850976e+00 4.783736788422091379e+00 2.432578039537990477e+01 7.865534339547315845e+00 9.930301621688830238e+00 3.169174237497417668e+00 2.405713794643879133e+00 4.406399065064661613e+00 4.054096948229811481e+00 4.718456502777384820e+00 5.000000000000000000e+02 5.000000000000000000e+02 5.000000000000000000e+02 5.000000000000000000e+02 5.000000000000000000e+02 5.000000000000000000e+02 5.000000000000000000e+02 5.000000000000000000e+02 5.000000000000000000e+02 5.000000000000000000e+02 5.000000000000000000e+02 5.000000000000000000e+02 5.000000000000000000e+02 5.000000000000000000e+02 5.000000000000000000e+02 5.000000000000000000e+02
-9.090893456163138582e-10 1.173887237695312433e+04 8.676235904296874651e+03 1.432503578613281206e+03 1.516612548828125129e-01 5.434027099609375355e-01 1.292438354492187469e-01 -1.912849121093750104e-01 1.522332763671875033e-01 1.174394270898437571e+04 1.023122285461425776e+02 1.435842662841796937e+03 1.847835388183593774e-01 4.916594238281249973e-01 3.679052734374999717e-02 -1.596140747070312615e-01 -2.512559814453125262e-01 2.364683308968129438e+01 9.349168690819130489e+00 9.514148257632390582e+00 3.053572503118608950e+00 2.393006976341716552e+00 4.345160588517639866e+00 3.924170835121904677e+00 4.343611940463415699e+00 2.396020421807302014e+01 7.699480877842509230e+00 9.724375180761370530e+00 2.831760252932246313e+00 2.468909439165410724e+00 4.525813745388591158e+00 3.971617085724314933e+00 4.809604672282649318e+00 5.000000000000000000e+02 5.000000000000000000e+02 5.000000000000000000e+02 5.000000000000000000e+02 5.000000000000000000e+02 5.000000000000000000e+02 5.000000000000000000e+02 5.000000000000000000e+02 5.000000000000000000e+02 5.000000000000000000e+02 5.000000000000000000e+02 5.000000000000000000e+02 5.000000000000000000e+02 5.000000000000000000e+02 5.000000000000000000e+02 5.000000000000000000e+02
-9.090643755078954213e-10 1.174335079296874937e+04 8.676199843750000582e+03 1.433399521728515538e+03 7.351638793945312889e-02 5.029669799804687980e-01 -6.880279541015625611e-02 3.340643920898437313e-01 -2.383778076171874927e-01 1.173910787109375087e+04 1.028414408721923792e+02 1.436738484619140536e+03 2.442504882812500111e-01 3.631942138671874765e-01 7.687762451171875622e-02 -8.596966552734375266e-02 9.848974609374999689e-02 2.538354494848540099e+01 9.505520353807849432e+00 9.608307314731009185e+00 3.244533258027230360e+00 2.530235470154697630e+00 4.611759445038696725e+00 3.815308659118195944e+00 4.508890107775346934e+00 2.483198066925710989e+01 8.119149483405774248e+00 9.804455454844571705e+00 3.101087388108423326e+00 2.510416060379828895e+00 4.617729609234913823e+00 4.007879355084812190e+00 4.728825956358723381e+00 5.000000000000000000e+02 5.000000000000000000e+02 5.000000000000000000e+02 5.000000000000000000e+02 5.000000000000000000e+02 5.000000000000000000e+02 5.000000000000000000e+02 5.000000000000000000e+02 5.000000000000000000e+02 5.000000000000000000e+02 5.000000000000000000e+02 5.000000000000000000e+02 5.000000000000000000e+02 5.000000000000000000e+02 5.000000000000000000e+02 5.000000000000000000e+02
-9.090395321512960487e-10 1.174114699804687552e+04 8.676223380859375538e+03 1.434051132812500100e+03 1.101392822265624960e-01 3.024757690429687451e-01 -2.259579467773437378e-01 -9.232855224609375078e-02 1.077207031249999974e-01 1.174192877343749933e+04 1.024618777465820330e+02 1.437215061523437498e+03 6.861642456054686812e-02 3.857265624999999809e-01 -9.353936767578124867e-02 3.806831054687500049e-01 2.082689208984374873e-01 2.407039080184336299e+01 9.606738147701976871e+00 9.449023023395401566e+00 3.011264735002318282e+00 2.716984741584733243e+00 4.470343741189130249e+00 4.208678148910274253e+00 4.887342417810026873e+00 2.473945100851899070e+01 7.963164710897914667e+00 9.698835554299717998e+00 3.046633079614597506e+00 2.357715362721676922e+00 4.788053107315059620e+00 3.956983212050185550e+00 4.999790172129165988e+00 5.000000000000000000e+02 5.000000000000000000e+02 5.000000000000000000e+02 5.000000000000000000e+02 5.000000000000000000e+02 5.000000000000000000e+02 5.000000000000000000e+02 5.000000000000000000e+02 5.000000000000000000e+02 5.000000000000000000e+02 5.000000000000000000e+02 5.000000000000000000e+02 5.000000000000000000e+02 5.000000000000000000e+02 5.000000000000000000e+02 5.000000000000000000e+02
-9.090144686467998351e-10 1.173963785937499961e+04 8.676301154296874302e+03 1.435181292236328090e+03 4.199829101562500139e-03 4.656039428710937456e-01 -4.483806762695312642e-01 1.053748779296874993e-01 1.727762451171875047e-01 1.174393042968749978e+04 1.023530451049804668e+02 1.438453603515624991e+03 1.387276000976562507e-01 5.831069946289062500e-01 -1.523053588867187558e-01 1.583389892578125069e-01 1.287010498046874951e-01 2.435617523980214827e+01 9.109264281767067928e+00 9.730037139132331703e+00 3.146641169773443103e+00 2.496071961632015057e+00 4.342598138132024665e+00 4.211817163882718873e+00 4.592828399291723152e+00 2.377090724391652188e+01 8.046220131392169961e+00 9.785074315985246685e+00 3.175812153966261597e+00 2.531000932032327011e+00 4.269974393764101706e+00 3.953181958657971062e+00 4.952940026369896387e+00 5.000000000000000000e+02 5.000000000000000000e+02 5.000000000000000000e+02 5.000000000000000000e+02 5.000000000000000000e+02 5.000000000000000000e+02 5.000000000000000000e+02 5.000000000000000000e+02 5.000000000000000000e+02 5.000000000000000000e+02 5.000000000000000000e+02 5.000000000000000000e+02 5.000000000000000000e+02 5.000000000000000000e+02 5.000000000000000000e+02 5.000000000000000000e+02
-9.089896119479039474e-10 1.174388333984374913e+04 8.676193535156249709e+03 1.436972151611328172e+03 -3.996725463867187300e-02 4.467739868164062322e-01 2.928271484374999831e-02 3.416771850585937353e-01 4.257218017578124902e-01 1.173971982617187496e+04 1.032091428527832022e+02 1.440004158691406246e+03 1.442443237304687487e-01 5.019364013671875346e-01 -3.020558471679687385e-01 2.982537841796874950e-02 1.537216796875000013e-01 2.427768829790420568e+01 9.247596196800694557e+00 9.627240293842058705e+00 3.026569490360180748e+00 2.491679667526375486e+00 4.616981271299022360e+00 3.914734878231819870e+00 4.816093705078840159e+00 2.411824894218001702e+01 7.627992528641825309e+00 9.726779212510184180e+00 3.052136308845625923e+00 2.540667155994905890e+00 4.735500234109249362e+00 3.983171459535931103e+00 4.887351820981937323e+00 5.000000000000000000e+02 5.000000000000000000e+02 5.000000000000000000e+02 5.000000000000000000e+02 5.000000000000000000e+02 5.000000000000000000e+02 5.000000000000000000e+02 5.000000000000000000e+02 5.000000000000000000e+02 5.000000000000000000e+02 5.000000000000000000e+02 5.000000000000000000e+02 5.000000000000000000e+02 5.000000000000000000e+02 5.000000000000000000e+02 5.000000000000000000e+02
-9.089644083492918442e-10 1.174106076562499948e+04 8.675953853515624360e+03 1.437490669921874996e+03 1.976718139648437622e-01 3.900764160156249827e-01 1.885472412109374940e-01 -6.223272705078124883e-02 3.315014648437499822e-01 1.174123488671875020e+04 1.019355468139648480e+02 1.440654144531250040e+03 2.872283935546874993e-03 6.507826538085937917e-01 -1.703942871093749867e-01 -1.177404174804687481e-01 1.557329101562499873e-01 2.437443966073435320e+01 9.403984594814176035e+00 9.942002754180617075e+00 3.139770558645500920e+00 2.539330468516919570e+00 4.440200060131429538e+00 3.675370090663145017e+00 4.703796839559720055e+00 2.371406422262187874e+01 7.781350155700589966e+00 9.862099522039009969e+00 3.177019438842023646e+00 2.649997805051419686e+00 4.504997443625689435e+00 4.264587659998048785e+00 4.736663873090193988e+00 5.000000000000000000e+02 5.000000000000000000e+02 5.000000000000000000e+02 5.000000000000000000e+02 5.000000000000000000e+02 5.000000000000000000e+02 5.000000000000000000e+02 5.000000000000000000e+02 5.000000000000000000e+02 5.000000000000000000e+02 5.000000000000000000e+02 5.000000000000000000e+02 5.000000000000000000e+02 5.000000000000000000e+02 5.000000000000000000e+02 5.000000000000000000e+02
-9.089395783349892969e-10 1.173911623437500020e+04 8.677258761718749156e+03 1.434960291992187422e+03 1.041667175292968761e-01 5.138101196289062145e-01 -2.867156372070312487e-01 -3.079921875000000142e-01 2.967430419921874840e-01 1.174351356250000026e+04 1.029398652801513663e+02 1.437994882324218679e+03 3.114422607421874975e-02 4.554028930664062447e-01 -1.423106689453124962e-01 1.976835327148437627e-01 1.508004150390624964e-01 2.402081490272685116e+01 9.525596246515950938e+00 9.501513296809038778e+00 2.998856347563434888e+00 2.351088394959929051e+00 4.432026615043780815e+00 4.172269653232859810e+00 4.659502994512922491e+00 2.417801359846325226e+01 7.622920546844999201e+00 9.953522497589384344e+00 3.090390543694732983e+00 2.497439494363102419e+00 4.744059159130673109e+00 4.251986623297876022e+00 4.824228057949724757e+00 5.000000000000000000e+02 5.000000000000000000e+02 5.000000000000000000e+02 5.000000000000000000e+02 5.000000000000000000e+02 5.000000000000000000e+02 5.000000000000000000e+02 5.000000000000000000e+02 5.000000000000000000e+02 5.000000000000000000e+02 5.000000000000000000e+02 5.000000000000000000e+02 5.000000000000000000e+02 5.000000000000000000e+02 5.000000000000000000e+02 5.000000000000000000e+02
-9.089143280383382536e-10 1.174271629101562576e+04 8.675866589843750262e+03 1.432628594726562596e+03 1.212444458007812531e-01 6.238527832031249831e-01 -2.513471679687500071e-01 1.066907958984374960e-01 -9.887695312500000651e-05 1.174008216796875058e+04 1.026905264587402371e+02 1.435919755126953078e+03 -6.196142578125000272e-02 4.867535400390625155e-01 6.635034179687500366e-02 1.799163818359374861e-02 2.442092285156249876e-01 2.368155077918032703e+01 9.752322963380727572e+00 9.878081776485542420e+00 3.104198595332665622e+00 2.556012072987581707e+00 4.548184693769520948e+00 3.824892796720412491e+00 4.769013385904592894e+00 2.527632378301561289e+01 7.725861536147418107e+00 9.823618179311337073e+00 3.058030418050968979e+00 2.610366917813752519e+00 4.364429346422414646e+00 4.077463530089194599e+00 4.550248466817133242e+00 5.000000000000000000e+02 5.000000000000000000e+02 5.000000000000000000e+02 5.000000000000000000e+02 5.000000000000000000e+02 5.000000000000000000e+02 5.000000000000000000e+02 5.000000000000000000e+02 5.000000000000000000e+02 5.000000000000000000e+02 5.000000000000000000e+02 5.000000000000000000e+02 5.000000000000000000e+02 5.000000000000000000e+02 5.000000000000000000e+02 5.000000000000000000e+02
-9.088894046279583432e-10 1.174095735937499921e+04 8.676050783203125320e+03 1.433814375732421922e+03 1.318115234374999944e-01 4.538544311523437513e-01 -7.836419677734375588e-02 3.435615844726562229e-01 -3.911881103515624791e-01 1.174198940429687536e+04 1.022388245544433545e+02 1.436767176269531319e+03 1.790720825195312449e-01 5.338968505859374991e-01 1.582530517578125129e-01 -1.170390624999999990e-01 2.559899902343749922e-02 2.435986138792768685e+01 9.774210012665218272e+00 9.679007152068713538e+00 2.960107003611316401e+00 2.648902121640277496e+00 4.776205813686326351e+00 4.201622038131128889e+00 4.578931079083081279e+00 2.372660321629270186e+01 7.745619291883394375e+00 9.611768387860136542e+00 3.068603659084573998e+00 2.451971088597075799e+00 4.137532889011274584e+00 3.940850507673924419e+00 4.724817113658790646e+00 5.000000000000000000e+02 5.000000000000000000e+02 5.000000000000000000e+02 5.000000000000000000e+02 5.000000000000000000e+02 5.000000000000000000e+02 5.000000000000000000e+02 5.000000000000000000e+02 5.000000000000000000e+02 5.000000000000000000e+02 5.000000000000000000e+02 5.000000000000000000e+02 5.000000000000000000e+02 5.000000000000000000e+02 5.000000000000000000e+02 5.000000000000000000e+02
-9.088645145733204441e-10 1.173952914257812517e+04 8.675419550781249200e+03 1.434716768310546968e+03 7.145007324218749512e-02 5.024772338867187216e-01 4.725225830078125244e-02 -2.182522583007812378e-01 -1.107224121093750013e-01 1.174316244726562581e+04 1.013045305175781294e+02 1.437676548339843748e+03 7.063336181640625377e-02 4.175295410156250053e-01 4.878302001953124800e-02 -1.870796508789062396e-01 3.077868652343750122e-02 2.384303212330380717e+01 9.349069933588213033e+00 9.430547979029499928e+00 3.099662592034099884e+00 2.500076783728081065e+00 4.354513285590599025e+00 4.115307641175794728e+00 4.871894864225593480e+00 2.450779636916918136e+01 7.831819481585220011e+00 9.625206540485905293e+00 3.102830401506490698e+00 2.413985141450280647e+00 4.728152141283316290e+00 4.226282884979082333e+00 4.758718425426379461e+00 5.000000000000000000e+02 5.000000000000000000e+02 5.000000000000000000e+02 5.000000000000000000e+02 5.000000000000000000e+02 5.000000000000000000e+02 5.000000000000000000e+02 5.000000000000000000e+02 5.000000000000000000e+02 5.000000000000000000e+02 5.000000000000000000e+02 5.000000000000000000e+02 5.000000000000000000e+02 5.000000000000000000e+02 5.000000000000000000e+02 5.000000000000000000e+02
-9.088393376593016812e-10 1.174347789648437538e+04 8.675630265625000902e+03 1.432398248291015534e+03 1.584891052246093779e-01 3.605261230468749800e-01 2.450280761718750047e-02 -2.662061157226562336e-01 -3.936767578125000000e-02 1.173902980078125074e+04 1.016445551910400411e+02 1.435178473144531154e+03 1.256832580566406288e-01 5.499506835937499893e-01 -9.207183837890625666e-02 1.786076660156249996e-01 2.983227539062499947e-02 2.468791148493318843e+01 9.531165830263596206e+00 9.552470506650495352e+00 3.155787557167367030e+00 2.545274125670643262e+00 4.587096104150696796e+00 3.969810894592383566e+00 4.806420459522622757e+00 2.493696041725658219e+01 8.051846537423365646e+00 9.681052957993893315e+00 3.032363872729520793e+00 2.458474639837863407e+00 4.619914268996148543e+00 4.182184426584006687e+00 4.882330602698743860e+00 5.000000000000000000e+02 5.000000000000000000e+02 5.000000000000000000e+02 5.000000000000000000e+02 5.000000000000000000e+02 5.000000000000000000e+02 5.000000000000000000e+02 5.000000000000000000e+02 5.000000000000000000e+02 5.000000000000000000e+02 5.000000000000000000e+02 5.000000000000000000e+02 5.000000000000000000e+02 5.000000000000000000e+02 5.000000000000000000e+02 5.000000000000000000e+02
-9.088143742220315018e-10 1.173968020898437499e+04 8.676088339843750873e+03 1.432190095703125053e+03 1.413673400878906194e-01 5.829730224609375178e-01 -6.470849609374999811e-02 -1.302656249999999960e-01 -7.996508789062499456e-02 1.174388913867187512e+04 1.013995552673339802e+02 1.434990916748046857e+03 1.285555114746093630e-01 5.431978759765625497e-01 2.835969848632812762e-01 1.932155761718749865e-01 2.136791992187499906e-02 2.471531347242378018e+01 9.272626333129455389e+00 9.683307125894106804e+00 3.235881472780870460e+00 2.410342040787783802e+00 4.550015323594831962e+00 4.035565117464852136e+00 4.479124407805050723e+00 2.478444097662881873e+01 7.971889800108606927e+00 1.002903422771070829e+01 3.108727327700515630e+00 2.535521226201720602e+00 4.627728452686870497e+00 4.082128675404850249e+00 4.823930121594463216e+00 5.000000000000000000e+02 5.000000000000000000e+02 5.000000000000000000e+02 5.000000000000000000e+02 5.000000000000000000e+02 5.000000000000000000e+02 5.000000000000000000e+02 5.000000000000000000e+02 5.000000000000000000e+02 5.000000000000000000e+02 5.000000000000000000e+02 5.000000000000000000e+02 5.000000000000000000e+02 5.000000000000000000e+02 5.000000000000000000e+02 5.000000000000000000e+02
-9.087896109192127705e-10 1.174209303710937456e+04 8.676155544921875844e+03 1.432034203857421971e+03 2.339334411621093734e-01 4.821303100585937473e-01 -3.602252197265624900e-02 -1.471586914062499862e-01 1.889941406250000150e-02 1.174053496093750073e+04 1.024498324737548813e+02 1.434810615722656166e+03 1.771331176757812431e-01 4.866004638671875271e-01 -1.699614257812500084e-01 7.279217529296874711e-02 2.648666992187500013e-01 2.476792245343633780e+01 9.093557620853196966e+00 9.618649923532389678e+00 3.109298341864274562e+00 3.142917175093689952e+00 4.654007498824330291e+00 3.974373839981852896e+00 4.697439395591419320e+00 2.429856951188261860e+01 7.783047730231178463e+00 9.728280719911637675e+00 3.229448285897722482e+00 2.235173340956381427e+00 4.285300577444702164e+00 4.178744158077362769e+00 4.838017204621646528e+00 5.000000000000000000e+02 5.000000000000000000e+02 5.000000000000000000e+02 5.000000000000000000e+02 5.000000000000000000e+02 5.000000000000000000e+02 5.000000000000000000e+02 5.000000000000000000e+02 5.000000000000000000e+02 5.000000000000000000e+02 5.000000000000000000e+02 5.000000000000000000e+02 5.000000000000000000e+02 5.000000000000000000e+02 5.000000000000000000e+02 5.000000000000000000e+02
-9.087644740320846902e-10 1.174216807031250028e+04 8.676006832031249360e+03 1.434022946044921810e+03 1.518779296874999962e-01 5.559303588867187118e-01 8.166992187499999556e-03 1.654097900390625042e-01 7.444470214843749989e-02 1.174155355468749985e+04 1.017391143341064463e+02 1.436934342773437493e+03 1.708722839355468759e-01 4.638693847656250036e-01 -1.481166381835937462e-01 -1.004058837890624972e-01 2.133232421875000118e-01 2.429174051112527266e+01 9.350623210801197516e+00 9.366824908123962956e+00 3.108937741849524983e+00 2.515546380988963104e+00 4.630380960910792432e+00 4.092072986631300147e+00 4.955879825988679599e+00 2.423483161348336878e+01 7.957465489110903789e+00 9.586854530634969507e+00 3.181481734107362236e+00 2.376264589105456349e+00 4.314590949503361195e+00 4.149388048288187747e+00 4.707810098913120633e+00 5.000000000000000000e+02 5.000000000000000000e+02 5.000000000000000000e+02 5.000000000000000000e+02 5.000000000000000000e+02 5.000000000000000000e+02 5.000000000000000000e+02 5.000000000000000000e+02 5.000000000000000000e+02 5.000000000000000000e+02 5.000000000000000000e+02 5.000000000000000000e+02 5.000000000000000000e+02 5.000000000000000000e+02 5.000000000000000000e+02 5.000000000000000000e+02
-9.087393504872530214e-10 1.173927653515625025e+04 8.675343966796874156e+03 1.434443679931640645e+03 2.294390869140625067e-02 5.714945678710937615e-01 2.426280517578124907e-01 -5.297839355468750289e-02 3.357580566406249967e-02 1.174346614257812507e+04 1.013321672668457012e+02 1.436996906249999938e+03 5.142190551757812311e-02 6.174035034179687909e-01 -2.355413818359375078e-01 1.315579833984374947e-01 9.039062500000000222e-02 2.404196493223993514e+01 9.197575805629346846e+00 9.756010190512558466e+00 3.115960553095629582e+00 2.600969928369922801e+00 4.726372946960468724e+00 4.309286624573318569e+00 4.997484577886056378e+00 2.457546035904121950e+01 8.234553721838206997e+00 9.785092031102673005e+00 3.228330294815517476e+00 2.625179282565103911e+00 4.603459282768147531e+00 4.238374182609586427e+00 5.035353976840718282e+00 5.000000000000000000e+02 5.000000000000000000e+02 5.000000000000000000e+02 5.000000000000000000e+02 5.000000000000000000e+02 5.000000000000000000e+02 5.000000000000000000e+02 5.000000000000000000e+02 5.000000000000000000e+02 5.000000000000000000e+02 5.000000000000000000e+02 5.000000000000000000e+02 5.000000000000000000e+02 5.000000000000000000e+02 5.000000000000000000e+02 5.000000000000000000e+02
-9.087144337480214719e-10 1.174380116601562440e+04 8.675001425781250873e+03 1.436747742919921848e+03 -1.199468994140624918e-02 4.991732788085937456e-01 -2.189192504882812584e-01 -1.373059082031249933e-02 -3.162205810546874774e-01 1.173993467578124910e+04 1.014473796844482365e+02 1.439488675781250095e+03 3.301156616210937367e-02 6.215039672851562225e-01 3.127000122070312527e-01 -1.455546875000000018e-01 -8.160070800781249467e-02 2.467958924519665942e+01 9.485784057341300368e+00 9.466951121216936826e+00 3.050052511751653483e+00 2.422770393448392845e+00 4.587240540046230386e+00 3.931162940428150510e+00 4.761587814641706551e+00 2.494389996137464038e+01 8.021946729536862719e+00 9.596635921195002084e+00 2.948320581535339713e+00 2.380572033519330333e+00 4.682598420122333849e+00 3.973092420968870275e+00 4.516327894831014156e+00 5.000000000000000000e+02 5.000000000000000000e+02 5.000000000000000000e+02 5.000000000000000000e+02 5.000000000000000000e+02 5.000000000000000000e+02 5.000000000000000000e+02 5.000000000000000000e+02 5.000000000000000000e+02 5.000000000000000000e+02 5.000000000000000000e+02 5.000000000000000000e+02 5.000000000000000000e+02 5.000000000000000000e+02 5.000000000000000000e+02 5.000000000000000000e+02
-9.086893702435252583e-10 1.174082651757812528e+04 8.675841164062499956e+03 1.435945636718749938e+03 1.316614685058593859e-01 3.986759643554687593e-01 -2.574362182617187522e-01 -8.211987304687499989e-02 3.756544189453124849e-01 1.174374674414062429e+04 1.015758407745361325e+02 1.438472637939453080e+03 1.323113098144531319e-01 3.995330810546874889e-01 -4.095355224609374678e-02 1.475866699218749967e-01 -7.094384765625000311e-02 2.413272587150881776e+01 9.416195668309555344e+00 9.383370517201141681e+00 3.148812483611629798e+00 2.535482313969034340e+00 4.465056763860099309e+00 4.072296797252835887e+00 4.922122453595545899e+00 2.423816968260128846e+01 8.448095295372130664e+00 9.785424916386919136e+00 3.107061368641935495e+00 2.526869514871892264e+00 4.546389444163029481e+00 4.300706686619726327e+00 4.675339810963392573e+00 5.000000000000000000e+02 5.000000000000000000e+02 5.000000000000000000e+02 5.000000000000000000e+02 5.000000000000000000e+02 5.000000000000000000e+02 5.000000000000000000e+02 5.000000000000000000e+02 5.000000000000000000e+02 5.000000000000000000e+02 5.000000000000000000e+02 5.000000000000000000e+02 5.000000000000000000e+02 5.000000000000000000e+02 5.000000000000000000e+02 5.000000000000000000e+02
-9.086643734505132743e-10 1.174266648242187512e+04 8.676465005859374287e+03 1.435784276123046766e+03 1.704888000488281319e-01 5.668997192382811967e-01 2.368637084960937556e-01 -6.200610351562500094e-02 1.085552978515624961e-01 1.174220961914062536e+04 1.024353388366699278e+02 1.438375252929687576e+03 9.318927001953125622e-02 4.141593017578125147e-01 1.525582275390625075e-01 -1.701419067382812511e-01 -1.714547119140625020e-01 2.437282048129474887e+01 9.702140279117690724e+00 9.756773710229312613e+00 3.120055611895681480e+00 2.469775317592317609e+00 4.567912865721809546e+00 4.019499941149955902e+00 4.944725178931508758e+00 2.489155341636860541e+01 8.192073766787997258e+00 9.854434890605308084e+00 3.066316761747961639e+00 2.646296985789906575e+00 4.281456844463788158e+00 4.033588252763180115e+00 4.588045611016952741e+00 5.000000000000000000e+02 5.000000000000000000e+02 5.000000000000000000e+02 5.000000000000000000e+02 5.000000000000000000e+02 5.000000000000000000e+02 5.000000000000000000e+02 5.000000000000000000e+02 5.000000000000000000e+02 5.000000000000000000e+02 5.000000000000000000e+02 5.000000000000000000e+02 5.000000000000000000e+02 5.000000000000000000e+02 5.000000000000000000e+02 5.000000000000000000e+02
-9.086396301611397291e-10 1.174305696484375039e+04 8.676076128906250233e+03 1.434880350585937549e+03 1.794952392578124875e-02 3.818168334960937438e-01 -2.374007568359375042e-01 2.400085449218750111e-01 -2.340115966796874891e-01 1.174097388281249914e+04 1.021114243316650345e+02 1.437317346923828154e+03 -2.122070312500000042e-03 6.999161376953124680e-01 1.228417968750000061e-01 3.027137451171875160e-01 -2.513764648437499805e-01 2.505476042245614821e+01 9.328424207022989023e+00 9.844204978446262189e+00 3.205678777828285142e+00 2.281189270731952767e+00 4.611050865710225821e+00 4.077510565329131254e+00 4.786781296547832021e+00 2.395241890708446775e+01 7.489161247299785273e+00 9.844547689411854208e+00 3.105200563803271141e+00 2.403396571401914983e+00 4.337281801809700355e+00 4.009685600696387020e+00 4.819711080129419400e+00 5.000000000000000000e+02 5.000000000000000000e+02 5.000000000000000000e+02 5.000000000000000000e+02 5.000000000000000000e+02 5.000000000000000000e+02 5.000000000000000000e+02 5.000000000000000000e+02 5.000000000000000000e+02 5.000000000000000000e+02 5.000000000000000000e+02 5.000000000000000000e+02 5.000000000000000000e+02 5.000000000000000000e+02 5.000000000000000000e+02 5.000000000000000000e+02
-9.086146667238696531e-10 1.173941053320312494e+04 8.676379962890625393e+03 1.434977929199218806e+03 7.346740722656250333e-02 5.485828857421874982e-01 1.102690429687499946e-01 -2.314807739257812580e-01 7.100024414062500178e-02 1.174392551171874948e+04 1.019406693572998108e+02 1.437503427246093679e+03 1.038999938964843689e-01 5.784367675781250107e-01 -3.802673339843749833e-03 -3.809527587890625122e-02 -3.286336669921874898e-01 2.463270199086881718e+01 9.485671498367651111e+00 9.844422902781484908e+00 3.011578479033920175e+00 2.559875957434980975e+00 4.725550038790857776e+00 4.051486439702133957e+00 4.708730359030229629e+00 2.455770804387327289e+01 7.617547081609859383e+00 9.738612766541868027e+00 3.147680376105117528e+00 2.470908059318123851e+00 4.468447779954568766e+00 3.921086782305172047e+00 4.582169738137869430e+00 5.000000000000000000e+02 5.000000000000000000e+02 5.000000000000000000e+02 5.000000000000000000e+02 5.000000000000000000e+02 5.000000000000000000e+02 5.000000000000000000e+02 5.000000000000000000e+02 5.000000000000000000e+02 5.000000000000000000e+02 5.000000000000000000e+02 5.000000000000000000e+02 5.000000000000000000e+02 5.000000000000000000e+02 5.000000000000000000e+02 5.000000000000000000e+02
-9.085893697291799800e-10 1.174346832226562583e+04 8.675793257812500087e+03 1.436327274414062458e+03 5.753378295898437661e-02 6.126236572265625346e-01 -1.537077026367187627e-01 -3.487144165039062771e-01 -3.861022949218750194e-02 1.173951460156249959e+04 1.025169062042236305e+02 1.438938131347656281e+03 1.994663085937500024e-01 5.777561035156250080e-01 -2.294091796874999853e-02 -6.828076171874999933e-02 -4.777343750000000340e-03 2.435667644637709373e+01 9.256181959788674973e+00 9.513484960850410843e+00 3.101245841959507032e+00 2.693368009666093243e+00 4.607960163021389555e+00 3.817528330054036800e+00 4.686344716392523146e+00 2.496411158834038702e+01 8.387424512784946273e+00 9.709714694929036938e+00 3.061594442200699540e+00 2.310593073109823870e+00 4.721740592067281916e+00 4.078032177932065849e+00 4.629431850358177947e+00 5.000000000000000000e+02 5.000000000000000000e+02 5.000000000000000000e+02 5.000000000000000000e+02 5.000000000000000000e+02 5.000000000000000000e+02 5.000000000000000000e+02 5.000000000000000000e+02 5.000000000000000000e+02 5.000000000000000000e+02 5.000000000000000000e+02 5.000000000000000000e+02 5.000000000000000000e+02 5.000000000000000000e+02 5.000000000000000000e+02 5.000000000000000000e+02
-9.085646264398064349e-10 1.174118063281250033e+04 8.676624806640624229e+03 1.435143921630859268e+03 3.717205810546875266e-02 6.515565795898436985e-01 3.845648193359375161e-02 1.499053344726562487e-01 1.182573242187500012e-01 1.174114700195312435e+04 1.019439264831542999e+02 1.437596008300781250e+03 8.429931640625000500e-02 3.398795166015625147e-01 9.697430419921874989e-02 -2.883275146484374774e-01 1.404779052734375089e-01 2.309943814265175988e+01 9.069833922900052414e+00 9.775198617968246850e+00 3.139139110721908210e+00 2.298654052774070422e+00 4.575453495519859359e+00 3.947803186838286571e+00 4.732442334822904328e+00 2.448020660555324568e+01 8.073876359793086266e+00 9.631233371276845645e+00 3.057284748907490801e+00 2.447284373565946858e+00 4.531331149690667637e+00 4.060279737758802021e+00 4.792374701325326392e+00 5.000000000000000000e+02 5.000000000000000000e+02 5.000000000000000000e+02 5.000000000000000000e+02 5.000000000000000000e+02 5.000000000000000000e+02 5.000000000000000000e+02 5.000000000000000000e+02 5.000000000000000000e+02 5.000000000000000000e+02 5.000000000000000000e+02 5.000000000000000000e+02 5.000000000000000000e+02 5.000000000000000000e+02 5.000000000000000000e+02 5.000000000000000000e+02
-9.085396029622006970e-10 1.173937639257812589e+04 8.676279193359374403e+03 1.434644238525390620e+03 4.053860473632812239e-02 5.836668701171875417e-01 1.343894042968749869e-01 -1.214241943359374992e-01 -1.794384765625000114e-02 1.174416309570312478e+04 1.021543999328613239e+02 1.437113342773437580e+03 -6.501089477539062633e-02 5.294700317382812216e-01 -3.086743164062500169e-02 3.874052734374999751e-01 3.456218261718749796e-01 2.392881266383662009e+01 9.897922748709538254e+00 9.832278140393508892e+00 3.129764769455744666e+00 2.332793179427062213e+00 4.348926584127974948e+00 4.109590962191888686e+00 4.960759141857629118e+00 2.428726650857917946e+01 7.804675519510746007e+00 9.711258383915886583e+00 3.133958055669938680e+00 2.514619732215468861e+00 4.260029772391796143e+00 4.005852875631956245e+00 4.712905316524701682e+00 5.000000000000000000e+02 5.000000000000000000e+02 5.000000000000000000e+02 5.000000000000000000e+02 5.000000000000000000e+02 5.000000000000000000e+02 5.000000000000000000e+02 5.000000000000000000e+02 5.000000000000000000e+02 5.000000000000000000e+02 5.000000000000000000e+02 5.000000000000000000e+02 5.000000000000000000e+02 5.000000000000000000e+02 5.000000000000000000e+02 5.000000000000000000e+02
-9.085144393904786559e-10 1.174412644531250044e+04 8.675824964843750422e+03 1.434590975097656155e+03 1.074167785644531276e-01 4.864874267578124800e-01 3.410165405273437589e-01 7.735595703124999688e-03 3.338217773437500147e-01 1.173960161132812573e+04 1.027971142272949265e+02 1.436912726074218654e+03 1.547109680175781377e-01 2.746513671874999951e-01 -2.794808349609375075e-01 -4.108251953125000022e-02 1.465550537109374940e-01 2.429451932029234484e+01 9.482384901140415323e+00 9.502538803590283578e+00 2.977792861451897366e+00 2.718549871982330668e+00 4.772573129825441463e+00 4.010787490642459652e+00 4.767583118710802204e+00 2.392201408200287460e+01 7.779910653242541940e+00 9.548012992850658520e+00 3.213724404662828604e+00 2.375151269057100833e+00 4.607127149460086279e+00 4.081224512620507561e+00 4.608643512745353554e+00 5.000000000000000000e+02 5.000000000000000000e+02 5.000000000000000000e+02 5.000000000000000000e+02 5.000000000000000000e+02 5.000000000000000000e+02 5.000000000000000000e+02 5.000000000000000000e+02 5.000000000000000000e+02 5.000000000000000000e+02 5.000000000000000000e+02 5.000000000000000000e+02 5.000000000000000000e+02 5.000000000000000000e+02 5.000000000000000000e+02 5.000000000000000000e+02
-9.084894025705761962e-10 1.174120767968750079e+04 8.675814603515624185e+03 1.433405146240234444e+03 7.145504760742187045e-02 5.047926635742187029e-01 -3.318585205078125044e-01 -1.764133911132812482e-01 1.343673095703125098e-01 1.174293928320312443e+04 1.018261593322753953e+02 1.435697552490234330e+03 1.133502197265625067e-01 4.866934204101562300e-01 -1.883831176757812531e-01 2.314583740234374964e-01 2.097220458984374869e-01 2.450100091079044873e+01 9.644036330846271099e+00 9.768301242569082277e+00 3.132337103695845837e+00 2.606640396774114077e+00 4.337112025837618567e+00 3.985159553605664318e+00 4.564747547032204977e+00 2.471431924655540868e+01 8.500274290310967373e+00 9.762480619077569699e+00 3.072619486176412895e+00 2.360803833283307007e+00 4.500548138772640705e+00 3.982972317881604774e+00 4.675752884433232559e+00 5.000000000000000000e+02 5.000000000000000000e+02 5.000000000000000000e+02 5.000000000000000000e+02 5.000000000000000000e+02 5.000000000000000000e+02 5.000000000000000000e+02 5.000000000000000000e+02 5.000000000000000000e+02 5.000000000000000000e+02 5.000000000000000000e+02 5.000000000000000000e+02 5.000000000000000000e+02 5.000000000000000000e+02 5.000000000000000000e+02 5.000000000000000000e+02
-9.084645658851253913e-10 1.174215312304687541e+04 8.675519025390625757e+03 1.432928091796874924e+03 6.841659545898437500e-02 5.717434692382812322e-01 8.427673339843750472e-03 2.351806030273437542e-01 6.476574707031250433e-02 1.174150120703124958e+04 1.017594162445068378e+02 1.435111230224609471e+03 -7.383392333984374785e-03 3.408701171874999880e-01 6.112768554687499772e-02 -1.069693603515625008e-01 -3.152087402343749928e-02 2.402121324198010655e+01 9.316370842564687393e+00 9.678256009328661591e+00 3.093398160997611335e+00 2.351243498814868715e+00 4.799957634375298099e+00 4.190373234595892171e+00 4.805841429492907046e+00 2.488421255099253671e+01 8.021697622696295937e+00 9.702502397980408588e+00 3.157556161477152123e+00 2.495314063605986732e+00 4.418770219630533624e+00 3.907388815244971170e+00 4.428403760938749656e+00 5.000000000000000000e+02 5.000000000000000000e+02 5.000000000000000000e+02 5.000000000000000000e+02 5.000000000000000000e+02 5.000000000000000000e+02 5.000000000000000000e+02 5.000000000000000000e+02 5.000000000000000000e+02 5.000000000000000000e+02 5.000000000000000000e+02 5.000000000000000000e+02 5.000000000000000000e+02 5.000000000000000000e+02 5.000000000000000000e+02 5.000000000000000000e+02
-9.084393689576613388e-10 1.174224111328125036e+04 8.675309451171875480e+03 1.433999274414062484e+03 9.783843994140624389e-03 4.611235961914062487e-01 3.404639892578125160e-01 -1.517330932617187433e-01 -2.086346435546874989e-01 1.173979678320312451e+04 1.017820937652587929e+02 1.436269149169921775e+03 2.300518798828124836e-02 5.045134887695312820e-01 -3.121679687500000105e-02 -1.203823242187500031e-01 3.195356445312499960e-01 2.405725973161316134e+01 9.354534952618431376e+00 9.820441881382754090e+00 3.113203730548743664e+00 2.507411801963130404e+00 4.774305306939173654e+00 4.057245502124933623e+00 4.550228765749695370e+00 2.410530086392803284e+01 7.837089369684595574e+00 9.977380430817921919e+00 3.052229344876204120e+00 2.559116749481145092e+00 4.337491761856893113e+00 3.917300166673952866e+00 4.791188080959286388e+00 5.000000000000000000e+02 5.000000000000000000e+02 5.000000000000000000e+02 5.000000000000000000e+02 5.000000000000000000e+02 5.000000000000000000e+02 5.000000000000000000e+02 5.000000000000000000e+02 5.000000000000000000e+02 5.000000000000000000e+02 5.000000000000000000e+02 5.000000000000000000e+02 5.000000000000000000e+02 5.000000000000000000e+02 5.000000000000000000e+02 5.000000000000000000e+02
-9.084144989164686260e-10 1.173903473828125061e+04 8.675867177734375218e+03 1.434239300537109330e+03 -1.920043945312499903e-02 4.413363647460937234e-01 -1.785058593749999922e-01 -1.405877685546874922e-01 1.267104492187499931e-01 1.174335108984375074e+04 1.022745185394287120e+02 1.436289357666015576e+03 1.563058471679687478e-01 6.250503540039062944e-01 1.439143676757812518e-01 4.309086914062499885e-01 3.319108886718750151e-01 2.444180962802516177e+01 9.482300969651728195e+00 9.892237655136741026e+00 3.082676293596504191e+00 2.628864214686127632e+00 4.430193532102127740e+00 4.118578638434569505e+00 4.697341183412559573e+00 2.351026914352737407e+01 7.673702991798609929e+00 9.939740744949013163e+00 3.080539344328334206e+00 2.338522963403128152e+00 4.435446174564872557e+00 4.081641385812321943e+00 4.944469787590863419e+00 5.000000000000000000e+02 5.000000000000000000e+02 5.000000000000000000e+02 5.000000000000000000e+02 5.000000000000000000e+02 5.000000000000000000e+02 5.000000000000000000e+02 5.000000000000000000e+02 5.000000000000000000e+02 5.000000000000000000e+02 5.000000000000000000e+02 5.000000000000000000e+02 5.000000000000000000e+02 5.000000000000000000e+02 5.000000000000000000e+02 5.000000000000000000e+02
-9.083892219352242424e-10 1.174333067968750038e+04 8.676121931640624098e+03 1.435263662353515656e+03 2.038664550781250084e-01 4.892396850585937762e-01 5.050859985351562331e-01 -1.450756835937500044e-01 2.289338378906249916e-01 1.173953869921875048e+04 1.025431754760742251e+02 1.437403637451171790e+03 9.910552978515624334e-02 4.767434082031249964e-01 -3.572520141601562282e-01 -1.375192871093749991e-01 5.385510253906249795e-02 2.379041445528928023e+01 9.135486106249217642e+00 9.694258911220234864e+00 3.002522581209354335e+00 2.523715287816178598e+00 4.253537163034981639e+00 4.032018351906397235e+00 4.435094810549680133e+00 2.447930428546405324e+01 8.015755598037818785e+00 9.817977478407451386e+00 3.135878830119975369e+00 2.274903999968872270e+00 4.659651031291632606e+00 3.965030375966009935e+00 4.721243130668328014e+00 5.000000000000000000e+02 5.000000000000000000e+02 5.000000000000000000e+02 5.000000000000000000e+02 5.000000000000000000e+02 5.000000000000000000e+02 5.000000000000000000e+02 5.000000000000000000e+02 5.000000000000000000e+02 5.000000000000000000e+02 5.000000000000000000e+02 5.000000000000000000e+02 5.000000000000000000e+02 5.000000000000000000e+02 5.000000000000000000e+02 5.000000000000000000e+02
-9.083642785113991458e-10 1.174160306640624913e+04 8.676936945312500029e+03 1.434326938720703083e+03 4.792803955078125261e-02 3.566229858398437536e-01 3.315809936523437251e-01 -1.436550292968749865e-01 -1.781221923828124887e-01 1.174068424609374961e+04 1.031436202697753970e+02 1.436664234374999978e+03 8.477200317382813100e-02 5.635706787109374671e-01 4.030283203125000213e-01 1.133325195312499985e-02 7.077856445312499800e-02 2.446121320526881959e+01 9.222560941669881274e+00 9.711022490035482235e+00 3.024154343666153544e+00 2.681633448297060518e+00 4.613057722839092989e+00 4.026756936114637142e+00 4.708612881745761314e+00 2.472913301393079877e+01 8.253751275160093215e+00 9.863965696425685437e+00 3.136170746213263083e+00 2.505194702582750566e+00 4.431748729599155112e+00 3.987868971391797412e+00 4.865746396403916485e+00 5.000000000000000000e+02 5.000000000000000000e+02 5.000000000000000000e+02 5.000000000000000000e+02 5.000000000000000000e+02 5.000000000000000000e+02 5.000000000000000000e+02 5.000000000000000000e+02 5.000000000000000000e+02 5.000000000000000000e+02 5.000000000000000000e+02 5.000000000000000000e+02 5.000000000000000000e+02 5.000000000000000000e+02 5.000000000000000000e+02 5.000000000000000000e+02
-9.083393617721675963e-10 1.173910304492187424e+04 8.676910871093750757e+03 1.434006411376953110e+03 -7.474423217773437655e-02 5.919194946289062509e-01 -7.473950195312499545e-02 -6.510023803710937029e-01 -3.622314453124999938e-03 1.174387895507812573e+04 1.024930163879394485e+02 1.436271439697265578e+03 1.836672973632812525e-02 4.815902709960937500e-01 -5.713330078125000017e-02 2.412916870117187418e-01 3.501235351562499987e-01 2.481263881319119946e+01 9.783111331992103032e+00 9.675311081984906636e+00 3.167732015496496523e+00 2.384630901071243869e+00 4.460618461678679481e+00 3.907086749901667933e+00 4.643035637000846982e+00 2.468382549657995284e+01 7.925405626466164755e+00 9.962970400244286040e+00 3.038416890646675306e+00 2.586503098570619663e+00 4.730491839846612478e+00 4.222152378729425948e+00 4.564249906396449674e+00 5.000000000000000000e+02 5.000000000000000000e+02 5.000000000000000000e+02 5.000000000000000000e+02 5.000000000000000000e+02 5.000000000000000000e+02 5.000000000000000000e+02 5.000000000000000000e+02 5.000000000000000000e+02 5.000000000000000000e+02 5.000000000000000000e+02 5.000000000000000000e+02 5.000000000000000000e+02 5.000000000000000000e+02 5.000000000000000000e+02 5.000000000000000000e+02
-9.083145384290135133e-10 1.174317838281250079e+04 8.676326089843749287e+03 1.435135867187500025e+03 6.852200317382813044e-02 4.777598876953125240e-01 2.457031249999999944e-01 -3.414208984375000089e-02 1.788664550781249862e-01 1.174125006640624997e+04 1.029205348510742226e+02 1.437355693603515647e+03 5.990005493164062694e-02 6.369541015624999858e-01 -2.586407470703125031e-02 4.943414306640624839e-02 6.264550781250000089e-02 2.390986723152418136e+01 9.483244982546962021e+00 9.600173089824643569e+00 3.006360898744480536e+00 2.450267644162788194e+00 4.312203125860229136e+00 3.974817613658053528e+00 5.100429237682814865e+00 2.424862075114773674e+01 7.756571492338381724e+00 9.655666021102302210e+00 3.079830426934822452e+00 2.472127920638413023e+00 4.194169217658859417e+00 3.916794208358242102e+00 4.992917080462693669e+00 5.000000000000000000e+02 5.000000000000000000e+02 5.000000000000000000e+02 5.000000000000000000e+02 5.000000000000000000e+02 5.000000000000000000e+02 5.000000000000000000e+02 5.000000000000000000e+02 5.000000000000000000e+02 5.000000000000000000e+02 5.000000000000000000e+02 5.000000000000000000e+02 5.000000000000000000e+02 5.000000000000000000e+02 5.000000000000000000e+02 5.000000000000000000e+02
-9.082895082802593110e-10 1.174199937890625006e+04 8.677091781249999258e+03 1.433297463623046951e+03 2.841677856445312331e-02 5.588168334960937900e-01 1.250950317382812371e-01 -1.497509765625000024e-02 -5.055688476562499728e-02 1.174102492187499956e+04 1.032370448303222616e+02 1.435548927734374956e+03 1.610836181640624976e-01 5.532109985351562065e-01 -2.247528076171875083e-02 1.845750732421874984e-01 2.082447509765625038e-01 2.418681227091229147e+01 9.441208953411830862e+00 9.591539099414278624e+00 3.157910866217138235e+00 2.679570044199285128e+00 4.490511293104138879e+00 3.750499494566937653e+00 4.852432789934923996e+00 2.393296222852072219e+01 7.987377510313945272e+00 9.689083741336663280e+00 3.114677873290205401e+00 2.359410994034130571e+00 4.282820520086565885e+00 4.084779572082726240e+00 4.679168278746841381e+00 5.000000000000000000e+02 5.000000000000000000e+02 5.000000000000000000e+02 5.000000000000000000e+02 5.000000000000000000e+02 5.000000000000000000e+02 5.000000000000000000e+02 5.000000000000000000e+02 5.000000000000000000e+02 5.000000000000000000e+02 5.000000000000000000e+02 5.000000000000000000e+02 5.000000000000000000e+02 5.000000000000000000e+02 5.000000000000000000e+02 5.000000000000000000e+02
-9.082646515813632166e-10 1.173964199218750036e+04 8.676403958984374185e+03 1.433785748046874915e+03 2.321829528808593834e-01 4.258498535156249876e-01 -3.146436767578125182e-01 -8.558007812500000033e-02 3.179008789062500173e-01 1.174240693945312523e+04 1.023877551422119154e+02 1.435741031738281208e+03 2.978851318359375042e-02 3.832893066406249938e-01 6.213085937499999989e-02 -2.649362792968750213e-01 -3.128880615234375107e-01 2.432964199307627240e+01 9.452099042129585627e+00 9.709253565342958581e+00 2.947282818406499416e+00 2.493291947396173658e+00 4.400834937625297094e+00 3.967060914463997445e+00 4.588372739794367661e+00 2.464926115703694975e+01 8.295054964788244334e+00 9.921376723858122304e+00 3.153559043012994056e+00 2.415261462506899992e+00 4.357440599740144194e+00 4.072177499356092412e+00 4.740633404912991011e+00 5.000000000000000000e+02 5.000000000000000000e+02 5.000000000000000000e+02 5.000000000000000000e+02 5.000000000000000000e+02 5.000000000000000000e+02 5.000000000000000000e+02 5.000000000000000000e+02 5.000000000000000000e+02 5.000000000000000000e+02 5.000000000000000000e+02 5.000000000000000000e+02 5.000000000000000000e+02 5.000000000000000000e+02 5.000000000000000000e+02 5.000000000000000000e+02
-9.082396347749059430e-10 1.174294054101562506e+04 8.675463677734374869e+03 1.435515843994140596e+03 1.131555786132812519e-01 6.530126953124999467e-01 -7.432452392578124678e-02 3.915891723632812238e-01 -1.493242187499999873e-01 1.173934195117187483e+04 1.018294122161865261e+02 1.437711881347656345e+03 9.883917236328125522e-02 5.128703002929687615e-01 3.480390624999999960e-01 1.238862915039062457e-01 -6.690844726562500400e-02 2.422307094709784892e+01 9.454704147440915918e+00 9.567546795716422636e+00 3.138560559703053698e+00 2.589001469414673906e+00 4.458197254371240703e+00 3.976139605028106150e+00 4.657994732893055101e+00 2.470997719021935168e+01 7.602569134108163595e+00 9.744382654719604631e+00 3.127575300720181417e+00 2.428085824370717294e+00 4.499410453115118003e+00 4.040999020228232652e+00 4.612594152574460260e+00 5.000000000000000000e+02 5.000000000000000000e+02 5.000000000000000000e+02 5.000000000000000000e+02 5.000000000000000000e+02 5.000000000000000000e+02 5.000000000000000000e+02 5.000000000000000000e+02 5.000000000000000000e+02 5.000000000000000000e+02 5.000000000000000000e+02 5.000000000000000000e+02 5.000000000000000000e+02 5.000000000000000000e+02 5.000000000000000000e+02 5.000000000000000000e+02
-9.082144311762936330e-10 1.173996808398437497e+04 8.676667351562500698e+03 1.434797772460937495e+03 1.547108764648437440e-01 4.810734863281250218e-01 1.332001342773437569e-01 -6.304083251953125633e-02 8.996447753906250400e-02 1.174293718554687439e+04 1.018606245574951146e+02 1.436735251464843714e+03 1.024606323242187450e-01 5.581936645507812322e-01 2.858973388671874893e-01 -1.072053833007812484e-01 -4.436804199218750272e-02 2.427222924675201199e+01 9.231319094502033806e+00 9.681578789130941942e+00 3.099936438556260221e+00 2.411154669852654031e+00 4.370085643830625699e+00 4.029937610104446399e+00 4.832623282238391660e+00 2.422773255765961053e+01 7.904520074813625286e+00 9.868253399078353638e+00 2.974883794184509878e+00 2.437417764345901183e+00 4.515848974674159244e+00 3.911256326024938890e+00 4.681401038286375105e+00 5.000000000000000000e+02 5.000000000000000000e+02 5.000000000000000000e+02 5.000000000000000000e+02 5.000000000000000000e+02 5.000000000000000000e+02 5.000000000000000000e+02 5.000000000000000000e+02 5.000000000000000000e+02 5.000000000000000000e+02 5.000000000000000000e+02 5.000000000000000000e+02 5.000000000000000000e+02 5.000000000000000000e+02 5.000000000000000000e+02 5.000000000000000000e+02
-9.081894143698362561e-10 1.174012161328124967e+04 8.676022496093750306e+03 1.434531508300781297e+03 1.985723876953124911e-01 4.724273071289062376e-01 -6.140277099609375150e-02 1.082218017578124997e-01 -2.116419677734374949e-01 1.174256456054687442e+04 1.022757224578857489e+02 1.436483779296874900e+03 2.765017700195312664e-02 4.895090942382812615e-01 1.415328369140624876e-01 -1.095791625976562517e-01 9.277832031250000597e-03 2.392836025826290580e+01 9.150622172996703441e+00 9.761131235009200324e+00 3.248377997506802561e+00 2.474622784623766947e+00 4.633723345836194163e+00 4.002746422879599919e+00 4.574759416558656255e+00 2.402350506719054124e+01 7.788978933958010664e+00 9.872233329162552806e+00 3.132703538129844478e+00 2.352272919891202907e+00 4.430558914159873574e+00 4.156428279604061693e+00 4.596091228290188013e+00 5.000000000000000000e+02 5.000000000000000000e+02 5.000000000000000000e+02 5.000000000000000000e+02 5.000000000000000000e+02 5.000000000000000000e+02 5.000000000000000000e+02 5.000000000000000000e+02 5.000000000000000000e+02 5.000000000000000000e+02 5.000000000000000000e+02 5.000000000000000000e+02 5.000000000000000000e+02 5.000000000000000000e+02 5.000000000000000000e+02 5.000000000000000000e+02
-9.081644175768240653e-10 1.174314963281249948e+04 8.676174417968750276e+03 1.433952308105468774e+03 2.827249145507812478e-02 5.905078124999999512e-01 -2.936447753906250013e-01 -2.607025146484375222e-01 -3.336596679687500039e-02 1.174012318945312472e+04 1.021617141723632756e+02 1.436030416259765616e+03 1.007112426757812568e-01 4.392938232421875200e-01 -8.963299560546875155e-02 2.645385742187500097e-02 5.077119140625000471e-01 2.437485959701837501e+01 9.807067111124398551e+00 9.923611253339199578e+00 3.065011485066795327e+00 2.414215919970116975e+00 4.775957472160237138e+00 4.032255253947496065e+00 4.404160428304784602e+00 2.393787057201674173e+01 7.693925873157914985e+00 9.827375254609810540e+00 3.063198333060269452e+00 2.599383265233751406e+00 4.429538186343530803e+00 4.130494464405232158e+00 4.755967606444478690e+00 5.000000000000000000e+02 5.000000000000000000e+02 5.000000000000000000e+02 5.000000000000000000e+02 5.000000000000000000e+02 5.000000000000000000e+02 5.000000000000000000e+02 5.000000000000000000e+02 5.000000000000000000e+02 5.000000000000000000e+02 5.000000000000000000e+02 5.000000000000000000e+02 5.000000000000000000e+02 5.000000000000000000e+02 5.000000000000000000e+02 5.000000000000000000e+02
-9.081394341261089065e-10 1.173892130859374993e+04 8.677009515625000859e+03 1.434413542724609442e+03 1.345831298828125133e-01 5.672594604492187109e-01 1.532198486328124887e-01 -2.840864868164062473e-01 -1.408322753906250113e-01 1.174336675976562583e+04 1.024507957763671868e+02 1.436279913818359319e+03 9.630010986328124689e-02 4.389240112304687580e-01 -6.751983642578124334e-02 1.388251953125000104e-01 9.184558105468750011e-02 2.438055572068081744e+01 9.550913396488020624e+00 9.609273913677876422e+00 3.092584696529040222e+00 2.728651706352271944e+00 4.567338881311186150e+00 4.112604678630720656e+00 4.673098396344410155e+00 2.467117452807070066e+01 8.429936013271927209e+00 9.778309545853414164e+00 3.212974686315468453e+00 2.448536500887390499e+00 4.487598109275047875e+00 4.002674939934005138e+00 4.717551885668020972e+00 5.000000000000000000e+02 5.000000000000000000e+02 5.000000000000000000e+02 5.000000000000000000e+02 5.000000000000000000e+02 5.000000000000000000e+02 5.000000000000000000e+02 5.000000000000000000e+02 5.000000000000000000e+02 5.000000000000000000e+02 5.000000000000000000e+02 5.000000000000000000e+02 5.000000000000000000e+02 5.000000000000000000e+02 5.000000000000000000e+02 5.000000000000000000e+02
-9.081143839639094147e-10 1.174267739062500004e+04 8.676578623046874782e+03 1.434524299560546979e+03 2.119780273437499862e-01 5.244183959960937447e-01 -1.207166748046874932e-01 1.457412719726562389e-01 2.555440673828124898e-01 1.173978116210937515e+04 1.029525021820068389e+02 1.436453891845703083e+03 1.788219909667968788e-01 4.031733398437499782e-01 -1.760247802734375006e-02 1.030928344726562557e-01 1.122302246093749914e-02 2.442718093170398319e+01 9.292890865525174959e+00 9.548464238679285288e+00 3.112328623402797589e+00 2.426126479682042092e+00 4.642128609884861312e+00 4.220450172760187968e+00 4.494962922055133703e+00 2.437519075794208234e+01 7.955143832891726774e+00 1.004097222994188954e+01 2.937158935896965417e+00 2.474283982352554645e+00 4.387961052009716312e+00 4.005851768428389192e+00 4.512230357763014510e+00 5.000000000000000000e+02 5.000000000000000000e+02 5.000000000000000000e+02 5.000000000000000000e+02 5.000000000000000000e+02 5.000000000000000000e+02 5.000000000000000000e+02 5.000000000000000000e+02 5.000000000000000000e+02 5.000000000000000000e+02 5.000000000000000000e+02 5.000000000000000000e+02 5.000000000000000000e+02 5.000000000000000000e+02 5.000000000000000000e+02 5.000000000000000000e+02
-9.080893071171166861e-10 1.174180184179687421e+04 8.676242521484375175e+03 1.435433248291015616e+03 -1.165011596679687428e-02 4.878142089843749973e-01 -1.629581909179687593e-01 1.852936401367187569e-01 -2.874785156249999862e-01 1.174030341406250045e+04 1.017922324523925823e+02 1.437357577392578150e+03 -8.332214355468750252e-04 5.539964599609374929e-01 -1.570667724609375038e-01 -1.494387207031249998e-01 -2.526562500000000266e-01 2.465793262557781773e+01 9.930472664442762110e+00 9.753035556847775567e+00 3.081426437684178676e+00 2.527987529034176006e+00 4.655151629297299642e+00 3.916046304387232002e+00 4.795611522591465281e+00 2.441640336698722535e+01 7.730538943121612938e+00 9.773190825168425633e+00 3.143140531212939237e+00 2.589421441215032260e+00 4.654234342262678403e+00 3.846830515221683289e+00 4.695285731930209039e+00 5.000000000000000000e+02 5.000000000000000000e+02 5.000000000000000000e+02 5.000000000000000000e+02 5.000000000000000000e+02 5.000000000000000000e+02 5.000000000000000000e+02 5.000000000000000000e+02 5.000000000000000000e+02 5.000000000000000000e+02 5.000000000000000000e+02 5.000000000000000000e+02 5.000000000000000000e+02 5.000000000000000000e+02 5.000000000000000000e+02 5.000000000000000000e+02
-9.080643903778850331e-10 1.173880042578124994e+04 8.676417533203124549e+03 1.434524489990234315e+03 1.608944091796875031e-01 4.772899169921874796e-01 4.659393310546874889e-02 -2.694078369140625040e-01 1.330111083984374942e-01 1.174367664453124962e+04 1.021867388610839811e+02 1.436424390380859450e+03 1.873867797851562489e-02 5.772055664062499813e-01 -1.280025024414062629e-01 -1.108443603515625042e-01 -2.053453369140625095e-01 2.444941688621390696e+01 9.467073784499044464e+00 9.539843157263886653e+00 3.050685528485995501e+00 2.750109908386125568e+00 4.587069346328906505e+00 4.033827898391252553e+00 4.408653967935302731e+00 2.347425872255024260e+01 7.811524434846729648e+00 9.665564522533022895e+00 3.146537309623806955e+00 2.548947209908613676e+00 4.358207884316152025e+00 3.906037901361814502e+00 4.830049370688626276e+00 5.000000000000000000e+02 5.000000000000000000e+02 5.000000000000000000e+02 5.000000000000000000e+02 5.000000000000000000e+02 5.000000000000000000e+02 5.000000000000000000e+02 5.000000000000000000e+02 5.000000000000000000e+02 5.000000000000000000e+02 5.000000000000000000e+02 5.000000000000000000e+02 5.000000000000000000e+02 5.000000000000000000e+02 5.000000000000000000e+02 5.000000000000000000e+02
-9.080392668330535712e-10 1.174145967773437587e+04 8.676495484375000160e+03 1.435769941894531257e+03 1.270114135742187456e-01 5.444402465820312731e-01 1.303253173828125035e-02 4.560527343749999907e-01 -3.244215087890625071e-01 1.174088064453124935e+04 1.032341347656250008e+02 1.437602672607421937e+03 1.516117248535156226e-01 5.003869018554687464e-01 2.043500366210937447e-01 4.362475585937500289e-02 -1.402446289062500018e-01 2.409007773253202700e+01 9.246917547255000258e+00 9.698598375096628033e+00 3.093252756255261193e+00 2.422593898873937501e+00 4.138002170627333776e+00 3.847884591622414696e+00 4.377490579683710692e+00 2.418557480294427364e+01 8.472173187474634659e+00 9.946416099161169200e+00 3.195620685046262288e+00 2.464475064602922316e+00 4.507299601712537296e+00 4.128746977026485965e+00 4.668886979649745861e+00 5.000000000000000000e+02 5.000000000000000000e+02 5.000000000000000000e+02 5.000000000000000000e+02 5.000000000000000000e+02 5.000000000000000000e+02 5.000000000000000000e+02 5.000000000000000000e+02 5.000000000000000000e+02 5.000000000000000000e+02 5.000000000000000000e+02 5.000000000000000000e+02 5.000000000000000000e+02 5.000000000000000000e+02 5.000000000000000000e+02 5.000000000000000000e+02
-9.080143701072672078e-10 1.174323018554687587e+04 8.677188472656249360e+03 1.435370726562500067e+03 1.694500122070312365e-01 5.351293334960937065e-01 3.278638305664062225e-01 5.610791015625000294e-02 1.049033203125000063e-01 1.174035734960937589e+04 1.025848040161132815e+02 1.437313099121093728e+03 7.959979248046875067e-02 5.078132934570313006e-01 -2.949391479492187718e-01 -5.072418212890625333e-02 -1.302307128906250028e-02 2.464723876765742361e+01 9.401895072319863544e+00 9.718338073022614765e+00 2.930064437917542897e+00 2.466969221558039660e+00 4.377371162700135265e+00 4.129474640816515496e+00 4.648754293111069913e+00 2.386058767051710205e+01 7.731063429856874336e+00 9.763276147846061903e+00 3.032411479368982032e+00 2.401926614718760788e+00 4.502096933603977114e+00 4.165277673919335122e+00 4.538982017027246130e+00 5.000000000000000000e+02 5.000000000000000000e+02 5.000000000000000000e+02 5.000000000000000000e+02 5.000000000000000000e+02 5.000000000000000000e+02 5.000000000000000000e+02 5.000000000000000000e+02 5.000000000000000000e+02 5.000000000000000000e+02 5.000000000000000000e+02 5.000000000000000000e+02 5.000000000000000000e+02 5.000000000000000000e+02 5.000000000000000000e+02 5.000000000000000000e+02
-9.079894133411452860e-10 1.173844044140625010e+04 8.676037072265624374e+03 1.434955914794921910e+03 1.861274719238281139e-01 6.798425292968750533e-01 1.364663085937500020e-01 5.180554199218750239e-02 2.826574707031249967e-02 1.174297772265624917e+04 1.022042328033447234e+02 1.436695780273437549e+03 1.209223937988281317e-01 5.278728637695312420e-01 6.784448242187500477e-02 3.463342285156249811e-02 3.026789550781249782e-01 2.453995541087127918e+01 9.414538908243962112e+00 9.784343909784629645e+00 3.003198424327165217e+00 2.352352984952836845e+00 4.489426696153428153e+00 3.963657378392893893e+00 4.969738279910439260e+00 2.493453670149812851e+01 7.550374781507226629e+00 9.891885336835819942e+00 2.960754869139550660e+00 2.518908139356231590e+00 4.416602500999649017e+00 4.181521081599064438e+00 4.822286109554625888e+00 5.000000000000000000e+02 5.000000000000000000e+02 5.000000000000000000e+02 5.000000000000000000e+02 5.000000000000000000e+02 5.000000000000000000e+02 5.000000000000000000e+02 5.000000000000000000e+02 5.000000000000000000e+02 5.000000000000000000e+02 5.000000000000000000e+02 5.000000000000000000e+02 5.000000000000000000e+02 5.000000000000000000e+02 5.000000000000000000e+02 5.000000000000000000e+02
-9.079645232865074903e-10 1.174204693359375051e+04 8.676387103515624403e+03 1.434489950927734299e+03 -5.384426879882812239e-02 3.190835571289062367e-01 6.224279785156249661e-02 6.176367187500000216e-02 -2.056552734375000080e-01 1.174069061132812567e+04 1.029491347961425731e+02 1.436603210937500080e+03 1.296609191894531332e-01 4.948470458984374765e-01 6.677246093750000347e-03 -1.277856445312499922e-01 -4.060864257812499961e-02 2.499793279082229702e+01 9.752087582762690943e+00 9.758662831646484292e+00 3.055805483376063947e+00 2.481706652485926146e+00 4.358326150874734850e+00 4.200515478194305707e+00 4.702777410779738432e+00 2.464295369117525780e+01 7.584325882798416352e+00 9.721397716961993396e+00 3.051867944780506825e+00 2.513630601973525280e+00 4.419639849223671924e+00 4.029932722813882151e+00 4.483293269025410588e+00 5.000000000000000000e+02 5.000000000000000000e+02 5.000000000000000000e+02 5.000000000000000000e+02 5.000000000000000000e+02 5.000000000000000000e+02 5.000000000000000000e+02 5.000000000000000000e+02 5.000000000000000000e+02 5.000000000000000000e+02 5.000000000000000000e+02 5.000000000000000000e+02 5.000000000000000000e+02 5.000000000000000000e+02 5.000000000000000000e+02 5.000000000000000000e+02
-9.079393263590435412e-10 1.174233148632812481e+04 8.677172080078125873e+03 1.435364193115234457e+03 -1.290563964843749988e-02 5.564065551757813033e-01 -2.466687011718749975e-02 5.035162353515625078e-02 -2.300769042968749956e-01 1.174021739257812442e+04 1.033543102264404325e+02 1.437154264648437447e+03 3.819488525390624806e-02 7.576658935546874973e-01 1.634381103515624920e-02 -1.795842895507812620e-01 -1.476998291015625131e-01 2.393108054950416985e+01 9.897151820622051233e+00 9.800452880522595223e+00 3.043345296291330548e+00 2.405191215236752722e+00 4.506325306271354414e+00 4.055703230110466961e+00 4.756797409905426655e+00 2.340445411370484408e+01 7.608258275419689909e+00 9.801994234278149420e+00 3.040741513917056160e+00 2.366483816447483957e+00 4.417170227625485168e+00 4.310308358765307268e+00 4.776551278693013991e+00 5.000000000000000000e+02 5.000000000000000000e+02 5.000000000000000000e+02 5.000000000000000000e+02 5.000000000000000000e+02 5.000000000000000000e+02 5.000000000000000000e+02 5.000000000000000000e+02 5.000000000000000000e+02 5.000000000000000000e+02 5.000000000000000000e+02 5.000000000000000000e+02 5.000000000000000000e+02 5.000000000000000000e+02 5.000000000000000000e+02 5.000000000000000000e+02
-9.079146297677087294e-10 1.173925184960937440e+04 8.677293931640624578e+03 1.435653226562500095e+03 7.246160888671875078e-02 5.947869262695312242e-01 -1.082199096679687528e-01 2.619274902343750044e-01 -3.674653320312499805e-01 1.174290903710937528e+04 1.029323633575439487e+02 1.437485989013671769e+03 1.700564575195312456e-02 4.082738647460937287e-01 -8.541461181640624956e-02 5.256610107421875316e-02 -2.711120605468749986e-02 2.398315779494903310e+01 9.583186957240647175e+00 9.549577706149197098e+00 3.105862590421748060e+00 2.759172651359540929e+00 4.764208058979140681e+00 4.047247530605517341e+00 5.109551989021113627e+00 2.461485166902664545e+01 7.886283787922673483e+00 9.618728332802414016e+00 3.024165938047382873e+00 2.437589119912881408e+00 4.642715196477294803e+00 4.009557629515754229e+00 4.652805625915819476e+00 5.000000000000000000e+02 5.000000000000000000e+02 5.000000000000000000e+02 5.000000000000000000e+02 5.000000000000000000e+02 5.000000000000000000e+02 5.000000000000000000e+02 5.000000000000000000e+02 5.000000000000000000e+02 5.000000000000000000e+02 5.000000000000000000e+02 5.000000000000000000e+02 5.000000000000000000e+02 5.000000000000000000e+02 5.000000000000000000e+02 5.000000000000000000e+02
-9.078893594576127067e-10 1.174313594140624991e+04 8.676347076171874505e+03 1.436649208740234371e+03 1.524277954101562471e-01 5.724273071289062154e-01 -1.327264404296875019e-02 9.197039794921875455e-02 -1.929777832031250029e-01 1.173924912304687496e+04 1.028969877471923837e+02 1.438405282470703014e+03 1.824328918457031323e-01 4.392501220703124987e-01 7.859429931640625477e-02 -1.196946411132812499e-01 1.848903808593750087e-01 2.444674159156112125e+01 9.526498710147917492e+00 9.513286286978626549e+00 3.024629275217030511e+00 2.582753509776479106e+00 4.222454382349859259e+00 4.068301733306304513e+00 4.846563677759850641e+00 2.440270492357451104e+01 8.171363432882655431e+00 9.578895714299191511e+00 3.146539311644511283e+00 2.375906529368283948e+00 4.692045509760748523e+00 4.106903214137208380e+00 4.799992658394232059e+00 5.000000000000000000e+02 5.000000000000000000e+02 5.000000000000000000e+02 5.000000000000000000e+02 5.000000000000000000e+02 5.000000000000000000e+02 5.000000000000000000e+02 5.000000000000000000e+02 5.000000000000000000e+02 5.000000000000000000e+02 5.000000000000000000e+02 5.000000000000000000e+02 5.000000000000000000e+02 5.000000000000000000e+02 5.000000000000000000e+02 5.000000000000000000e+02
-9.078644960875682514e-10 1.174111763867187437e+04 8.675843474609375335e+03 1.434923871826171762e+03 1.893943786621093694e-01 4.859601440429687225e-01 -7.914959716796875211e-02 2.333387451171874960e-01 -1.783333740234374909e-01 1.174151255468750060e+04 1.013403307037353471e+02 1.436739714355468777e+03 3.752218627929687633e-02 4.061456909179687602e-01 1.398133544921875138e-01 -2.247667846679687609e-01 -1.876431884765625002e-01 2.450997599328894694e+01 9.170331115988503257e+00 9.570922365331576032e+00 3.042447526301590432e+00 2.716054893948419480e+00 4.187261598572596277e+00 4.022009281339729014e+00 4.841030080789328061e+00 2.371138115952053482e+01 7.991949624009295761e+00 9.553465411214480341e+00 3.104381686588907563e+00 2.329332790716653445e+00 4.492008721413205841e+00 4.048246645345122019e+00 4.792999256084473636e+00 5.000000000000000000e+02 5.000000000000000000e+02 5.000000000000000000e+02 5.000000000000000000e+02 5.000000000000000000e+02 5.000000000000000000e+02 5.000000000000000000e+02 5.000000000000000000e+02 5.000000000000000000e+02 5.000000000000000000e+02 5.000000000000000000e+02 5.000000000000000000e+02 5.000000000000000000e+02 5.000000000000000000e+02 5.000000000000000000e+02 5.000000000000000000e+02
-9.078392791466592195e-10 1.173978704296875003e+04 8.676023593750000146e+03 1.434014255859374998e+03 3.508777465820312469e-01 5.212800903320312651e-01 4.303442382812500133e-01 -3.756976318359375039e-02 -1.865230712890625087e-01 1.174346558398437446e+04 1.020751386108398435e+02 1.435895237060546833e+03 2.124167175292968612e-01 5.476327514648438033e-01 -3.140916137695312638e-01 2.462693481445312471e-01 -2.030548095703124944e-01 2.496305540998705652e+01 9.570430780240068103e+00 9.579148937761416960e+00 3.178900452902799323e+00 2.422504709258674449e+00 4.702534619182983988e+00 4.075518684406643111e+00 4.990544646830122666e+00 2.500663156420774413e+01 8.029220017384529839e+00 9.646561472989557018e+00 3.145147457278683945e+00 2.301917182582755128e+00 4.522931639588701813e+00 4.145393126579473453e+00 4.648114161090327379e+00 5.000000000000000000e+02 5.000000000000000000e+02 5.000000000000000000e+02 5.000000000000000000e+02 5.000000000000000000e+02 5.000000000000000000e+02 5.000000000000000000e+02 5.000000000000000000e+02 5.000000000000000000e+02 5.000000000000000000e+02 5.000000000000000000e+02 5.000000000000000000e+02 5.000000000000000000e+02 5.000000000000000000e+02 5.000000000000000000e+02 5.000000000000000000e+02
-9.078142756824986678e-10 1.174332573632812455e+04 8.675874216796875771e+03 1.434687795654296906e+03 1.438106384277343663e-01 7.099425048828125195e-01 2.775051879882812766e-01 4.925000000000000211e-02 -1.244011230468750062e-01 1.173930948437500047e+04 1.024632858276367244e+02 1.436597698974609330e+03 1.222778930664062541e-01 6.543566284179687109e-01 -1.104732055664062462e-01 -7.319171142578125011e-02 -1.007341308593750068e-01 2.324776119370317318e+01 9.051884172989549171e+00 9.405452240239307926e+00 3.193625412811991193e+00 2.667734322529477176e+00 4.404006957343781004e+00 4.115060338180854593e+00 4.879165437305778674e+00 2.451417239789711999e+01 7.965949906456441632e+00 9.641167741809002933e+00 3.158448914046725786e+00 2.204774251556039122e+00 4.205117578383601895e+00 3.976411793492745428e+00 4.706297156300954576e+00 5.000000000000000000e+02 5.000000000000000000e+02 5.000000000000000000e+02 5.000000000000000000e+02 5.000000000000000000e+02 5.000000000000000000e+02 5.000000000000000000e+02 5.000000000000000000e+02 5.000000000000000000e+02 5.000000000000000000e+02 5.000000000000000000e+02 5.000000000000000000e+02 5.000000000000000000e+02 5.000000000000000000e+02 5.000000000000000000e+02 5.000000000000000000e+02
-9.077896057757575064e-10 1.174082133203124977e+04 8.677587519531249200e+03 1.433759597900390645e+03 5.994989013671875311e-02 5.320065307617187766e-01 2.251995239257812420e-01 -1.128051757812500028e-01 -6.250085449218749367e-02 1.174269503515625001e+04 1.030573428649902326e+02 1.435096442382812484e+03 5.444979858398437539e-02 6.302595825195312917e-01 1.715103759765624902e-01 -1.718939208984374828e-02 -3.795544433593749933e-01 2.342582967557192219e+01 9.141679181603000970e+00 9.842620145862017722e+00 3.046216644648457983e+00 2.501593971115144477e+00 4.516344025580282029e+00 4.152516591956525893e+00 4.805858599579622137e+00 2.359140587985865167e+01 8.457200789097401028e+00 9.791932605901008557e+00 3.037055999004861562e+00 2.465822685060452102e+00 4.575612373971924107e+00 4.231134301972113043e+00 4.630535179975771243e+00 5.000000000000000000e+02 5.000000000000000000e+02 5.000000000000000000e+02 5.000000000000000000e+02 5.000000000000000000e+02 5.000000000000000000e+02 5.000000000000000000e+02 5.000000000000000000e+02 5.000000000000000000e+02 5.000000000000000000e+02 5.000000000000000000e+02 5.000000000000000000e+02 5.000000000000000000e+02 5.000000000000000000e+02 5.000000000000000000e+02 5.000000000000000000e+02
-9.077643287945129161e-10 1.174196802734374978e+04 8.676457746093750757e+03 1.433797632568359404e+03 9.102200317382812267e-02 5.970566406249999680e-01 -1.251861572265625111e-01 3.191052246093750017e-02 1.252258300781249924e-02 1.174208086132812423e+04 1.028042530822753946e+02 1.435919040771484333e+03 -3.338317871093750017e-04 4.086597900390624982e-01 1.418361206054687407e-01 2.739709472656250144e-02 2.582209472656250004e-01 2.399397774670785921e+01 9.427838495984916634e+00 9.665528684968995421e+00 3.049293941409039199e+00 2.574326164428564656e+00 4.344395410043559558e+00 3.890461954667044697e+00 4.658642007132685059e+00 2.470768027384476184e+01 8.194429803095252041e+00 9.812084922423284894e+00 3.133282176797424157e+00 2.453273097496972532e+00 4.309850329864772789e+00 4.187039817655770158e+00 4.528953125663679025e+00 5.000000000000000000e+02 5.000000000000000000e+02 5.000000000000000000e+02 5.000000000000000000e+02 5.000000000000000000e+02 5.000000000000000000e+02 5.000000000000000000e+02 5.000000000000000000e+02 5.000000000000000000e+02 5.000000000000000000e+02 5.000000000000000000e+02 5.000000000000000000e+02 5.000000000000000000e+02 5.000000000000000000e+02 5.000000000000000000e+02 5.000000000000000000e+02
-9.077393853706880262e-10 1.174247765234375038e+04 8.676123783203125640e+03 1.435491928955078038e+03 1.987781677246093781e-01 6.167896728515624982e-01 -8.234814453125000044e-02 2.255470581054687396e-01 -8.105468750000000000e-02 1.174040927539062432e+04 1.022089144287109406e+02 1.437301304687500078e+03 -2.966918945312499965e-03 4.988358764648437305e-01 2.558105468749999941e-03 -3.394113769531250102e-01 -1.284555664062499991e-01 2.404835464239292975e+01 9.459890148575684776e+00 9.618745572685313050e+00 3.154406104136358024e+00 2.420157352372108495e+00 4.505457437106132446e+00 3.970905363910639085e+00 4.560111529675233477e+00 2.425785163284848522e+01 8.273460616277565904e+00 9.749573783906646085e+00 3.080693253515161434e+00 2.615880063115992638e+00 4.512277403461260938e+00 3.878270485864256489e+00 4.899996528747627700e+00 5.000000000000000000e+02 5.000000000000000000e+02 5.000000000000000000e+02 5.000000000000000000e+02 5.000000000000000000e+02 5.000000000000000000e+02 5.000000000000000000e+02 5.000000000000000000e+02 5.000000000000000000e+02 5.000000000000000000e+02 5.000000000000000000e+02 5.000000000000000000e+02 5.000000000000000000e+02 5.000000000000000000e+02 5.000000000000000000e+02 5.000000000000000000e+02
-9.077142818393013369e-10 1.173938011132812426e+04 8.676758273437499156e+03 1.435980006591796837e+03 -2.803323364257812381e-02 5.357242431640625302e-01 1.267826538085937427e-01 -2.065599365234374873e-01 5.263366699218750139e-02 1.174336871093750051e+04 1.027696694793701226e+02 1.437328232177734435e+03 1.022167968750000051e-02 5.520670166015625435e-01 -1.158054199218749997e-01 2.000470581054687447e-01 -2.530668945312499751e-01 2.411153774366934144e+01 9.397721790093283900e+00 9.369672648434134388e+00 3.031880340528378959e+00 2.496371034402252498e+00 4.530838745055936201e+00 4.070266187528255308e+00 4.602505794656432059e+00 2.421400410803633463e+01 8.077063909140790088e+00 9.720139137782375371e+00 3.039384032198160668e+00 2.351229483768555006e+00 4.773552493985692813e+00 4.087933303918445560e+00 4.603400476533884955e+00 5.000000000000000000e+02 5.000000000000000000e+02 5.000000000000000000e+02 5.000000000000000000e+02 5.000000000000000000e+02 5.000000000000000000e+02 5.000000000000000000e+02 5.000000000000000000e+02 5.000000000000000000e+02 5.000000000000000000e+02 5.000000000000000000e+02 5.000000000000000000e+02 5.000000000000000000e+02 5.000000000000000000e+02 5.000000000000000000e+02 5.000000000000000000e+02
-9.076893984558119022e-10 1.174360432812500039e+04 8.675741154296874811e+03 1.435615852050781314e+03 1.836115112304687602e-01 4.883875732421875115e-01 -1.552794189453124973e-01 4.286699218750000262e-01 1.107232666015624950e-01 1.173945346874999996e+04 1.023886939392089914e+02 1.437340143066406199e+03 1.060778808593750011e-01 6.527764282226562464e-01 -8.427551269531249889e-03 2.339871215820312489e-01 2.397705078124999847e-02 2.465455894443518403e+01 9.309586271781292055e+00 9.599165888153878612e+00 3.209248454128020178e+00 2.532655360407478629e+00 4.606494982035512109e+00 3.967846417850590335e+00 4.432651255616782748e+00 2.460021527863130686e+01 7.958204220861995637e+00 9.604739351515592105e+00 3.040561736336801157e+00 2.332672680230551077e+00 4.330105707480167432e+00 4.111211078489279025e+00 4.760230070081417963e+00 5.000000000000000000e+02 5.000000000000000000e+02 5.000000000000000000e+02 5.000000000000000000e+02 5.000000000000000000e+02 5.000000000000000000e+02 5.000000000000000000e+02 5.000000000000000000e+02 5.000000000000000000e+02 5.000000000000000000e+02 5.000000000000000000e+02 5.000000000000000000e+02 5.000000000000000000e+02 5.000000000000000000e+02 5.000000000000000000e+02 5.000000000000000000e+02
-9.076643149378707092e-10 1.174006004492187458e+04 8.677436435546875146e+03 1.437078373535156288e+03 1.972330017089843623e-01 4.153062133789062749e-01 -3.947760009765625272e-02 6.837799072265625389e-02 -1.098236083984374944e-01 1.174374596289062538e+04 1.033156245574951129e+02 1.438567205566406301e+03 4.777587890624999771e-03 5.372738037109374698e-01 -6.971887207031249312e-02 -9.489385986328124911e-02 -5.485534667968750000e-02 2.427262813498940730e+01 8.864587017467076890e+00 9.567092363717417669e+00 3.064884763664286194e+00 2.525684185397758075e+00 4.350456643150346636e+00 4.319760054807392002e+00 4.364382133819611376e+00 2.359336156187410083e+01 8.072147824398355098e+00 9.611234938481359791e+00 3.111352801901014598e+00 2.462358539019477099e+00 4.463279354510096830e+00 4.088409839436299542e+00 4.926804506704603348e+00 5.000000000000000000e+02 5.000000000000000000e+02 5.000000000000000000e+02 5.000000000000000000e+02 5.000000000000000000e+02 5.000000000000000000e+02 5.000000000000000000e+02 5.000000000000000000e+02 5.000000000000000000e+02 5.000000000000000000e+02 5.000000000000000000e+02 5.000000000000000000e+02 5.000000000000000000e+02 5.000000000000000000e+02 5.000000000000000000e+02 5.000000000000000000e+02
-9.076394048697875206e-10 1.174149086523437472e+04 8.675883867187500073e+03 1.436740815185546808e+03 -9.472198486328124722e-03 5.446504516601562429e-01 -1.055747680664062549e-01 -1.556531982421875127e-01 3.086208496093750253e-01 1.174096546093749930e+04 1.025638611755371130e+02 1.438313934326171875e+03 2.530944213867187265e-01 5.525934448242187935e-01 4.208923339843750194e-02 1.985297851562499993e-01 2.408884277343749936e-01 2.396306415490110098e+01 9.308494130748410811e+00 9.634078673498722267e+00 3.102816919692169328e+00 2.488774456400011381e+00 4.526288607773602202e+00 4.327846030434113089e+00 4.734182293087048521e+00 2.438142280383555516e+01 8.403668990291068397e+00 9.812439153421488314e+00 3.041082046325109367e+00 2.316957303705633020e+00 4.476458170588761831e+00 4.020718781074726245e+00 4.772532450068692533e+00 5.000000000000000000e+02 5.000000000000000000e+02 5.000000000000000000e+02 5.000000000000000000e+02 5.000000000000000000e+02 5.000000000000000000e+02 5.000000000000000000e+02 5.000000000000000000e+02 5.000000000000000000e+02 5.000000000000000000e+02 5.000000000000000000e+02 5.000000000000000000e+02 5.000000000000000000e+02 5.000000000000000000e+02 5.000000000000000000e+02 5.000000000000000000e+02
-9.076146682515625431e-10 1.174252188476562515e+04 8.676634749999999258e+03 1.437652948974609444e+03 5.703903198242187694e-02 7.517998046874999618e-01 -3.588917846679687274e-01 2.038757324218749920e-03 5.616809082031250233e-02 1.174030591601562446e+04 1.026162856750488288e+02 1.439478640869140690e+03 6.355557250976562322e-02 5.474603271484375089e-01 1.608648681640624870e-02 1.028607177734374989e-01 -2.312438964843750028e-02 2.461462281623114379e+01 9.151316322309551055e+00 9.682059900242677486e+00 3.137263300612149752e+00 2.503548372371044550e+00 4.548831352741974143e+00 4.143203736605218346e+00 4.859807898447193075e+00 2.472605539936071395e+01 8.121609160113472115e+00 9.905340222349401813e+00 3.144726520438255957e+00 2.605419479760637813e+00 4.567686883741005843e+00 3.888372380827280317e+00 4.807682797039120715e+00 5.000000000000000000e+02 5.000000000000000000e+02 5.000000000000000000e+02 5.000000000000000000e+02 5.000000000000000000e+02 5.000000000000000000e+02 5.000000000000000000e+02 5.000000000000000000e+02 5.000000000000000000e+02 5.000000000000000000e+02 5.000000000000000000e+02 5.000000000000000000e+02 5.000000000000000000e+02 5.000000000000000000e+02 5.000000000000000000e+02 5.000000000000000000e+02
-9.075895780624727824e-10 1.173861067187499975e+04 8.675819027343750349e+03 1.437306063232421820e+03 9.832235717773438188e-02 4.486973876953124774e-01 -1.637659912109374893e-01 2.117642211914062544e-01 -5.327224121093749876e-01 1.174302768554687464e+04 1.019080491333007785e+02 1.438758066162109344e+03 -1.005584716796874972e-02 4.806900024414062500e-01 1.101055908203124947e-02 -4.477001953124999656e-02 3.291503906249999833e-03 2.420278963507366043e+01 9.498996776219236438e+00 9.663107776098723178e+00 3.042438812452894492e+00 2.473574871735707337e+00 4.704734892619054420e+00 4.271904220672736230e+00 4.745704600505074033e+00 2.416858258307027185e+01 8.038771464828231572e+00 9.950811354549689014e+00 3.089075476697419109e+00 2.415900811544867022e+00 4.592196631544139152e+00 3.880518120711136110e+00 4.766180624369260599e+00 5.000000000000000000e+02 5.000000000000000000e+02 5.000000000000000000e+02 5.000000000000000000e+02 5.000000000000000000e+02 5.000000000000000000e+02 5.000000000000000000e+02 5.000000000000000000e+02 5.000000000000000000e+02 5.000000000000000000e+02 5.000000000000000000e+02 5.000000000000000000e+02 5.000000000000000000e+02 5.000000000000000000e+02 5.000000000000000000e+02 5.000000000000000000e+02
-9.075643277658219460e-10 1.174251610156249990e+04 8.675149308593750902e+03 1.435494398193359302e+03 1.539001464843749991e-03 6.676528930664062944e-01 -4.717224121093750028e-02 -1.066101074218749924e-02 -1.126234130859374988e-01 1.173974648242187504e+04 1.016720613250732441e+02 1.437343166015625002e+03 2.034723205566406345e-01 5.514362792968749982e-01 -9.004968261718750144e-02 -1.180509643554687460e-01 1.852774658203124869e-01 2.400338325610583468e+01 9.729067160942424408e+00 9.813134863356552273e+00 3.153564053852258908e+00 2.483334142373067710e+00 4.386873500369936174e+00 4.151074792318683038e+00 4.782046006760888979e+00 2.402154031800718315e+01 8.363484005486560235e+00 9.918332545544265244e+00 3.073663539665820732e+00 2.245496546853306796e+00 4.518476385551593033e+00 3.952620493799780199e+00 4.548465193549258601e+00 5.000000000000000000e+02 5.000000000000000000e+02 5.000000000000000000e+02 5.000000000000000000e+02 5.000000000000000000e+02 5.000000000000000000e+02 5.000000000000000000e+02 5.000000000000000000e+02 5.000000000000000000e+02 5.000000000000000000e+02 5.000000000000000000e+02 5.000000000000000000e+02 5.000000000000000000e+02 5.000000000000000000e+02 5.000000000000000000e+02 5.000000000000000000e+02
-9.075394910803710377e-10 1.174216602343749946e+04 8.675116433593750116e+03 1.435877521484374938e+03 2.086556701660156332e-01 6.232006225585937642e-01 -1.308751220703124885e-01 3.464721679687499892e-03 -6.332275390625000284e-03 1.173990662499999962e+04 1.014028854827880792e+02 1.437497145751953212e+03 -5.071667480468750044e-02 5.576334228515624769e-01 1.378523559570312418e-01 2.163028564453124969e-01 -2.396320800781250038e-01 2.396362730507584970e+01 9.542465299764398168e+00 9.580405554705439641e+00 3.116903179150557257e+00 2.751056475275338808e+00 4.562614230678797789e+00 4.060945193486086957e+00 4.625644018258730839e+00 2.417770351296537967e+01 8.319095305594085943e+00 9.728577794793723754e+00 2.891550398367916941e+00 2.247139398939570931e+00 4.612149263893104312e+00 4.124926819070527273e+00 5.066656031632352786e+00 5.000000000000000000e+02 5.000000000000000000e+02 5.000000000000000000e+02 5.000000000000000000e+02 5.000000000000000000e+02 5.000000000000000000e+02 5.000000000000000000e+02 5.000000000000000000e+02 5.000000000000000000e+02 5.000000000000000000e+02 5.000000000000000000e+02 5.000000000000000000e+02 5.000000000000000000e+02 5.000000000000000000e+02 5.000000000000000000e+02 5.000000000000000000e+02
-9.075144542604683712e-10 1.173962400195312512e+04 8.675522300781249214e+03 1.434891027832031341e+03 -2.516122436523437339e-02 5.503936157226562154e-01 -2.443717651367187382e-01 -1.267357177734375062e-01 2.495104980468750011e-01 1.174311515234374929e+04 1.016511999969482360e+02 1.436484077880859331e+03 9.444418334960937023e-02 4.584371337890624787e-01 2.118579101562499956e-01 2.265905761718749883e-02 9.467041015625000250e-03 2.442850721602190589e+01 9.406827371061377008e+00 9.883437116705655612e+00 2.962035429164380673e+00 2.593298175606001177e+00 4.515252877376676466e+00 4.086036086880741713e+00 4.753681055018226687e+00 2.479576413598413609e+01 8.324017567435452847e+00 9.837581848192446188e+00 3.023454093011753496e+00 2.441453087355778262e+00 4.515242463481183854e+00 4.059978348673823234e+00 4.537347264647094036e+00 5.000000000000000000e+02 5.000000000000000000e+02 5.000000000000000000e+02 5.000000000000000000e+02 5.000000000000000000e+02 5.000000000000000000e+02 5.000000000000000000e+02 5.000000000000000000e+02 5.000000000000000000e+02 5.000000000000000000e+02 5.000000000000000000e+02 5.000000000000000000e+02 5.000000000000000000e+02 5.000000000000000000e+02 5.000000000000000000e+02 5.000000000000000000e+02
-9.074894441251594585e-10 1.174212833203125047e+04 8.675817951171875393e+03 1.436356838378906332e+03 8.574420166015625511e-02 2.349302368164062627e-01 1.979980468749999861e-02 -7.195544433593749345e-02 1.623376464843749936e-02 1.173922133203124940e+04 1.022917468261718739e+02 1.437743099609374894e+03 7.983154296874999528e-03 5.052168579101562473e-01 1.163677978515625065e-02 1.976774902343750029e-01 1.720538330078124900e-01 2.421232798277952369e+01 9.767071726005347898e+00 9.843173724962586135e+00 3.194901998295970547e+00 2.689739789715493323e+00 4.774631019012435473e+00 3.841732847611709190e+00 4.822422826783050454e+00 2.385894424078135856e+01 8.331792480180997273e+00 9.690109492497818167e+00 3.142850848440014389e+00 2.177143294399235707e+00 4.211348725753562228e+00 4.018633753785762153e+00 4.540784825986649231e+00 5.000000000000000000e+02 5.000000000000000000e+02 5.000000000000000000e+02 5.000000000000000000e+02 5.000000000000000000e+02 5.000000000000000000e+02 5.000000000000000000e+02 5.000000000000000000e+02 5.000000000000000000e+02 5.000000000000000000e+02 5.000000000000000000e+02 5.000000000000000000e+02 5.000000000000000000e+02 5.000000000000000000e+02 5.000000000000000000e+02 5.000000000000000000e+02
-9.074642538688440772e-10 1.173964463281250028e+04 8.675709316406249854e+03 1.435472820312500062e+03 -1.592233276367187658e-02 3.844730834960937704e-01 -1.702123413085937509e-01 -1.283082885742187484e-01 1.331317138671875011e-01 1.174218174414062560e+04 1.012415468444824285e+02 1.436947096435546882e+03 2.237445678710937580e-01 4.434061279296874769e-01 -1.019724731445312560e-01 2.279678955078124902e-01 -1.632677001953125040e-01 2.440226530919864345e+01 9.297007638624299020e+00 9.794018633904853388e+00 3.022733246016219955e+00 2.433066450816033566e+00 4.615897727309703491e+00 4.148987414705662680e+00 5.006454141096243760e+00 2.434473372414201719e+01 8.103947925160612797e+00 9.719625081592198512e+00 3.022129189131675275e+00 2.795319442067556448e+00 4.638631424691125105e+00 4.106032560835034317e+00 4.492570389205170933e+00 5.000000000000000000e+02 5.000000000000000000e+02 5.000000000000000000e+02 5.000000000000000000e+02 5.000000000000000000e+02 5.000000000000000000e+02 5.000000000000000000e+02 5.000000000000000000e+02 5.000000000000000000e+02 5.000000000000000000e+02 5.000000000000000000e+02 5.000000000000000000e+02 5.000000000000000000e+02 5.000000000000000000e+02 5.000000000000000000e+02 5.000000000000000000e+02
-9.074395305929158216e-10 1.174020172851562529e+04 8.675610298828125451e+03 1.435395008300781228e+03 3.266085815429687483e-02 3.208829345703124725e-01 -8.557202148437499656e-02 -7.443011474609374789e-02 1.106685791015624976e-01 1.174076001367187564e+04 1.026947305450439387e+02 1.436883343994140660e+03 1.424220581054687629e-01 5.548102416992187758e-01 3.856726074218749800e-02 -8.400048828124999367e-02 1.415115966796874902e-01 2.400700649320106450e+01 9.526084995854668946e+00 9.699727764822441145e+00 3.074771724922081173e+00 2.562130784153262120e+00 4.456506992883611851e+00 3.943674403669469530e+00 4.958380760892976191e+00 2.375690537834015359e+01 8.214122485323594347e+00 9.722105139823332465e+00 3.038643189360397567e+00 2.495572857209009232e+00 4.181275271697860951e+00 3.924133362909226541e+00 4.777523428385536342e+00 5.000000000000000000e+02 5.000000000000000000e+02 5.000000000000000000e+02 5.000000000000000000e+02 5.000000000000000000e+02 5.000000000000000000e+02 5.000000000000000000e+02 5.000000000000000000e+02 5.000000000000000000e+02 5.000000000000000000e+02 5.000000000000000000e+02 5.000000000000000000e+02 5.000000000000000000e+02 5.000000000000000000e+02 5.000000000000000000e+02 5.000000000000000000e+02
-9.074143470077486978e-10 1.174238591015625025e+04 8.675006699218749418e+03 1.435479634033203183e+03 6.873312377929687023e-02 4.049365844726562358e-01 7.613891601562499702e-03 1.687629394531250104e-01 -8.946655273437499611e-02 1.173936207421875042e+04 1.013187876892089889e+02 1.437033160400390670e+03 -6.210574340820312206e-02 4.714729614257812673e-01 1.958721923828125044e-01 1.964077148437499976e-01 1.381018066406249911e-01 2.387985943406266642e+01 9.090669551799203774e+00 9.862749234943397170e+00 3.056730387282458050e+00 2.401955632265031948e+00 4.385405534828501928e+00 4.018516817016356768e+00 4.665238731437659325e+00 2.445738078404264115e+01 7.856248282697812613e+00 9.855429573558414091e+00 3.051559484863513916e+00 2.468842183852197891e+00 4.741818204813050386e+00 4.104456624291490385e+00 4.476113720654494088e+00 5.000000000000000000e+02 5.000000000000000000e+02 5.000000000000000000e+02 5.000000000000000000e+02 5.000000000000000000e+02 5.000000000000000000e+02 5.000000000000000000e+02 5.000000000000000000e+02 5.000000000000000000e+02 5.000000000000000000e+02 5.000000000000000000e+02 5.000000000000000000e+02 5.000000000000000000e+02 5.000000000000000000e+02 5.000000000000000000e+02 5.000000000000000000e+02
-9.073893502147367138e-10 1.173863903515624952e+04 8.675801365234374316e+03 1.435569072021484317e+03 7.427777099609375600e-02 4.045302734374999765e-01 1.667922973632812444e-01 2.444482421875000117e-02 6.738940429687499678e-02 1.174269897070312436e+04 1.013730286254882742e+02 1.436826519042968812e+03 -3.548870849609375017e-02 5.845100708007812118e-01 1.881591186523437487e-01 -1.902947387695312631e-01 -6.154052734375000180e-03 2.427474141529492968e+01 9.349130745958603939e+00 9.354277935750239692e+00 3.140795501985208737e+00 2.738477336345976454e+00 4.332592737038719832e+00 4.158384303203798815e+00 4.401820082821036983e+00 2.451760855504911518e+01 8.029579771103277253e+00 9.500342831787403242e+00 3.080442085217485637e+00 2.342941200791217593e+00 4.611303168648598572e+00 4.138955045842422464e+00 4.792107865220405216e+00 5.000000000000000000e+02 5.000000000000000000e+02 5.000000000000000000e+02 5.000000000000000000e+02 5.000000000000000000e+02 5.000000000000000000e+02 5.000000000000000000e+02 5.000000000000000000e+02 5.000000000000000000e+02 5.000000000000000000e+02 5.000000000000000000e+02 5.000000000000000000e+02 5.000000000000000000e+02 5.000000000000000000e+02 5.000000000000000000e+02 5.000000000000000000e+02
-9.073644067909114103e-10 1.174158504687499953e+04 8.675263517578125175e+03 1.434440944580078167e+03 3.045526123046874908e-02 6.513638916015624947e-01 1.829503784179687398e-01 -3.100003051757812544e-01 9.760070800781249500e-02 1.173991622070312587e+04 1.020775265350341812e+02 1.436084884277343690e+03 1.184386596679687514e-01 5.044273681640625284e-01 -1.326324462890625042e-02 2.840081787109374756e-01 -1.958110351562500073e-01 2.409245955099075687e+01 9.426249894914267458e+00 9.625592294284157191e+00 3.266796288320506836e+00 2.445709622481478718e+00 4.599854200935308945e+00 4.183024555858658289e+00 4.751973038948744232e+00 2.450181453754299099e+01 7.703206758490626527e+00 9.649173328129373672e+00 3.194389343046191154e+00 2.543316581111163099e+00 4.499722087059875086e+00 4.234681824798071759e+00 4.747957539790044201e+00 5.000000000000000000e+02 5.000000000000000000e+02 5.000000000000000000e+02 5.000000000000000000e+02 5.000000000000000000e+02 5.000000000000000000e+02 5.000000000000000000e+02 5.000000000000000000e+02 5.000000000000000000e+02 5.000000000000000000e+02 5.000000000000000000e+02 5.000000000000000000e+02 5.000000000000000000e+02 5.000000000000000000e+02 5.000000000000000000e+02 5.000000000000000000e+02
-9.073394566959379528e-10 1.174109214843749942e+04 8.676044597656249607e+03 1.434353438720703025e+03 -8.057257080078125688e-02 5.108893432617187536e-01 8.758099365234374434e-02 -2.774638061523437282e-01 1.099445800781250066e-01 1.174220910351562452e+04 1.015113877258300761e+02 1.435763297607421919e+03 -2.250036621093750092e-02 5.236440429687500009e-01 -1.870830688476562420e-01 -9.151104736328125044e-02 -1.277445068359374936e-01 2.494701881621262984e+01 9.691806784371534533e+00 9.485016707489831944e+00 3.102466858838675012e+00 2.207353339665855785e+00 4.745518286538838559e+00 3.833242950206044330e+00 4.380988256876634068e+00 2.444662444450612071e+01 7.621375676194348969e+00 9.579439143053679828e+00 3.221875457759119321e+00 2.503844581481768916e+00 4.437804491349069735e+00 4.006618186251515112e+00 4.570704952016971134e+00 5.000000000000000000e+02 5.000000000000000000e+02 5.000000000000000000e+02 5.000000000000000000e+02 5.000000000000000000e+02 5.000000000000000000e+02 5.000000000000000000e+02 5.000000000000000000e+02 5.000000000000000000e+02 5.000000000000000000e+02 5.000000000000000000e+02 5.000000000000000000e+02 5.000000000000000000e+02 5.000000000000000000e+02 5.000000000000000000e+02 5.000000000000000000e+02
-9.073144398894805758e-10 1.174066476171875001e+04 8.675789109375000407e+03 1.434169197998046911e+03 6.331695556640624944e-02 3.867495727539062567e-01 -2.577700195312500053e-01 -1.783997192382812402e-01 -2.468453369140624909e-01 1.174222765234375038e+04 1.018709470367431607e+02 1.435467984863281345e+03 1.799166564941406254e-01 5.143594970703124769e-01 -2.564550170898437509e-01 -1.525132446289062527e-01 2.416788330078125102e-01 2.455673897223809732e+01 1.004577419417739037e+01 9.619161634623326407e+00 3.086498060598125814e+00 2.397836722069500937e+00 4.833359476580019631e+00 3.754799732503347975e+00 4.553539972445311612e+00 2.461439280686333220e+01 7.621216864790619994e+00 9.553254874790827245e+00 3.037963617244335168e+00 2.704581788129904130e+00 4.409177347799133173e+00 4.137554597182306892e+00 4.473513279178098934e+00 5.000000000000000000e+02 5.000000000000000000e+02 5.000000000000000000e+02 5.000000000000000000e+02 5.000000000000000000e+02 5.000000000000000000e+02 5.000000000000000000e+02 5.000000000000000000e+02 5.000000000000000000e+02 5.000000000000000000e+02 5.000000000000000000e+02 5.000000000000000000e+02 5.000000000000000000e+02 5.000000000000000000e+02 5.000000000000000000e+02 5.000000000000000000e+02
-9.072893497003910219e-10 1.174311348828124937e+04 8.675837253906249316e+03 1.434872873535156259e+03 1.700281677246093803e-01 3.573113403320312687e-01 8.155273437500000500e-02 -6.281964111328125488e-02 -3.922851562500000340e-03 1.174018911523437419e+04 1.021334775695800801e+02 1.436201429931640632e+03 7.193841552734374367e-02 5.021695556640625169e-01 -3.661806640624999942e-01 -2.357581176757812536e-01 1.531774902343749911e-01 2.485726931230898273e+01 9.621486604533441067e+00 9.574054723640838205e+00 3.223156868913505058e+00 2.501139156639600625e+00 4.484692627519135222e+00 4.132516572745241312e+00 4.598699715535739863e+00 2.385304018301728490e+01 7.986134930285042621e+00 9.537752213815634761e+00 3.044786055537579639e+00 2.746037414748137895e+00 4.433690738240581908e+00 4.086697816079828627e+00 4.825912322028746537e+00 5.000000000000000000e+02 5.000000000000000000e+02 5.000000000000000000e+02 5.000000000000000000e+02 5.000000000000000000e+02 5.000000000000000000e+02 5.000000000000000000e+02 5.000000000000000000e+02 5.000000000000000000e+02 5.000000000000000000e+02 5.000000000000000000e+02 5.000000000000000000e+02 5.000000000000000000e+02 5.000000000000000000e+02 5.000000000000000000e+02 5.000000000000000000e+02
-9.072644062765659253e-10 1.173844777148437424e+04 8.676267271484375669e+03 1.433655259765625033e+03 1.002770996093750068e-02 6.013496704101563006e-01 -1.095389404296874952e-01 -4.244384765625000382e-03 -1.242122802734375031e-01 1.174315831835937570e+04 1.016054531707763715e+02 1.434806812744140643e+03 -1.102822875976562471e-02 4.529072265624999871e-01 -2.095614624023437456e-01 2.636346435546875130e-02 3.181436767578125213e-01 2.423284093100987135e+01 9.334554671069046350e+00 9.486560930441957140e+00 3.133049276623475876e+00 2.547048228644942736e+00 4.470917210398233976e+00 4.132975201498330087e+00 4.832376752809230958e+00 2.381595820405357600e+01 8.045471820990298895e+00 9.780948004836467646e+00 3.109951045489240951e+00 2.529631534276289173e+00 4.392969322537599197e+00 3.980584659128763914e+00 4.680601367267449575e+00 5.000000000000000000e+02 5.000000000000000000e+02 5.000000000000000000e+02 5.000000000000000000e+02 5.000000000000000000e+02 5.000000000000000000e+02 5.000000000000000000e+02 5.000000000000000000e+02 5.000000000000000000e+02 5.000000000000000000e+02 5.000000000000000000e+02 5.000000000000000000e+02 5.000000000000000000e+02 5.000000000000000000e+02 5.000000000000000000e+02 5.000000000000000000e+02
-9.072393627855148978e-10 1.174355106250000063e+04 8.676186689453124927e+03 1.435922363525390665e+03 1.316557617187499862e-01 5.538693847656249725e-01 2.120527954101562584e-01 -2.740993041992187407e-01 3.336781005859374982e-01 1.173930430078125028e+04 1.029398937530517628e+02 1.437214764892578160e+03 1.701699829101562672e-02 6.628700561523437340e-01 1.477330932617187398e-01 -2.950366210937499858e-02 -2.045784912109374909e-01 2.551901047051742566e+01 9.076421482849815092e+00 9.570244974629927626e+00 3.134086117304924812e+00 2.563981593194659681e+00 4.308046124594877568e+00 4.089036397443799764e+00 4.650735906425117250e+00 2.454506315986649412e+01 8.123595077620578309e+00 9.840901547532412863e+00 3.106013940711788379e+00 2.403511484185430813e+00 4.689899795863475163e+00 3.843450030014329055e+00 4.709595019363629120e+00 5.000000000000000000e+02 5.000000000000000000e+02 5.000000000000000000e+02 5.000000000000000000e+02 5.000000000000000000e+02 5.000000000000000000e+02 5.000000000000000000e+02 5.000000000000000000e+02 5.000000000000000000e+02 5.000000000000000000e+02 5.000000000000000000e+02 5.000000000000000000e+02 5.000000000000000000e+02 5.000000000000000000e+02 5.000000000000000000e+02 5.000000000000000000e+02
-9.072148930132257015e-10 1.174040077343750090e+04 8.678051503906250218e+03 1.437799721191406206e+03 7.974414062500000122e-02 3.996026000976562464e-01 -9.279925537109375011e-02 -4.747924804687500382e-03 -5.104442138671875240e-01 1.174284201562499948e+04 1.030727959899902402e+02 1.439242267822265603e+03 -3.951113891601562567e-02 4.906770629882812318e-01 -4.090411376953124734e-01 2.530731201171874944e-02 -1.254670410156250027e-01 2.491360552768691505e+01 9.404034307264753423e+00 9.583295684654922653e+00 3.099449445634848921e+00 2.531919535853098147e+00 4.712453943675237511e+00 3.797321329802051615e+00 4.867183247852182149e+00 2.416089663135340970e+01 8.156590651131390146e+00 9.854998850933236909e+00 3.233722700020115859e+00 2.501275492731302119e+00 4.245337408944506841e+00 4.123502468180704206e+00 4.742813739981174948e+00 5.000000000000000000e+02 5.000000000000000000e+02 5.000000000000000000e+02 5.000000000000000000e+02 5.000000000000000000e+02 5.000000000000000000e+02 5.000000000000000000e+02 5.000000000000000000e+02 5.000000000000000000e+02 5.000000000000000000e+02 5.000000000000000000e+02 5.000000000000000000e+02 5.000000000000000000e+02 5.000000000000000000e+02 5.000000000000000000e+02 5.000000000000000000e+02
-9.071893024880068036e-10 1.174201867187499920e+04 8.676980787109374432e+03 1.436478059326171888e+03 4.089459228515625322e-02 4.680964355468750226e-01 -3.269115600585937309e-01 -4.911840820312499828e-02 9.870043945312499678e-02 1.174176915039062442e+04 1.028906040039062475e+02 1.437833120117187491e+03 1.430168762207031374e-01 4.780369262695312593e-01 -2.130023803710937580e-01 1.990853271484374909e-01 -1.396354980468750007e-01 2.427482845268566436e+01 9.217270652897679994e+00 9.725503267855849288e+00 3.002568097569227934e+00 2.745851601999376612e+00 4.468094332763390852e+00 4.161208412182615390e+00 4.726654900004054305e+00 2.499082970555563676e+01 7.883986999590181455e+00 9.675525920116799128e+00 3.111855161469884390e+00 2.425813782035253219e+00 4.686869296492269577e+00 3.876063011084031285e+00 4.965338185370997692e+00 5.000000000000000000e+02 5.000000000000000000e+02 5.000000000000000000e+02 5.000000000000000000e+02 5.000000000000000000e+02 5.000000000000000000e+02 5.000000000000000000e+02 5.000000000000000000e+02 5.000000000000000000e+02 5.000000000000000000e+02 5.000000000000000000e+02 5.000000000000000000e+02 5.000000000000000000e+02 5.000000000000000000e+02 5.000000000000000000e+02 5.000000000000000000e+02
-9.071644858160010815e-10 1.174056402148437519e+04 8.676900044921874724e+03 1.435104394287109471e+03 8.407269287109374323e-02 5.247501220703124636e-01 -1.529382324218750075e-02 -1.689362182617187569e-01 -3.358558349609375160e-01 1.174082451367187423e+04 1.024683101348877017e+02 1.436565559570312416e+03 1.230830993652343719e-01 4.962201538085937447e-01 -1.030281372070312451e-01 -1.180762939453124938e-01 -2.970346679687499991e-01 2.444710798253003858e+01 9.575447178484647992e+00 9.678326283117003825e+00 3.063846946908124647e+00 2.617449781983499424e+00 4.505255003002871739e+00 3.818630755313649594e+00 4.836385920835202690e+00 2.393662623995097860e+01 7.439034519452758509e+00 9.856638755110228800e+00 3.242417933493245474e+00 2.517585771344458045e+00 4.532129528611921643e+00 3.799275116441620970e+00 4.787670614420038717e+00 5.000000000000000000e+02 5.000000000000000000e+02 5.000000000000000000e+02 5.000000000000000000e+02 5.000000000000000000e+02 5.000000000000000000e+02 5.000000000000000000e+02 5.000000000000000000e+02 5.000000000000000000e+02 5.000000000000000000e+02 5.000000000000000000e+02 5.000000000000000000e+02 5.000000000000000000e+02 5.000000000000000000e+02 5.000000000000000000e+02 5.000000000000000000e+02
-9.071394756806919621e-10 1.174117355664062416e+04 8.676540359374999753e+03 1.434743904296874916e+03 9.740509033203124944e-02 7.875355224609374982e-01 1.500000610351562569e-01 -2.308186035156249982e-01 -3.468126220703124929e-01 1.174222133203124940e+04 1.026355142517089831e+02 1.436087073974609439e+03 5.455004882812500289e-02 4.473928222656249898e-01 -2.841109619140624876e-01 4.168359374999999756e-02 1.731090087890624907e-01 2.404358950573443110e+01 9.780136621863499968e+00 9.718855519215543026e+00 2.999286255371337528e+00 2.437478265524576138e+00 4.248053139192763616e+00 3.783091913608858992e+00 4.927831789141079000e+00 2.455803132132720634e+01 7.522340935148593033e+00 9.735388404535328277e+00 3.219017771010879159e+00 2.585975770696614884e+00 4.609811083663131193e+00 4.054038588705545898e+00 4.636483018666919698e+00 5.000000000000000000e+02 5.000000000000000000e+02 5.000000000000000000e+02 5.000000000000000000e+02 5.000000000000000000e+02 5.000000000000000000e+02 5.000000000000000000e+02 5.000000000000000000e+02 5.000000000000000000e+02 5.000000000000000000e+02 5.000000000000000000e+02 5.000000000000000000e+02 5.000000000000000000e+02 5.000000000000000000e+02 5.000000000000000000e+02 5.000000000000000000e+02
-9.071143187801184887e-10 1.174168960156250068e+04 8.675971052734374098e+03 1.434519030029296800e+03 -7.761669921875000155e-02 4.574739379882812318e-01 -3.238342285156250305e-02 8.194378662109375044e-02 -4.265515136718749795e-02 1.174007562304687417e+04 1.018142285003662124e+02 1.435787783203124945e+03 -1.755569458007812458e-02 6.240296630859375471e-01 1.117327880859375067e-01 9.216082763671874789e-02 -2.145318603515624922e-01 2.468535021143673092e+01 1.004658000819507180e+01 9.769398915512782722e+00 2.973166845493315336e+00 2.370904309385059250e+00 4.650923445861328887e+00 4.065084589621825728e+00 4.762075136691871435e+00 2.464605610165112282e+01 7.815134376360659552e+00 9.546091250748260038e+00 3.041545232863684500e+00 2.625371488726893521e+00 4.291779988470011631e+00 3.960805091705986491e+00 4.630302681421208710e+00 5.000000000000000000e+02 5.000000000000000000e+02 5.000000000000000000e+02 5.000000000000000000e+02 5.000000000000000000e+02 5.000000000000000000e+02 5.000000000000000000e+02 5.000000000000000000e+02 5.000000000000000000e+02 5.000000000000000000e+02 5.000000000000000000e+02 5.000000000000000000e+02 5.000000000000000000e+02 5.000000000000000000e+02 5.000000000000000000e+02 5.000000000000000000e+02
-9.070899290616097269e-10 1.173944734375000007e+04 8.676902699218750058e+03 1.435461618896484424e+03 1.991833496093750044e-01 6.049331665039062722e-01 -1.403051757812500029e-02 5.591418457031249734e-02 -9.571997070312500411e-02 1.174262437695312474e+04 1.028427143554687433e+02 1.436921139892578140e+03 1.552792358398437551e-02 3.967631225585937504e-01 -3.521663208007812518e-01 -2.516931152343750144e-02 -2.500122070312499889e-01 2.451719786165206116e+01 9.408605521344673761e+00 9.656152652366502664e+00 3.190075808338729946e+00 2.388435761716643402e+00 4.804142706768712578e+00 3.940368954693858061e+00 4.566588887555570686e+00 2.484930239166357424e+01 7.661268142650938806e+00 9.986319321989059361e+00 3.047844232094137684e+00 2.667197052449540529e+00 4.572260087020503683e+00 4.344317770340641260e+00 4.672571636309875487e+00 5.000000000000000000e+02 5.000000000000000000e+02 5.000000000000000000e+02 5.000000000000000000e+02 5.000000000000000000e+02 5.000000000000000000e+02 5.000000000000000000e+02 5.000000000000000000e+02 5.000000000000000000e+02 5.000000000000000000e+02 5.000000000000000000e+02 5.000000000000000000e+02 5.000000000000000000e+02 5.000000000000000000e+02 5.000000000000000000e+02 5.000000000000000000e+02
-9.070643718921328404e-10 1.174244737695312506e+04 8.676561935546875247e+03 1.433783536621093845e+03 2.733497924804687562e-01 5.897440185546874991e-01 -2.149002685546874958e-01 -3.434252929687500178e-01 -1.248552246093749957e-01 1.173927047851562565e+04 1.028756490173339841e+02 1.435240255126953116e+03 1.566275024414062467e-01 4.648705444335937687e-01 1.849356079101562578e-01 2.134360961914062438e-01 4.541778564453125000e-01 2.422868680200537739e+01 8.996774162949893849e+00 9.931537226616139691e+00 3.142681522897878832e+00 2.397948568233373212e+00 4.322390533431478943e+00 4.145687261916798150e+00 4.715848824174351250e+00 2.562781658754251168e+01 8.162280241600468500e+00 9.987514019647969477e+00 3.172256185241383086e+00 2.492111527221260836e+00 4.517337740837461979e+00 4.005218967063973956e+00 4.385616075518822043e+00 5.000000000000000000e+02 5.000000000000000000e+02 5.000000000000000000e+02 5.000000000000000000e+02 5.000000000000000000e+02 5.000000000000000000e+02 5.000000000000000000e+02 5.000000000000000000e+02 5.000000000000000000e+02 5.000000000000000000e+02 5.000000000000000000e+02 5.000000000000000000e+02 5.000000000000000000e+02 5.000000000000000000e+02 5.000000000000000000e+02 5.000000000000000000e+02
-9.070394818374950447e-10 1.173875034374999996e+04 8.676420339843749389e+03 1.435142372802734371e+03 1.009278259277343742e-01 5.475704345703125142e-01 1.144207153320312559e-01 -1.280800170898437618e-01 -1.274678955078125120e-01 1.174313386132812411e+04 1.020554897613525327e+02 1.436463052734374969e+03 7.697222900390625344e-02 5.919002685546874698e-01 1.053167724609374994e-01 5.008355712890624756e-02 1.566870117187500050e-02 2.401846173000727802e+01 9.325214674005813720e+00 9.823442985020484741e+00 3.120918048501281294e+00 2.492297139781345816e+00 4.727179689297715370e+00 4.321999882245326496e+00 4.722494128120043655e+00 2.453902357793205979e+01 8.139396241136230614e+00 1.005184083458980382e+01 3.087437722189825706e+00 2.347940988776803461e+00 4.376591961717871904e+00 4.293789058853537455e+00 4.568458988359193285e+00 5.000000000000000000e+02 5.000000000000000000e+02 5.000000000000000000e+02 5.000000000000000000e+02 5.000000000000000000e+02 5.000000000000000000e+02 5.000000000000000000e+02 5.000000000000000000e+02 5.000000000000000000e+02 5.000000000000000000e+02 5.000000000000000000e+02 5.000000000000000000e+02 5.000000000000000000e+02 5.000000000000000000e+02 5.000000000000000000e+02 5.000000000000000000e+02
-9.070143649638117369e-10 1.174315346679687536e+04 8.675375173828124389e+03 1.433965008544921830e+03 1.119448852539062580e-02 5.607932739257812660e-01 -6.637481689453124389e-02 1.820904541015624933e-02 4.879943847656249833e-02 1.173875983203124997e+04 1.023981387634277382e+02 1.435481670654296977e+03 1.210224914550781239e-01 4.575670166015625151e-01 2.631052856445312282e-01 -1.084283447265625006e-01 2.226667480468750016e-01 2.476807693085771334e+01 9.238595046116504506e+00 9.626731044149135386e+00 3.153886172699348567e+00 2.596899122289467066e+00 4.335375134546366915e+00 3.996213921842164840e+00 4.474344752038143191e+00 2.471989285007913040e+01 7.898769077299461649e+00 9.787661829744401132e+00 3.113568514180055757e+00 2.541694028781221082e+00 4.603011092341871446e+00 3.975602279033963349e+00 4.648560685432259199e+00 5.000000000000000000e+02 5.000000000000000000e+02 5.000000000000000000e+02 5.000000000000000000e+02 5.000000000000000000e+02 5.000000000000000000e+02 5.000000000000000000e+02 5.000000000000000000e+02 5.000000000000000000e+02 5.000000000000000000e+02 5.000000000000000000e+02 5.000000000000000000e+02 5.000000000000000000e+02 5.000000000000000000e+02 5.000000000000000000e+02 5.000000000000000000e+02
-9.069892947881672658e-10 1.173933561132812429e+04 8.676773425781249898e+03 1.434877480468750036e+03 1.035388183593750067e-01 7.126265869140625542e-01 -1.880477294921875098e-01 -2.294964599609375031e-02 -1.935400390625000022e-02 1.174248666601562581e+04 1.021679837799072317e+02 1.436147579101562542e+03 1.757944030761718623e-01 3.951201782226562709e-01 -3.878224487304687274e-01 1.549971923828125098e-01 -1.898220214843749920e-01 2.510085818465843843e+01 9.476584560175814076e+00 9.703994115566956680e+00 3.079800965018878234e+00 2.565256510827349512e+00 4.379923632928609756e+00 3.975794085336226580e+00 4.797912133933296630e+00 2.502149371066217398e+01 7.956734737370299015e+00 9.858234645569989851e+00 3.189552640778412496e+00 2.540137338745142692e+00 4.566607720075156251e+00 4.092968539929662697e+00 4.765294576337820054e+00 5.000000000000000000e+02 5.000000000000000000e+02 5.000000000000000000e+02 5.000000000000000000e+02 5.000000000000000000e+02 5.000000000000000000e+02 5.000000000000000000e+02 5.000000000000000000e+02 5.000000000000000000e+02 5.000000000000000000e+02 5.000000000000000000e+02 5.000000000000000000e+02 5.000000000000000000e+02 5.000000000000000000e+02 5.000000000000000000e+02 5.000000000000000000e+02
-9.069643980623809024e-10 1.174173210351562557e+04 8.675992351562499607e+03 1.435595001708984455e+03 1.319283447265625075e-01 5.134610595703125169e-01 -5.135925292968750340e-03 -1.827001953125000078e-02 5.645397949218750044e-02 1.174025542187499923e+04 1.024770940246582001e+02 1.436847194824218832e+03 5.793878173828125033e-02 5.024273071289062642e-01 -3.932257080078124800e-01 3.121386718750000094e-02 3.362558593750000213e-01 2.387902509917613614e+01 9.656195052192465766e+00 9.887361931558350747e+00 3.143069915857561458e+00 2.532449174233160960e+00 4.392210923242304332e+00 3.850332815640117978e+00 4.850589248349905347e+00 2.417484352091344491e+01 7.958722501280133699e+00 9.879065799976551432e+00 3.090780113342915136e+00 2.471047975272782971e+00 4.497664814746691775e+00 4.093323260366296346e+00 4.575532748893645696e+00 5.000000000000000000e+02 5.000000000000000000e+02 5.000000000000000000e+02 5.000000000000000000e+02 5.000000000000000000e+02 5.000000000000000000e+02 5.000000000000000000e+02 5.000000000000000000e+02 5.000000000000000000e+02 5.000000000000000000e+02 5.000000000000000000e+02 5.000000000000000000e+02 5.000000000000000000e+02 5.000000000000000000e+02 5.000000000000000000e+02 5.000000000000000000e+02
-9.069394412962589805e-10 1.174115372460937579e+04 8.676401005859375800e+03 1.436008226806640550e+03 3.062762451171874983e-02 4.784897460937500013e-01 -5.251559448242187900e-01 -2.886947021484375098e-01 -1.073104248046874987e-01 1.174152629492187589e+04 1.020485019378662059e+02 1.437231379882812462e+03 1.268109436035156357e-01 3.088469238281250084e-01 1.279095458984375044e-02 2.465888061523437425e-01 2.227796630859374960e-01 2.381014605601533418e+01 9.706328689103935758e+00 9.814746078420888864e+00 3.248062117711978392e+00 2.312662187504676226e+00 4.444693514261691014e+00 4.083795237458912375e+00 4.391391991792403360e+00 2.446654225966728546e+01 7.627233455000427043e+00 9.729316686989754714e+00 3.158640664235627948e+00 2.505307436473989124e+00 4.629478819635931330e+00 4.109408367614012292e+00 4.729727604913668060e+00 5.000000000000000000e+02 5.000000000000000000e+02 5.000000000000000000e+02 5.000000000000000000e+02 5.000000000000000000e+02 5.000000000000000000e+02 5.000000000000000000e+02 5.000000000000000000e+02 5.000000000000000000e+02 5.000000000000000000e+02 5.000000000000000000e+02 5.000000000000000000e+02 5.000000000000000000e+02 5.000000000000000000e+02 5.000000000000000000e+02 5.000000000000000000e+02
-9.069144445032468931e-10 1.174139290429687571e+04 8.675510249999999360e+03 1.435754345214843852e+03 5.724002075195312733e-02 5.820328979492187527e-01 -1.752232055664062482e-01 -1.864898681640625097e-02 -7.115454101562500300e-02 1.174139175781250015e+04 1.021802817077636689e+02 1.437120491699218746e+03 1.264557189941406257e-01 5.407594604492187429e-01 -3.874780273437500311e-02 1.563087768554687618e-01 1.883884277343750024e-01 2.447352119962801353e+01 9.477605574674841549e+00 9.844368935458353675e+00 3.107087858628437615e+00 2.609100005509006337e+00 4.753362518545142024e+00 4.208360087256080462e+00 4.863942997688009307e+00 2.413434578242220852e+01 7.500548973788458085e+00 1.018159606549426144e+01 3.250639518685741525e+00 2.311433121298099636e+00 4.479252397397024410e+00 3.977438936135175407e+00 4.794723214706457348e+00 5.000000000000000000e+02 5.000000000000000000e+02 5.000000000000000000e+02 5.000000000000000000e+02 5.000000000000000000e+02 5.000000000000000000e+02 5.000000000000000000e+02 5.000000000000000000e+02 5.000000000000000000e+02 5.000000000000000000e+02 5.000000000000000000e+02 5.000000000000000000e+02 5.000000000000000000e+02 5.000000000000000000e+02 5.000000000000000000e+02 5.000000000000000000e+02
-9.068895010794218999e-10 1.174131166015625058e+04 8.674962818359375888e+03 1.437296490966796910e+03 1.047945556640624970e-01 4.490395507812500187e-01 -4.502990722656250062e-03 2.746992187499999738e-01 -2.557653808593750022e-01 1.174078037695312560e+04 1.010495674591064414e+02 1.438407639648437453e+03 1.876942749023437496e-01 5.935766601562499911e-01 2.373198852539062376e-01 1.114213867187500012e-01 -2.768421630859375093e-01 2.348969923929538695e+01 9.350609666894460048e+00 1.006633595080853993e+01 3.246341736068441453e+00 2.350838234183115549e+00 4.427163899844735795e+00 3.831777750407134420e+00 4.677901394060923757e+00 2.438203460257733113e+01 7.606801152151937195e+00 9.824301289491559785e+00 3.277244197017019189e+00 2.301091414009937441e+00 4.503418593933260716e+00 3.879617798576171062e+00 4.875143555420532238e+00 5.000000000000000000e+02 5.000000000000000000e+02 5.000000000000000000e+02 5.000000000000000000e+02 5.000000000000000000e+02 5.000000000000000000e+02 5.000000000000000000e+02 5.000000000000000000e+02 5.000000000000000000e+02 5.000000000000000000e+02 5.000000000000000000e+02 5.000000000000000000e+02 5.000000000000000000e+02 5.000000000000000000e+02 5.000000000000000000e+02 5.000000000000000000e+02
-9.068643908768868496e-10 1.174094410937499924e+04 8.674844251953125422e+03 1.435475012695312444e+03 2.158608093261718819e-01 5.292330932617187456e-01 -2.454529418945312624e-01 -1.392657470703125011e-01 -2.330009765624999896e-01 1.174051537304687554e+04 1.013350082855224628e+02 1.436790981689453019e+03 5.850463867187499951e-03 3.749499511718750178e-01 -2.833892822265625042e-02 3.110953979492187549e-01 3.383005371093750213e-01 2.458671113793633367e+01 9.279577844170216139e+00 9.641688597247439318e+00 3.054742093726849905e+00 2.489220913106187982e+00 4.662461411300108161e+00 4.063731090010581859e+00 4.487876014254820412e+00 2.360892921204493433e+01 7.698034745108583543e+00 9.720798323745318825e+00 3.164435170828951094e+00 2.575644606474078113e+00 4.453673298149985804e+00 4.141797060420226551e+00 4.856042218723110260e+00 5.000000000000000000e+02 5.000000000000000000e+02 5.000000000000000000e+02 5.000000000000000000e+02 5.000000000000000000e+02 5.000000000000000000e+02 5.000000000000000000e+02 5.000000000000000000e+02 5.000000000000000000e+02 5.000000000000000000e+02 5.000000000000000000e+02 5.000000000000000000e+02 5.000000000000000000e+02 5.000000000000000000e+02 5.000000000000000000e+02 5.000000000000000000e+02
-9.068394941511005897e-10 1.174085794726562563e+04 8.675939576171875160e+03 1.435802501953125102e+03 1.754559326171875044e-01 4.094303588867187482e-01 1.442863159179687549e-01 -2.400543212890625042e-02 2.771660156249999840e-01 1.174076746484374962e+04 1.016700939483642543e+02 1.437086730224609482e+03 5.199447631835937833e-02 6.000037231445312091e-01 -2.370082397460937518e-01 1.709001464843749873e-01 -3.223763427734375187e-01 2.377872874482854115e+01 9.413071418739090035e+00 9.776439685661920009e+00 3.001107302820242850e+00 2.549082768655673625e+00 4.539322401306455035e+00 4.086821226346029512e+00 4.606822351555520889e+00 2.411632963988332534e+01 7.644869371340162090e+00 9.913237403983385931e+00 3.046412341422277681e+00 2.443190244408125711e+00 4.338934831514414725e+00 3.954001415147140541e+00 4.870554825700628143e+00 5.000000000000000000e+02 5.000000000000000000e+02 5.000000000000000000e+02 5.000000000000000000e+02 5.000000000000000000e+02 5.000000000000000000e+02 5.000000000000000000e+02 5.000000000000000000e+02 5.000000000000000000e+02 5.000000000000000000e+02 5.000000000000000000e+02 5.000000000000000000e+02 5.000000000000000000e+02 5.000000000000000000e+02 5.000000000000000000e+02 5.000000000000000000e+02
-9.068142838813399187e-10 1.174184116796875060e+04 8.675506003906250044e+03 1.434963693603515594e+03 6.393356323242187222e-02 5.005499877929687758e-01 -5.149151611328124656e-02 1.343526611328124953e-01 4.168664550781249756e-01 1.174138906250000036e+04 1.019215184783935513e+02 1.436279720214843792e+03 -1.007202148437500062e-02 4.407571411132812367e-01 1.709611206054687527e-01 2.230025634765624987e-01 1.721011962890625080e-01 2.408826345894246046e+01 9.578487362457380527e+00 9.803202358864130161e+00 3.182127648354330152e+00 2.541737596706268310e+00 4.732664293781025933e+00 4.124310294071399596e+00 4.815663967299972370e+00 2.429011371003283060e+01 7.931111244087499124e+00 9.776983431625426491e+00 3.039449898868951561e+00 2.555951441423441217e+00 4.399092659054730348e+00 4.061225663282431952e+00 4.900499625824505934e+00 5.000000000000000000e+02 5.000000000000000000e+02 5.000000000000000000e+02 5.000000000000000000e+02 5.000000000000000000e+02 5.000000000000000000e+02 5.000000000000000000e+02 5.000000000000000000e+02 5.000000000000000000e+02 5.000000000000000000e+02 5.000000000000000000e+02 5.000000000000000000e+02 5.000000000000000000e+02 5.000000000000000000e+02 5.000000000000000000e+02 5.000000000000000000e+02
-9.067892470614374590e-10 1.174053427734374964e+04 8.675358705078124331e+03 1.435039782226562465e+03 1.094498596191406242e-01 5.553640136718750453e-01 1.264994506835937504e-01 -6.477441406249999367e-02 3.696582031250000150e-02 1.174141138671874978e+04 1.011347428436279330e+02 1.436200566894531221e+03 1.192781982421874942e-01 5.740863647460937580e-01 6.118927001953124861e-02 -4.819749755859374929e-01 -1.970114746093749869e-01 2.353160352768101049e+01 9.335392558921554951e+00 9.529544830818899470e+00 3.281651291095040168e+00 2.576692938596224725e+00 4.666361133326445199e+00 4.165477641033176859e+00 4.576323023670081369e+00 2.404119447657983955e+01 7.985899874669567744e+00 9.611087838829591945e+00 3.121350471947716532e+00 2.302468742830061199e+00 4.596819999347175667e+00 3.956943712434244809e+00 4.611915309757493198e+00 5.000000000000000000e+02 5.000000000000000000e+02 5.000000000000000000e+02 5.000000000000000000e+02 5.000000000000000000e+02 5.000000000000000000e+02 5.000000000000000000e+02 5.000000000000000000e+02 5.000000000000000000e+02 5.000000000000000000e+02 5.000000000000000000e+02 5.000000000000000000e+02 5.000000000000000000e+02 5.000000000000000000e+02 5.000000000000000000e+02 5.000000000000000000e+02
-9.067645037720641207e-10 1.174010903710937419e+04 8.674815291015624098e+03 1.434044139160156192e+03 1.055776977539062550e-01 5.878928833007812660e-01 -2.356228637695312600e-01 3.454310302734375226e-01 -2.314455566406249942e-01 1.174072736523437561e+04 1.012067101135253893e+02 1.435471379394531141e+03 -5.322232055664062600e-02 4.292830810546874876e-01 -1.437648925781249976e-01 -1.106439208984374978e-01 -2.250670166015625029e-01 2.437923949303086246e+01 9.542428515455394944e+00 9.982308744092332375e+00 3.058184667979080285e+00 2.542075790222764198e+00 4.564965781423718560e+00 4.187828309840360141e+00 4.853123599093365215e+00 2.473813285519907978e+01 8.023296722058450570e+00 9.994912011992553857e+00 2.998842615615846530e+00 2.371865668561263352e+00 4.610664280841044516e+00 4.017519896182609074e+00 4.926524716871936604e+00 5.000000000000000000e+02 5.000000000000000000e+02 5.000000000000000000e+02 5.000000000000000000e+02 5.000000000000000000e+02 5.000000000000000000e+02 5.000000000000000000e+02 5.000000000000000000e+02 5.000000000000000000e+02 5.000000000000000000e+02 5.000000000000000000e+02 5.000000000000000000e+02 5.000000000000000000e+02 5.000000000000000000e+02 5.000000000000000000e+02 5.000000000000000000e+02
-9.067393135157485325e-10 1.174079289062499993e+04 8.674706388671875175e+03 1.434668944580078232e+03 8.433294677734375078e-02 4.016224365234374871e-01 -1.041118164062500018e-01 1.306854248046875056e-01 4.741008300781249796e-01 1.174123540039062573e+04 1.007400652160644512e+02 1.435947001220703214e+03 7.582772827148437367e-02 5.658298339843750302e-01 -3.327274780273437593e-01 7.562615966796874811e-02 -4.785668945312499672e-02 2.382889453766662058e+01 9.658288919586036414e+00 9.713052703620432382e+00 3.163381737953243178e+00 2.595312091749330641e+00 4.743801036582308228e+00 4.172461448424637176e+00 4.728049198323411417e+00 2.384224812859476472e+01 8.445830329949568949e+00 9.799140044902287627e+00 3.173535542884806659e+00 2.635823758121247362e+00 4.496841835797376952e+00 4.140451978587663895e+00 4.806781621529363058e+00 5.000000000000000000e+02 5.000000000000000000e+02 5.000000000000000000e+02 5.000000000000000000e+02 5.000000000000000000e+02 5.000000000000000000e+02 5.000000000000000000e+02 5.000000000000000000e+02 5.000000000000000000e+02 5.000000000000000000e+02 5.000000000000000000e+02 5.000000000000000000e+02 5.000000000000000000e+02 5.000000000000000000e+02 5.000000000000000000e+02 5.000000000000000000e+02
-9.067142766958460728e-10 1.174070401953124929e+04 8.674972738281250713e+03 1.434579107177734386e+03 1.201834716796875008e-01 5.719826660156249742e-01 2.349481201171875130e-02 -1.735223388671874867e-02 5.298828125000000153e-03 1.174152428906249952e+04 1.014884123687744193e+02 1.435680077148437476e+03 9.186712646484375411e-02 5.060554809570312340e-01 -1.791467285156250061e-02 5.090658569335937411e-01 1.537020263671874942e-01 2.384126559645945420e+01 9.452150548472136649e+00 9.789236289123312673e+00 3.151119165382440634e+00 2.674344796051804973e+00 4.448350465598501557e+00 4.181490548079999314e+00 4.564609275979813141e+00 2.434481837909459756e+01 8.627781197542949698e+00 9.787192230168605178e+00 3.071728194448684945e+00 2.302160581811845574e+00 4.236723171974647428e+00 3.864838556462612207e+00 4.985558241210313213e+00 5.000000000000000000e+02 5.000000000000000000e+02 5.000000000000000000e+02 5.000000000000000000e+02 5.000000000000000000e+02 5.000000000000000000e+02 5.000000000000000000e+02 5.000000000000000000e+02 5.000000000000000000e+02 5.000000000000000000e+02 5.000000000000000000e+02 5.000000000000000000e+02 5.000000000000000000e+02 5.000000000000000000e+02 5.000000000000000000e+02 5.000000000000000000e+02
-9.066893866412080703e-10 1.174102263671874971e+04 8.674941015624999636e+03 1.435388949707031315e+03 1.492829589843749916e-01 5.051836547851562553e-01 5.825823974609375261e-02 1.721140136718750102e-01 2.146329345703124891e-01 1.174065379296874926e+04 1.011761877593994114e+02 1.436564540283203087e+03 8.111608886718750522e-02 3.913167724609374898e-01 1.123527832031250007e-01 -1.945197143554687480e-01 1.647894287109374911e-01 2.352407865432041234e+01 9.328570772136362876e+00 9.726258033534014302e+00 3.120083174642704016e+00 2.436327205134126928e+00 4.288953451241455106e+00 4.182406457344995943e+00 4.466480318215597656e+00 2.445924927524299974e+01 7.969419065240550104e+00 9.781844736784034211e+00 3.078959203205934081e+00 2.415930868949916821e+00 4.375498398597060579e+00 4.054734887178965685e+00 4.698934415051416735e+00 5.000000000000000000e+02 5.000000000000000000e+02 5.000000000000000000e+02 5.000000000000000000e+02 5.000000000000000000e+02 5.000000000000000000e+02 5.000000000000000000e+02 5.000000000000000000e+02 5.000000000000000000e+02 5.000000000000000000e+02 5.000000000000000000e+02 5.000000000000000000e+02 5.000000000000000000e+02 5.000000000000000000e+02 5.000000000000000000e+02 5.000000000000000000e+02
-9.066641830425957603e-10 1.174067505273437564e+04 8.675586445312499563e+03 1.436003360107421940e+03 9.974963378906250011e-02 4.994008178710937496e-01 6.103387451171875255e-02 -1.551777343749999871e-01 -7.730053710937499767e-02 1.174188332226562488e+04 1.017174243469238348e+02 1.437085726074218655e+03 1.866723632812499964e-02 5.639539794921875071e-01 -2.180847167968750101e-03 -3.269732666015624789e-02 2.690219726562499969e-01 2.366366431573306883e+01 8.940773127193111236e+00 9.602834729889918819e+00 3.075709642100243890e+00 2.498719464198563500e+00 4.463854828503036387e+00 4.013190420738981246e+00 4.537078409445595817e+00 2.388499904668333684e+01 8.064784692246565356e+00 9.897148415779117414e+00 3.093408256221543251e+00 2.358879917979336049e+00 4.579045928301106905e+00 3.966901791549247491e+00 4.686003225727396249e+00 5.000000000000000000e+02 5.000000000000000000e+02 5.000000000000000000e+02 5.000000000000000000e+02 5.000000000000000000e+02 5.000000000000000000e+02 5.000000000000000000e+02 5.000000000000000000e+02 5.000000000000000000e+02 5.000000000000000000e+02 5.000000000000000000e+02 5.000000000000000000e+02 5.000000000000000000e+02 5.000000000000000000e+02 5.000000000000000000e+02 5.000000000000000000e+02
-9.066394330820741645e-10 1.174180978710937416e+04 8.676369818359375131e+03 1.435860910644531259e+03 1.149721069335937484e-01 2.427792358398437600e-01 3.252191772460937269e-01 -3.736142578125000169e-01 -1.124224853515625039e-01 1.174010037695312531e+04 1.024533022613525333e+02 1.437044654052734359e+03 1.077113037109374977e-01 5.642764892578124858e-01 2.855770874023437766e-01 -2.879221801757812504e-01 -2.048648681640624913e-01 2.389303739635529311e+01 9.168783633781586673e+00 9.688844070691214228e+00 3.118081599455593711e+00 2.643136546944047982e+00 4.644376842250794724e+00 4.103235594317973245e+00 5.012717736377831912e+00 2.357509123508853577e+01 7.749918969885003506e+00 9.816314148658955574e+00 2.864940025933562673e+00 2.400393832358820756e+00 4.559963309832553158e+00 4.102405738485733089e+00 4.980329728168375603e+00 5.000000000000000000e+02 5.000000000000000000e+02 5.000000000000000000e+02 5.000000000000000000e+02 5.000000000000000000e+02 5.000000000000000000e+02 5.000000000000000000e+02 5.000000000000000000e+02 5.000000000000000000e+02 5.000000000000000000e+02 5.000000000000000000e+02 5.000000000000000000e+02 5.000000000000000000e+02 5.000000000000000000e+02 5.000000000000000000e+02 5.000000000000000000e+02
-9.066146364235135251e-10 1.173939804882812496e+04 8.675480976562499563e+03 1.435651117187499949e+03 -7.722787475585937700e-02 4.806112670898437522e-01 3.496105957031250128e-02 2.259442138671875072e-02 2.490648193359374929e-01 1.174159374609374936e+04 1.015930774688720675e+02 1.436684967529296955e+03 2.244163513183593806e-01 6.125989379882812447e-01 1.714495239257812498e-01 -2.398120117187499956e-01 -3.498540039062499885e-01 2.385449427766419461e+01 9.218668385165736723e+00 9.685463796846381257e+00 3.114973769284991256e+00 2.586672923356475362e+00 4.403718195739249275e+00 4.354446258494563793e+00 4.631708402316440321e+00 2.394427341001582832e+01 7.604088880598490086e+00 9.982722807019809963e+00 3.163935063114306612e+00 2.588522354582753149e+00 4.521266189664111756e+00 3.835996215219736882e+00 5.088977067868301063e+00 5.000000000000000000e+02 5.000000000000000000e+02 5.000000000000000000e+02 5.000000000000000000e+02 5.000000000000000000e+02 5.000000000000000000e+02 5.000000000000000000e+02 5.000000000000000000e+02 5.000000000000000000e+02 5.000000000000000000e+02 5.000000000000000000e+02 5.000000000000000000e+02 5.000000000000000000e+02 5.000000000000000000e+02 5.000000000000000000e+02 5.000000000000000000e+02
-9.065894128114561324e-10 1.174254333203124952e+04 8.676486365234375626e+03 1.434562837402343803e+03 1.413506774902343888e-01 3.718536987304687513e-01 4.904132080078125316e-02 1.431834106445312449e-01 -5.155725097656250339e-02 1.173891729492187551e+04 1.028736532440185556e+02 1.435620464355468812e+03 -6.088317871093749944e-02 5.075394897460937527e-01 -1.513037109375000022e-01 5.721154785156250255e-02 1.471999511718750098e-01 2.335603250774592254e+01 9.963023448702269746e+00 9.838834313928330744e+00 3.229966936289934143e+00 2.458911506270867076e+00 4.599125006431539653e+00 3.903088358232744248e+00 4.479091661051733730e+00 2.495984956751593842e+01 8.091807852177698379e+00 9.860761048725585454e+00 3.186060647591027362e+00 2.421079930827946480e+00 4.760126618657230857e+00 4.095629273976557627e+00 4.741220750536451867e+00 5.000000000000000000e+02 5.000000000000000000e+02 5.000000000000000000e+02 5.000000000000000000e+02 5.000000000000000000e+02 5.000000000000000000e+02 5.000000000000000000e+02 5.000000000000000000e+02 5.000000000000000000e+02 5.000000000000000000e+02 5.000000000000000000e+02 5.000000000000000000e+02 5.000000000000000000e+02 5.000000000000000000e+02 5.000000000000000000e+02 5.000000000000000000e+02
-9.065643359646633003e-10 1.173948135937500047e+04 8.676870183593749971e+03 1.434192215820312413e+03 1.438721313476562513e-01 4.747333374023437469e-01 6.000866699218750100e-02 2.873632812499999842e-02 4.225435791015624831e-01 1.174279855273437533e+04 1.029267754821777316e+02 1.435362998291015629e+03 -4.569415283203125122e-02 4.972463989257812633e-01 6.492799682617187429e-01 1.049121093750000032e-02 -1.062104492187500027e-01 2.416613815341434091e+01 9.613560737815991075e+00 9.878001578045211062e+00 3.061416608431597020e+00 2.379150828320105049e+00 4.540398574801548293e+00 4.005612455542800099e+00 4.868809564918348265e+00 2.550335714401148479e+01 7.465100667537098111e+00 1.005042877963139247e+01 3.073862774393196329e+00 2.435806349557257722e+00 4.517686312207005450e+00 3.860267310969781374e+00 4.621453141782858154e+00 5.000000000000000000e+02 5.000000000000000000e+02 5.000000000000000000e+02 5.000000000000000000e+02 5.000000000000000000e+02 5.000000000000000000e+02 5.000000000000000000e+02 5.000000000000000000e+02 5.000000000000000000e+02 5.000000000000000000e+02 5.000000000000000000e+02 5.000000000000000000e+02 5.000000000000000000e+02 5.000000000000000000e+02 5.000000000000000000e+02 5.000000000000000000e+02
-9.065393992119865646e-10 1.174253798242187440e+04 8.676799669921874738e+03 1.436481060791015580e+03 1.909611206054687427e-01 5.196734619140624956e-01 7.483331298828124756e-02 1.715328979492187489e-01 -3.781005859375000111e-02 1.173941742968750077e+04 1.030259960021972603e+02 1.437672476318359486e+03 9.293914794921874500e-02 6.615805053710936967e-01 -8.871386718750000344e-02 9.289764404296875500e-02 -2.010864257812499875e-03 2.477446399857150539e+01 9.691054464378076716e+00 9.572717897920952623e+00 3.097182213212643642e+00 2.635981274110247519e+00 4.522134343276973389e+00 4.107188310664298569e+00 4.847000938822291438e+00 2.499352836736308703e+01 8.109857930247530433e+00 9.608321023174609010e+00 3.167955030596210975e+00 2.414083768121519480e+00 4.434450955848432407e+00 3.915382389747912750e+00 4.844644788230355381e+00 5.000000000000000000e+02 5.000000000000000000e+02 5.000000000000000000e+02 5.000000000000000000e+02 5.000000000000000000e+02 5.000000000000000000e+02 5.000000000000000000e+02 5.000000000000000000e+02 5.000000000000000000e+02 5.000000000000000000e+02 5.000000000000000000e+02 5.000000000000000000e+02 5.000000000000000000e+02 5.000000000000000000e+02 5.000000000000000000e+02 5.000000000000000000e+02
-9.065143824055291876e-10 1.173934167773437548e+04 8.676796404296874243e+03 1.436393756591796773e+03 2.170111694335937480e-01 6.645857543945312695e-01 4.811401367187499896e-03 7.162188720703124845e-02 -1.812659912109375049e-01 1.174363196484374930e+04 1.027580081329345774e+02 1.437503082519531290e+03 2.709049987792968572e-01 5.649064331054687305e-01 4.116741943359374795e-02 3.138592529296874850e-02 2.818431396484374907e-01 2.457840109726667777e+01 9.588832357089289715e+00 9.650629668951317797e+00 3.117902727540335928e+00 2.382119180922094515e+00 4.413101821361427923e+00 3.922716251063449899e+00 4.815806375606658918e+00 2.430831134883462852e+01 8.194044605082671850e+00 9.659310184679435807e+00 3.067892144003809385e+00 2.361815177845528080e+00 4.669590434924778322e+00 3.930384920842646679e+00 4.731272752935183235e+00 5.000000000000000000e+02 5.000000000000000000e+02 5.000000000000000000e+02 5.000000000000000000e+02 5.000000000000000000e+02 5.000000000000000000e+02 5.000000000000000000e+02 5.000000000000000000e+02 5.000000000000000000e+02 5.000000000000000000e+02 5.000000000000000000e+02 5.000000000000000000e+02 5.000000000000000000e+02 5.000000000000000000e+02 5.000000000000000000e+02 5.000000000000000000e+02
-9.064893522567749854e-10 1.174312739648437491e+04 8.676862498046875771e+03 1.436844380615234286e+03 3.552719116210937417e-02 6.251799926757812820e-01 2.878405761718750080e-02 -3.316375732421875111e-02 9.438476562500000252e-04 1.174025457031249971e+04 1.034277018890380901e+02 1.438049969726562495e+03 1.598722229003906314e-01 4.171396484375000102e-01 8.076745605468750588e-02 5.986389160156250187e-03 -2.525451660156249889e-01 2.389517677184039357e+01 9.071247438427848309e+00 9.591928585044152911e+00 3.144881951375097628e+00 2.550352368194868546e+00 4.593821483326091304e+00 4.092138946155886359e+00 4.937528639617044135e+00 2.350878039683172460e+01 7.947075449073076392e+00 9.649031270352248058e+00 3.136927891540585378e+00 2.402050226129787358e+00 4.385217563271512908e+00 3.932988166793138340e+00 4.604911651649650217e+00 5.000000000000000000e+02 5.000000000000000000e+02 5.000000000000000000e+02 5.000000000000000000e+02 5.000000000000000000e+02 5.000000000000000000e+02 5.000000000000000000e+02 5.000000000000000000e+02 5.000000000000000000e+02 5.000000000000000000e+02 5.000000000000000000e+02 5.000000000000000000e+02 5.000000000000000000e+02 5.000000000000000000e+02 5.000000000000000000e+02 5.000000000000000000e+02
-9.064643154368726291e-10 1.174133297070312437e+04 8.677555740234374753e+03 1.435200956787109362e+03 8.986083984374999833e-02 5.345291137695312722e-01 -8.383044433593750400e-02 4.808819580078124711e-02 -9.389160156249999611e-03 1.174137710742187483e+04 1.031388979187011756e+02 1.436194183349609375e+03 7.439447021484374423e-02 4.991143188476562242e-01 1.971043701171875107e-01 -6.077764892578124689e-02 -7.057812500000000544e-02 2.431286438022276997e+01 9.327004769127611894e+00 9.810912147504826208e+00 3.118135458071827681e+00 2.659962748913294650e+00 4.619007631834828764e+00 3.829396867520741932e+00 4.801327022176002046e+00 2.398937037967963093e+01 7.830629076559239010e+00 9.979014116891161024e+00 3.134892499902486307e+00 2.503944047539451212e+00 4.348551372946326765e+00 4.138046520686821772e+00 4.574118854835995229e+00 5.000000000000000000e+02 5.000000000000000000e+02 5.000000000000000000e+02 5.000000000000000000e+02 5.000000000000000000e+02 5.000000000000000000e+02 5.000000000000000000e+02 5.000000000000000000e+02 5.000000000000000000e+02 5.000000000000000000e+02 5.000000000000000000e+02 5.000000000000000000e+02 5.000000000000000000e+02 5.000000000000000000e+02 5.000000000000000000e+02 5.000000000000000000e+02
-9.064395454629055368e-10 1.174055178320312552e+04 8.676695765624999694e+03 1.434904305175781246e+03 2.188170166015624973e-01 5.525997314453124920e-01 -7.707409667968749545e-02 -3.901497192382812340e-01 3.936865234374999911e-01 1.174210238085937453e+04 1.026522244415283183e+02 1.435771632812500002e+03 -3.207769775390625216e-02 3.333826293945312269e-01 -2.185132446289062558e-01 -8.044433593750000369e-05 2.444354248046874956e-01 2.482583236169658747e+01 9.474336751542150381e+00 9.862965556437531589e+00 3.238695497178588845e+00 2.395997188396498334e+00 4.505868260821905835e+00 3.964946317968764067e+00 4.901282701440371703e+00 2.388870808706449722e+01 7.498999441102459862e+00 9.938659093248595866e+00 3.057322021548729563e+00 2.492019482777591222e+00 4.653845999698907221e+00 4.024051608555522463e+00 4.797049209163863459e+00 5.000000000000000000e+02 5.000000000000000000e+02 5.000000000000000000e+02 5.000000000000000000e+02 5.000000000000000000e+02 5.000000000000000000e+02 5.000000000000000000e+02 5.000000000000000000e+02 5.000000000000000000e+02 5.000000000000000000e+02 5.000000000000000000e+02 5.000000000000000000e+02 5.000000000000000000e+02 5.000000000000000000e+02 5.000000000000000000e+02 5.000000000000000000e+02
-9.064150423348742257e-10 1.174287176953124981e+04 8.676582279296875640e+03 1.431796440185546771e+03 2.185274353027343852e-01 3.844664916992187598e-01 -1.416249389648437385e-01 3.961550292968750164e-01 -3.933664550781250102e-01 1.174071529101562555e+04 1.025428001251220707e+02 1.433064238037109362e+03 3.163327026367187406e-02 3.804362182617187504e-01 -3.404473876953124922e-02 -1.266082763671874944e-01 1.446337890624999900e-01 2.450528096868141148e+01 9.791223731582647360e+00 9.583929256297153643e+00 3.034928627022551950e+00 2.478236606163969125e+00 4.271638380113963684e+00 4.272615683990957258e+00 4.837589609264656865e+00 2.444532023143527155e+01 8.191946680986582408e+00 9.825246467800186068e+00 3.148894522010911246e+00 2.607889169641770977e+00 4.349147810708179129e+00 4.001260995112807528e+00 4.924168555076953169e+00 5.000000000000000000e+02 5.000000000000000000e+02 5.000000000000000000e+02 5.000000000000000000e+02 5.000000000000000000e+02 5.000000000000000000e+02 5.000000000000000000e+02 5.000000000000000000e+02 5.000000000000000000e+02 5.000000000000000000e+02 5.000000000000000000e+02 5.000000000000000000e+02 5.000000000000000000e+02 5.000000000000000000e+02 5.000000000000000000e+02 5.000000000000000000e+02
-9.063893183866874890e-10 1.174066708984374964e+04 8.675571171875000800e+03 1.435162637695312469e+03 1.944665222167968888e-01 7.153345947265624671e-01 6.361077880859375422e-02 2.035897216796875020e-01 3.207739257812500244e-02 1.174132990624999911e+04 1.016841060791015678e+02 1.436615219482421935e+03 1.057780151367187504e-01 6.877395629882812056e-01 -1.559666748046875107e-01 -1.230120849609375039e-01 2.816419677734374738e-01 2.372656424970120526e+01 1.002032538264493944e+01 9.609481772892136675e+00 3.186150055499795020e+00 2.443341450011215610e+00 4.417893983115070533e+00 4.019019060707284652e+00 4.663006551625179519e+00 2.438662584594694138e+01 7.987405886059824489e+00 9.569012971682973046e+00 3.225169087881439633e+00 2.636123207903095178e+00 4.694754394863768887e+00 3.669376652264797922e+00 4.802475573174998402e+00 5.000000000000000000e+02 5.000000000000000000e+02 5.000000000000000000e+02 5.000000000000000000e+02 5.000000000000000000e+02 5.000000000000000000e+02 5.000000000000000000e+02 5.000000000000000000e+02 5.000000000000000000e+02 5.000000000000000000e+02 5.000000000000000000e+02 5.000000000000000000e+02 5.000000000000000000e+02 5.000000000000000000e+02 5.000000000000000000e+02 5.000000000000000000e+02
-9.063644550166430336e-10 1.174070109374999993e+04 8.676551873046875698e+03 1.435890555908203169e+03 4.943817138671875028e-02 4.597970581054687256e-01 -9.236968994140624944e-02 -5.234840698242188006e-01 -1.533356933593749971e-01 1.174174239843750001e+04 1.021630366210937524e+02 1.436953946777343845e+03 1.057832031250000027e-01 4.754100341796875240e-01 -9.337792968749999978e-02 -1.257003173828125098e-01 -7.462231445312500488e-02 2.447500788511434777e+01 9.991386457011605771e+00 9.601971259487894983e+00 3.177950656223951231e+00 2.372439510390706552e+00 4.377352238001802398e+00 4.169499289626788396e+00 4.794326966054850203e+00 2.428487056077496220e+01 7.737923986951912525e+00 9.739018487676451841e+00 3.150760310788649043e+00 2.477574509062293373e+00 4.679141156383715305e+00 4.076408370786912094e+00 4.790827500797547600e+00 5.000000000000000000e+02 5.000000000000000000e+02 5.000000000000000000e+02 5.000000000000000000e+02 5.000000000000000000e+02 5.000000000000000000e+02 5.000000000000000000e+02 5.000000000000000000e+02 5.000000000000000000e+02 5.000000000000000000e+02 5.000000000000000000e+02 5.000000000000000000e+02 5.000000000000000000e+02 5.000000000000000000e+02 5.000000000000000000e+02 5.000000000000000000e+02
-9.063394048544439554e-10 1.174243424023437547e+04 8.676174962890625466e+03 1.439003551757812602e+03 5.095602416992187772e-02 4.217360839843750098e-01 2.653582153320312442e-01 9.532336425781250122e-02 6.110253906250000255e-02 1.174089175195312419e+04 1.023150283508300760e+02 1.440518191894531356e+03 8.293298339843749312e-02 5.986633300781250000e-01 -1.613330688476562469e-01 3.724546508789062238e-01 1.872672119140625091e-01 2.429766556024408430e+01 9.425179817637387103e+00 9.585899337797355813e+00 3.166871547624977801e+00 2.590223495207729876e+00 4.297013361418446920e+00 3.902448804964227858e+00 4.714338271904210842e+00 2.469081118878188263e+01 7.858337632402097483e+00 9.390040437180424249e+00 3.088637048199239565e+00 2.527051844252605761e+00 4.557228277058195332e+00 4.234480964090196586e+00 4.731640311206026794e+00 5.000000000000000000e+02 5.000000000000000000e+02 5.000000000000000000e+02 5.000000000000000000e+02 5.000000000000000000e+02 5.000000000000000000e+02 5.000000000000000000e+02 5.000000000000000000e+02 5.000000000000000000e+02 5.000000000000000000e+02 5.000000000000000000e+02 5.000000000000000000e+02 5.000000000000000000e+02 5.000000000000000000e+02 5.000000000000000000e+02 5.000000000000000000e+02
-9.063144347460251049e-10 1.173940583007812529e+04 8.676910787109374724e+03 1.437902509765624927e+03 -4.117199707031250072e-02 5.393059692382812242e-01 -1.458119506835937607e-01 -1.373558959960937409e-01 -7.468908691406249412e-02 1.174254486914062545e+04 1.027124775543212820e+02 1.439075059082031203e+03 -3.133343505859374767e-02 5.762575073242187651e-01 1.539967651367187551e-01 6.958038330078125666e-02 -1.842910156249999987e-01 2.442995482286195497e+01 9.338231875000801097e+00 9.421708699951084398e+00 3.064459917032024805e+00 2.732789184905692448e+00 4.606657696916555800e+00 3.975316105930551291e+00 4.742299920003146596e+00 2.418953894436947039e+01 7.883264609513880750e+00 9.273289972388822022e+00 3.083823949595067226e+00 2.484980050506529814e+00 4.346985206746831309e+00 3.796310833377491090e+00 4.780231967631672241e+00 5.000000000000000000e+02 5.000000000000000000e+02 5.000000000000000000e+02 5.000000000000000000e+02 5.000000000000000000e+02 5.000000000000000000e+02 5.000000000000000000e+02 5.000000000000000000e+02 5.000000000000000000e+02 5.000000000000000000e+02 5.000000000000000000e+02 5.000000000000000000e+02 5.000000000000000000e+02 5.000000000000000000e+02 5.000000000000000000e+02 5.000000000000000000e+02
-9.062894246107161923e-10 1.174212597851562532e+04 8.676721978515624869e+03 1.434632610839843665e+03 2.319670715332031175e-01 4.462634277343749956e-01 3.156296997070312527e-01 -1.241636352539062516e-01 3.108896484374999991e-01 1.173934375000000000e+04 1.027113998718261740e+02 1.435983214111328152e+03 1.275884704589843877e-01 5.727633666992187900e-01 -3.165014648437500244e-02 -6.885424804687499678e-02 1.229334716796875032e-01 2.460141222811768102e+01 8.943251705316566103e+00 9.889178477393100408e+00 3.075910287958981026e+00 2.571756581468066294e+00 4.402693286633193814e+00 4.040813472645715443e+00 4.932669880850276023e+00 2.520936820691557401e+01 8.067631158141464809e+00 9.838756074858913792e+00 3.182736536767534208e+00 2.414787053651228366e+00 4.679730401337568679e+00 4.117796452271343277e+00 4.831440086954795099e+00 5.000000000000000000e+02 5.000000000000000000e+02 5.000000000000000000e+02 5.000000000000000000e+02 5.000000000000000000e+02 5.000000000000000000e+02 5.000000000000000000e+02 5.000000000000000000e+02 5.000000000000000000e+02 5.000000000000000000e+02 5.000000000000000000e+02 5.000000000000000000e+02 5.000000000000000000e+02 5.000000000000000000e+02 5.000000000000000000e+02 5.000000000000000000e+02
-9.062643544350718245e-10 1.174079576562500006e+04 8.676166755859374462e+03 1.434619098144531335e+03 1.925003051757812403e-02 5.297969970703124698e-01 -1.193997802734375058e-01 -2.205393066406249880e-01 2.817119140625000129e-01 1.174274273437500051e+04 1.027051063690185515e+02 1.435382279052734475e+03 1.444512939453125068e-02 3.678777465820312620e-01 -2.242636108398437522e-01 7.050903320312500167e-02 -1.006771240234374948e-01 2.421406872185741932e+01 9.224976336618697204e+00 9.886448458882275858e+00 3.160202864057817251e+00 2.523610913732019956e+00 4.633846619662174149e+00 4.011055960356715744e+00 4.870164124975506326e+00 2.414261926617393783e+01 7.962747967581767838e+00 1.003747595403314286e+01 3.076969697130210957e+00 2.415965214349891088e+00 4.452477029184419344e+00 4.169299464847648018e+00 4.582738317565690167e+00 5.000000000000000000e+02 5.000000000000000000e+02 5.000000000000000000e+02 5.000000000000000000e+02 5.000000000000000000e+02 5.000000000000000000e+02 5.000000000000000000e+02 5.000000000000000000e+02 5.000000000000000000e+02 5.000000000000000000e+02 5.000000000000000000e+02 5.000000000000000000e+02 5.000000000000000000e+02 5.000000000000000000e+02 5.000000000000000000e+02 5.000000000000000000e+02
-9.062395844611047323e-10 1.174089215234374933e+04 8.676899105468750349e+03 1.435441492431640654e+03 1.376662902832031243e-01 5.474771728515624991e-01 1.377136230468749929e-03 8.245849609375000000e-02 2.058223876953124976e-01 1.174201705468749969e+04 1.028743142700195250e+02 1.436502105957031290e+03 1.084275207519531242e-01 4.636627807617187402e-01 -3.256597900390625216e-02 5.170611572265625122e-02 1.939819335937499958e-02 2.381892056025773385e+01 9.411572560781159780e+00 9.673564755103491564e+00 3.050120165667678407e+00 2.559781201814568696e+00 4.420127275519345034e+00 4.231307926204073588e+00 4.617734800973579468e+00 2.379750489027997418e+01 8.155927709417598592e+00 9.653629325951072815e+00 3.095065221923218424e+00 2.747612590710498015e+00 4.544088200947346223e+00 4.033701403253759032e+00 4.744184567467284452e+00 5.000000000000000000e+02 5.000000000000000000e+02 5.000000000000000000e+02 5.000000000000000000e+02 5.000000000000000000e+02 5.000000000000000000e+02 5.000000000000000000e+02 5.000000000000000000e+02 5.000000000000000000e+02 5.000000000000000000e+02 5.000000000000000000e+02 5.000000000000000000e+02 5.000000000000000000e+02 5.000000000000000000e+02 5.000000000000000000e+02 5.000000000000000000e+02
-9.062146210238346563e-10 1.174302103710937445e+04 8.676683941406250597e+03 1.434338488037109300e+03 2.442663574218749967e-01 3.698638305664062598e-01 2.131662597656250047e-01 -1.444443359375000013e-01 -2.780900878906250040e-01 1.174047404296874993e+04 1.026412773742675739e+02 1.435537745605468672e+03 5.172180175781249979e-03 5.243218383789062242e-01 -1.726302490234374876e-01 -3.269653320312500278e-02 -1.352885742187500129e-01 2.456400982498929508e+01 9.972756907976661367e+00 9.805158528332862389e+00 3.142961327931321325e+00 2.518601581092327901e+00 4.480309428092772883e+00 3.905728907735359190e+00 4.845970711502939565e+00 2.457534697891338737e+01 7.896354536093463494e+00 9.704653164521598541e+00 3.035538343191072297e+00 2.538515227805005381e+00 4.532718642745593662e+00 3.997641303072420715e+00 4.683723310850548494e+00 5.000000000000000000e+02 5.000000000000000000e+02 5.000000000000000000e+02 5.000000000000000000e+02 5.000000000000000000e+02 5.000000000000000000e+02 5.000000000000000000e+02 5.000000000000000000e+02 5.000000000000000000e+02 5.000000000000000000e+02 5.000000000000000000e+02 5.000000000000000000e+02 5.000000000000000000e+02 5.000000000000000000e+02 5.000000000000000000e+02 5.000000000000000000e+02
-9.061894641232609761e-10 1.174006914648437487e+04 8.676387214843749462e+03 1.434951418457031195e+03 1.337946777343750060e-01 6.546000976562500462e-01 8.910583496093750847e-03 9.791699218749999600e-02 3.504786376953125115e-01 1.174330175195312586e+04 1.018486164550781297e+02 1.436076029052734384e+03 8.554519653320312444e-02 5.874833984374999707e-01 2.003835449218749898e-01 -1.414645385742187567e-01 -1.800449218750000135e-01 2.408928191724726631e+01 9.797256276862402302e+00 9.735301406251753775e+00 3.016328123134553785e+00 2.374484477871929844e+00 4.707408428520506227e+00 3.923185207385971651e+00 4.781411563499505135e+00 2.405840022339902262e+01 7.736032916391796910e+00 9.508438799452628487e+00 3.241451710483029380e+00 2.612182639895932912e+00 4.852291096917311641e+00 3.979512326747966622e+00 4.493383078148765364e+00 5.000000000000000000e+02 5.000000000000000000e+02 5.000000000000000000e+02 5.000000000000000000e+02 5.000000000000000000e+02 5.000000000000000000e+02 5.000000000000000000e+02 5.000000000000000000e+02 5.000000000000000000e+02 5.000000000000000000e+02 5.000000000000000000e+02 5.000000000000000000e+02 5.000000000000000000e+02 5.000000000000000000e+02 5.000000000000000000e+02 5.000000000000000000e+02
-9.061643806053197831e-10 1.174294987890625089e+04 8.676777433593750175e+03 1.433093747558593805e+03 5.156103515624999717e-02 5.878435668945312109e-01 4.972203979492187398e-01 2.982290039062500120e-01 -1.953997802734374900e-01 1.174125731835937586e+04 1.021540531311035096e+02 1.434172028808593723e+03 2.742788696289062342e-02 5.721798706054687100e-01 1.017541503906249992e-02 8.819372558593749356e-02 -7.578930664062499822e-02 2.472452427002414765e+01 9.465529018533123562e+00 1.001411949469426155e+01 3.185058708262888949e+00 2.554640304712817667e+00 4.331616777824239151e+00 4.264644800044029793e+00 4.834900745203281502e+00 2.390751832289711132e+01 7.975254959456468562e+00 9.944153039312441322e+00 3.080003963655351118e+00 2.537747660718793430e+00 4.304081190957984582e+00 4.238988405216553623e+00 4.813095564092538581e+00 5.000000000000000000e+02 5.000000000000000000e+02 5.000000000000000000e+02 5.000000000000000000e+02 5.000000000000000000e+02 5.000000000000000000e+02 5.000000000000000000e+02 5.000000000000000000e+02 5.000000000000000000e+02 5.000000000000000000e+02 5.000000000000000000e+02 5.000000000000000000e+02 5.000000000000000000e+02 5.000000000000000000e+02 5.000000000000000000e+02 5.000000000000000000e+02
-9.061395505910172358e-10 1.174280429492187432e+04 8.675636556640625713e+03 1.435373250732421866e+03 3.460018920898437489e-02 6.344462890625000018e-01 2.026416015624999956e-01 -2.941119384765624942e-02 1.181215820312500053e-01 1.174239169140625017e+04 1.014879960632324156e+02 1.436539196777343705e+03 8.085586547851562889e-02 4.910227661132812726e-01 -1.452387695312500060e-01 1.333059082031249898e-01 -3.308551025390624734e-01 2.423173115833622049e+01 9.120775248640402566e+00 9.857550411798307266e+00 3.148627647339180324e+00 2.508816643471735386e+00 4.415765579451516487e+00 3.956232769126609039e+00 4.615939540148663589e+00 2.437124784970446356e+01 8.189132926648479582e+00 9.865468918676153720e+00 3.127022126573978600e+00 2.422122673760818135e+00 4.503381768425574805e+00 4.100838248666495822e+00 4.763902340715485906e+00 5.000000000000000000e+02 5.000000000000000000e+02 5.000000000000000000e+02 5.000000000000000000e+02 5.000000000000000000e+02 5.000000000000000000e+02 5.000000000000000000e+02 5.000000000000000000e+02 5.000000000000000000e+02 5.000000000000000000e+02 5.000000000000000000e+02 5.000000000000000000e+02 5.000000000000000000e+02 5.000000000000000000e+02 5.000000000000000000e+02 5.000000000000000000e+02
-9.061143736769986797e-10 1.174093851367187563e+04 8.675979218750000655e+03 1.435157765624999911e+03 3.934414672851562628e-02 6.343799438476562802e-01 -1.350162963867187482e-01 7.636163330078124534e-02 2.697115478515624831e-01 1.174288130468750023e+04 1.014147469177246137e+02 1.436068693603515612e+03 4.899481201171874967e-02 4.844399414062500187e-01 5.563718872070312349e-01 9.180334472656249967e-02 8.495520019531249689e-02 2.388654304788479266e+01 9.123644596635047677e+00 9.933809877207538719e+00 3.200911171059195315e+00 2.604776709771561283e+00 4.405154790134229614e+00 4.193987423480860066e+00 4.745339676347668956e+00 2.433354296490449542e+01 8.013573591840259525e+00 1.004561534785048238e+01 3.131631106217525495e+00 2.428033155177184099e+00 4.599411439470099339e+00 4.208730481657537936e+00 4.880692730523382039e+00 5.000000000000000000e+02 5.000000000000000000e+02 5.000000000000000000e+02 5.000000000000000000e+02 5.000000000000000000e+02 5.000000000000000000e+02 5.000000000000000000e+02 5.000000000000000000e+02 5.000000000000000000e+02 5.000000000000000000e+02 5.000000000000000000e+02 5.000000000000000000e+02 5.000000000000000000e+02 5.000000000000000000e+02 5.000000000000000000e+02 5.000000000000000000e+02
-9.060894569377669234e-10 1.174310775065756570e+04 8.676741031608657067e+03 1.435673770881606970e+03 4.873632763574022725e-02 3.866959994207164186e-01 -1.793856267221943801e-01 -5.196825535837299587e-02 3.960190889591683194e-02 1.174065357176272482e+04 1.025658991475382464e+02 1.436561815090522032e+03 4.894736284267402898e-02 4.726080675562936428e-01 3.461717921578717494e-01 1.272506257017215481e-01 -8.550574631986028462e-02 2.434566332428141067e+01 9.224812327480387708e+00 9.723174591966806446e+00 3.132219313202794453e+00 2.621993969415852277e+00 4.639966578789854523e+00 4.163497374514010474e+00 4.892549124974943098e+00 2.448901567591975237e+01 7.951090921081546803e+00 9.765467208317106795e+00 3.026228227717597363e+00 2.373713714031857602e+00 4.239029566338215815e+00 3.944901659118880133e+00 4.434304063955452513e+00 4.990000000000000000e+02 5.010000000000000000e+02 4.990000000000000000e+02 4.990000000000000000e+02 4.990000000000000000e+02 4.990000000000000000e+02 4.990000000000000000e+02 4.990000000000000000e+02 5.010000000000000000e+02 4.990000000000000000e+02 5.010000000000000000e+02 5.010000000000000000e+02 5.010000000000000000e+02 5.010000000000000000e+02 5.010000000000000000e+02 5.010000000000000000e+02
-9.060644134467163095e-10 1.174042368359374996e+04 8.676043091796875160e+03 1.435453815917968768e+03 6.632223510742187023e-02 5.911763916015625453e-01 5.462774658203124745e-02 -6.242248535156249764e-03 8.384313964843749523e-02 1.174275989648437462e+04 1.015450449218750038e+02 1.436502419677734451e+03 1.231834106445312549e-01 6.477606201171874911e-01 3.695933837890624796e-01 6.226035156250000480e-01 3.177216796874999805e-01 2.461131814001445406e+01 9.298661393976532352e+00 9.813789850983907215e+00 3.102331649653149448e+00 2.530643050090760848e+00 4.203576103232174788e+00 3.989404906976245613e+00 4.904944406411882341e+00 2.378354163626962858e+01 7.588662802485240277e+00 1.002309524189238310e+01 3.102596565712142596e+00 2.569743892204969793e+00 4.602235599410208877e+00 3.989216226289704625e+00 4.822916627989372707e+00 5.000000000000000000e+02 5.000000000000000000e+02 5.000000000000000000e+02 5.000000000000000000e+02 5.000000000000000000e+02 5.000000000000000000e+02 5.000000000000000000e+02 5.000000000000000000e+02 5.000000000000000000e+02 5.000000000000000000e+02 5.000000000000000000e+02 5.000000000000000000e+02 5.000000000000000000e+02 5.000000000000000000e+02 5.000000000000000000e+02 5.000000000000000000e+02
-9.060395901035621231e-10 1.174206242382812525e+04 8.675780720703125553e+03 1.436641663574218683e+03 1.310113220214843832e-01 2.979693603515625178e-01 5.413873291015625089e-02 -7.045336914062499956e-02 -1.071440429687500057e-01 1.174068558203125031e+04 1.015281061553955055e+02 1.437835864990234313e+03 2.633270263671875187e-03 6.002796630859374982e-01 -2.790026855468750178e-01 -7.098986816406249734e-02 3.292322998046874893e-01 2.465986988194014984e+01 9.907863590762010730e+00 9.772188546163020462e+00 3.035577429788974158e+00 2.395508050497209052e+00 4.558766763901292762e+00 3.929617307770828294e+00 5.006836273828498385e+00 2.429089843036053509e+01 7.543613741289556529e+00 9.873474131908125173e+00 2.972976694566857425e+00 2.571863861812113683e+00 4.392787077964111830e+00 4.200249710281707571e+00 4.678167318454129919e+00 5.000000000000000000e+02 5.000000000000000000e+02 5.000000000000000000e+02 5.000000000000000000e+02 5.000000000000000000e+02 5.000000000000000000e+02 5.000000000000000000e+02 5.000000000000000000e+02 5.000000000000000000e+02 5.000000000000000000e+02 5.000000000000000000e+02 5.000000000000000000e+02 5.000000000000000000e+02 5.000000000000000000e+02 5.000000000000000000e+02 5.000000000000000000e+02
-9.060178888578538769e-10 1.174108843945312583e+04 8.675921380859375859e+03 1.433559593749999976e+03 2.351660156249999953e-02 5.566027832031249512e-01 1.345141601562500067e-01 1.150996093749999949e-01 3.903466796874999895e-02 1.174137712695312439e+04 1.017582610931396516e+02 1.434803418945312387e+03 2.243496398925781121e-01 4.252903442382812704e-01 -4.669868164062500049e-01 -1.758979492187499882e-01 -2.633653564453125040e-01 2.454340187212784130e+01 1.007273327405431829e+01 1.002629909284943110e+01 3.199967184021405231e+00 2.437686043732776309e+00 4.352998088978246471e+00 4.104883798112204829e+00 4.792066029280013240e+00 2.456260983931883501e+01 7.985076028636005852e+00 1.012299643536051796e+01 2.932672780945478674e+00 2.537357481430544404e+00 4.441440882120614830e+00 4.037621429459758104e+00 4.920738580872886736e+00 5.000000000000000000e+02 5.000000000000000000e+02 5.000000000000000000e+02 5.000000000000000000e+02 5.000000000000000000e+02 5.000000000000000000e+02 5.000000000000000000e+02 5.000000000000000000e+02 5.000000000000000000e+02 5.000000000000000000e+02 5.000000000000000000e+02 5.000000000000000000e+02 5.000000000000000000e+02 5.000000000000000000e+02 5.000000000000000000e+02 5.000000000000000000e+02
-9.059896365444280104e-10 1.174065139062500020e+04 8.676597066406249724e+03 1.434024799804687518e+03 -9.948843383789061912e-02 4.411271972656249929e-01 -3.429754028320312620e-01 -3.401889038085937345e-01 7.197717285156249312e-02 1.174233877539062451e+04 1.020828367919921931e+02 1.435251564208984291e+03 -2.105038452148437489e-02 4.459570922851562313e-01 -1.990194091796874953e-01 -4.398614501953124895e-02 -3.312329101562500044e-02 2.437882052256260224e+01 9.665633879949302454e+00 9.768975274967599987e+00 3.212759339648290524e+00 2.340182204984509795e+00 4.206937844908692270e+00 3.980671977231146741e+00 4.635877046365664000e+00 2.464612108583267513e+01 7.573246252133175815e+00 1.006314524528195697e+01 3.175012230180562334e+00 2.584544845619885844e+00 4.481125213532623164e+00 3.889800675473114477e+00 4.809522080603534810e+00 5.000000000000000000e+02 5.000000000000000000e+02 5.000000000000000000e+02 5.000000000000000000e+02 5.000000000000000000e+02 5.000000000000000000e+02 5.000000000000000000e+02 5.000000000000000000e+02 5.000000000000000000e+02 5.000000000000000000e+02 5.000000000000000000e+02 5.000000000000000000e+02 5.000000000000000000e+02 5.000000000000000000e+02 5.000000000000000000e+02 5.000000000000000000e+02
-9.059642995228480684e-10 1.174363876953124964e+04 8.676588675781249549e+03 1.433252041748046850e+03 -4.016110229492187572e-02 5.296533813476562713e-01 -1.124970092773437541e-01 -3.618113403320312726e-01 1.495361328125000000e-02 1.174029881640624990e+04 1.023387754211425715e+02 1.434457093750000013e+03 1.076721801757812569e-01 6.774995117187500027e-01 -3.765544433593749907e-01 -1.536922607421875031e-01 1.381127929687499950e-02 2.461568593578344988e+01 9.600583587908017691e+00 9.941048170613719037e+00 3.028044251632329598e+00 2.400464825242433875e+00 4.648396469142971554e+00 3.998036343565595452e+00 4.787701534977910178e+00 2.450474367290312117e+01 7.713033857098436030e+00 1.003338265240222071e+01 3.251987515513572014e+00 2.608274487855528623e+00 4.543800967492980014e+00 4.178273843007551669e+00 4.747161116713229490e+00 5.000000000000000000e+02 5.000000000000000000e+02 5.000000000000000000e+02 5.000000000000000000e+02 5.000000000000000000e+02 5.000000000000000000e+02 5.000000000000000000e+02 5.000000000000000000e+02 5.000000000000000000e+02 5.000000000000000000e+02 5.000000000000000000e+02 5.000000000000000000e+02 5.000000000000000000e+02 5.000000000000000000e+02 5.000000000000000000e+02 5.000000000000000000e+02
-9.059393894547648798e-10 1.173905380664062432e+04 8.675178953124999680e+03 1.434735030761718690e+03 1.989549865722656241e-01 3.413436279296874765e-01 -2.539996337890625122e-02 1.392666625976562433e-01 3.100114746093750040e-01 1.174362117382812539e+04 1.006940406646728547e+02 1.435897528808593734e+03 5.405303955078125284e-03 4.119359741210937287e-01 -1.795050659179687480e-01 1.278051757812499918e-02 1.028894042968750006e-01 2.432558286920052382e+01 9.654968543418556592e+00 9.727905667018255542e+00 3.169493890423859206e+00 2.536054853694246436e+00 4.709037925551831094e+00 3.751066414465005217e+00 4.647198658829678308e+00 2.435694422779690171e+01 7.725908725014214440e+00 9.869261935923713480e+00 3.080801105871871393e+00 2.406433557951360047e+00 4.537874226402328404e+00 4.283501650698421592e+00 4.851805411984201122e+00 5.000000000000000000e+02 5.000000000000000000e+02 5.000000000000000000e+02 5.000000000000000000e+02 5.000000000000000000e+02 5.000000000000000000e+02 5.000000000000000000e+02 5.000000000000000000e+02 5.000000000000000000e+02 5.000000000000000000e+02 5.000000000000000000e+02 5.000000000000000000e+02 5.000000000000000000e+02 5.000000000000000000e+02 5.000000000000000000e+02 5.000000000000000000e+02
-9.059144260174948038e-10 1.174303096289062523e+04 8.676067167968749345e+03 1.437038206787109402e+03 5.478866577148437667e-02 2.631062011718749982e-01 -1.263806152343750072e-02 1.776948852539062540e-01 1.156116943359375010e-01 1.173951293554687436e+04 1.022308450927734356e+02 1.438116881103515652e+03 3.350036621093750028e-02 5.940402221679687012e-01 -6.183233642578125216e-02 -2.731652832031249839e-02 2.846329345703125235e-01 2.515884456652122836e+01 9.378617403073562286e+00 9.680611571389004411e+00 3.064194810489297982e+00 2.921219066113086349e+00 4.411383550598202419e+00 4.182359668783952600e+00 4.768346470546721783e+00 2.468717648090864714e+01 7.744996496127297902e+00 9.763591307157829746e+00 3.101876404285922817e+00 2.527180101551305569e+00 4.589451071113387570e+00 4.199234286961791796e+00 4.500324026147811907e+00 5.000000000000000000e+02 5.000000000000000000e+02 5.000000000000000000e+02 5.000000000000000000e+02 5.000000000000000000e+02 5.000000000000000000e+02 5.000000000000000000e+02 5.000000000000000000e+02 5.000000000000000000e+02 5.000000000000000000e+02 5.000000000000000000e+02 5.000000000000000000e+02 5.000000000000000000e+02 5.000000000000000000e+02 5.000000000000000000e+02 5.000000000000000000e+02
-9.058894158821858911e-10 1.173962747851562563e+04 8.675987548828125000e+03 1.433964873779296795e+03 8.394509887695313088e-02 5.008140258789062216e-01 7.052783203125000122e-02 -3.341064453125000000e-01 -1.251887207031250060e-01 1.174327477148437538e+04 1.010745509338378838e+02 1.435079321777343694e+03 9.002685546875000000e-04 4.957501220703124933e-01 -1.984977416992187438e-01 2.918911132812500031e-01 -2.102258300781250158e-02 2.445062782356338715e+01 9.392774395943927601e+00 9.916346670628202631e+00 3.122583798643085551e+00 2.615534781636333239e+00 4.687006190940511630e+00 3.846460023836627773e+00 4.756923719892475866e+00 2.434979661962425013e+01 7.653784348439355512e+00 9.831382606453534123e+00 2.947635046361084310e+00 2.446491060417682384e+00 4.408587930730377025e+00 4.125846205792478294e+00 4.602187706600308736e+00 5.000000000000000000e+02 5.000000000000000000e+02 5.000000000000000000e+02 5.000000000000000000e+02 5.000000000000000000e+02 5.000000000000000000e+02 5.000000000000000000e+02 5.000000000000000000e+02 5.000000000000000000e+02 5.000000000000000000e+02 5.000000000000000000e+02 5.000000000000000000e+02 5.000000000000000000e+02 5.000000000000000000e+02 5.000000000000000000e+02 5.000000000000000000e+02
-9.058644457737670406e-10 1.174315641015625079e+04 8.675227060546874782e+03 1.434405328125000096e+03 4.366098022460937478e-02 6.582521972656250053e-01 -2.784815063476562269e-01 1.390946655273437582e-01 1.396557617187499933e-01 1.173959991601562433e+04 1.011355549926757789e+02 1.435499204345703220e+03 1.264891052246093772e-01 5.325957641601563042e-01 9.825683593750000541e-03 -8.209106445312499417e-03 1.410192871093750022e-01 2.478030644919876124e+01 9.214745616014809571e+00 9.612906495444581978e+00 3.118880197055192482e+00 2.497715496596548235e+00 4.485618349314377085e+00 4.069138051898162800e+00 4.381583691556214077e+00 2.490631411982659316e+01 7.651358035829169069e+00 9.879588789371853252e+00 3.061330411150009034e+00 3.048340374585638557e+00 4.423990162679594995e+00 4.128954539174070959e+00 4.619668653769920752e+00 5.000000000000000000e+02 5.000000000000000000e+02 5.000000000000000000e+02 5.000000000000000000e+02 5.000000000000000000e+02 5.000000000000000000e+02 5.000000000000000000e+02 5.000000000000000000e+02 5.000000000000000000e+02 5.000000000000000000e+02 5.000000000000000000e+02 5.000000000000000000e+02 5.000000000000000000e+02 5.000000000000000000e+02 5.000000000000000000e+02 5.000000000000000000e+02
-9.058397158266904241e-10 1.173923242578125064e+04 8.675910394531250859e+03 1.435675959960937462e+03 -4.273284912109374944e-02 5.672858886718750160e-01 -3.552249145507812567e-01 -2.622413940429687562e-01 -2.274884033203125044e-01 1.174304858789062564e+04 1.015081387329101545e+02 1.436665185058593806e+03 3.853308105468750133e-02 5.654502563476562216e-01 1.015332031249999989e-01 1.516583251953124989e-01 2.847564697265624889e-01 2.506821017642497296e+01 9.517434238984424866e+00 9.892496292092641141e+00 3.097965615716034460e+00 2.528591642376123882e+00 4.628440223676753895e+00 3.930211482227487174e+00 4.378242704807938424e+00 2.408908141597168395e+01 7.556575333677805872e+00 9.730126890039837662e+00 2.976034169519045758e+00 2.387952125650580459e+00 4.406307932037281105e+00 4.129036430811322766e+00 4.767477337097909107e+00 5.000000000000000000e+02 5.000000000000000000e+02 5.000000000000000000e+02 5.000000000000000000e+02 5.000000000000000000e+02 5.000000000000000000e+02 5.000000000000000000e+02 5.000000000000000000e+02 5.000000000000000000e+02 5.000000000000000000e+02 5.000000000000000000e+02 5.000000000000000000e+02 5.000000000000000000e+02 5.000000000000000000e+02 5.000000000000000000e+02 5.000000000000000000e+02
-9.058142787378844478e-10 1.174291529051272482e+04 8.675493743346067276e+03 1.435160542684162920e+03 -2.239813585719186480e-03 7.049530699343500295e-01 1.944575205058632628e-01 1.053747607324413693e-01 -7.502706988367016661e-02 1.173866665949085655e+04 1.017934986807391056e+02 1.436081192658755072e+03 -1.431748384464241047e-02 4.578124143795403445e-01 -9.921601014529057849e-02 8.894357318151928371e-02 1.163772858216432921e-01 2.520216746111853467e+01 9.573792383894955904e+00 9.673899558693257461e+00 3.127245649326674926e+00 2.319684068976449964e+00 4.379765475178978740e+00 4.166002277824683908e+00 4.588491549433808103e+00 2.454933280351012925e+01 7.702569083181659337e+00 9.650458691918419873e+00 3.139467738037888367e+00 2.613116516962113778e+00 4.558503350629954376e+00 4.067451324168986027e+00 4.315058222749813766e+00 5.010000000000000000e+02 4.990000000000000000e+02 5.010000000000000000e+02 5.010000000000000000e+02 5.010000000000000000e+02 5.010000000000000000e+02 5.010000000000000000e+02 5.010000000000000000e+02 4.990000000000000000e+02 5.010000000000000000e+02 4.990000000000000000e+02 4.990000000000000000e+02 4.990000000000000000e+02 4.990000000000000000e+02 4.990000000000000000e+02 4.990000000000000000e+02
-9.057896355157370403e-10 1.173953984179687541e+04 8.675965931640625058e+03 1.435630349121093786e+03 1.762835083007812387e-01 6.793668212890624503e-01 9.185784912109375144e-02 1.189029541015624997e-01 1.890423583984374989e-01 1.174328004101562510e+04 1.012535755462646421e+02 1.436716959472656299e+03 5.841705322265625111e-02 5.419426879882812687e-01 1.959743652343750031e-01 -3.585815429687500000e-04 2.354106445312499907e-01 2.429923612479509032e+01 9.617258668266098098e+00 9.604755234113804718e+00 3.044088205126910918e+00 2.280157073715443072e+00 4.535342178233370269e+00 4.135800705512513886e+00 4.793804547514091574e+00 2.428893299152144536e+01 7.777142122126607937e+00 9.509923471724404109e+00 3.231804704049370702e+00 2.586978687397758492e+00 4.496776144987276957e+00 4.002094498830645719e+00 4.707077968515531730e+00 5.000000000000000000e+02 5.000000000000000000e+02 5.000000000000000000e+02 5.000000000000000000e+02 5.000000000000000000e+02 5.000000000000000000e+02 5.000000000000000000e+02 5.000000000000000000e+02 5.000000000000000000e+02 5.000000000000000000e+02 5.000000000000000000e+02 5.000000000000000000e+02 5.000000000000000000e+02 5.000000000000000000e+02 5.000000000000000000e+02 5.000000000000000000e+02
-9.057643051653054592e-10 1.174296288085937522e+04 8.675705031249999593e+03 1.436182793701171931e+03 3.822750854492187184e-02 5.038793945312499689e-01 5.148345947265624972e-02 -1.097946166992187500e-01 1.679566650390625082e-01 1.173955331640625081e+04 1.023707959594726589e+02 1.437231090576171937e+03 1.808447265625000022e-01 5.930903320312499449e-01 -4.324993896484374822e-02 -1.212031860351562434e-01 -2.062004394531249951e-01 2.437219831165698380e+01 9.705311087177427964e+00 9.638634657807147121e+00 3.150623967969937489e+00 2.394227399068395101e+00 4.510196341084344418e+00 4.030375907428058291e+00 4.745277723251042801e+00 2.471350117719082107e+01 7.841734473272610195e+00 9.583142186706211874e+00 3.210184116933282539e+00 2.793191492314067492e+00 4.612986328762907817e+00 3.750350192562299068e+00 4.673732782003345854e+00 5.000000000000000000e+02 5.000000000000000000e+02 5.000000000000000000e+02 5.000000000000000000e+02 5.000000000000000000e+02 5.000000000000000000e+02 5.000000000000000000e+02 5.000000000000000000e+02 5.000000000000000000e+02 5.000000000000000000e+02 5.000000000000000000e+02 5.000000000000000000e+02 5.000000000000000000e+02 5.000000000000000000e+02 5.000000000000000000e+02 5.000000000000000000e+02
-9.057394284529639718e-10 1.174026249609375009e+04 8.675505005859375160e+03 1.436708775634765516e+03 1.190278930664062512e-01 5.531173706054687278e-01 -9.877789306640624711e-02 1.310239257812499947e-01 -1.329123535156249980e-01 1.174320057031249962e+04 1.009454080963134714e+02 1.437834165771484322e+03 -1.128835144042968780e-01 5.528068237304687438e-01 -1.270183715820312476e-01 -1.258056640624999889e-01 -2.378231201171875087e-01 2.451160808480029019e+01 9.340621146255163154e+00 9.344047500609015344e+00 3.050017291027341315e+00 2.149407616497631679e+00 4.627596645719211921e+00 4.207914944774445942e+00 4.725155337285052326e+00 2.407120237518875427e+01 7.642504599816362543e+00 9.384693093964768806e+00 3.234076293956321901e+00 2.405150456355049204e+00 4.297430658115342084e+00 4.090753035936254278e+00 4.587900206110465007e+00 5.000000000000000000e+02 5.000000000000000000e+02 5.000000000000000000e+02 5.000000000000000000e+02 5.000000000000000000e+02 5.000000000000000000e+02 5.000000000000000000e+02 5.000000000000000000e+02 5.000000000000000000e+02 5.000000000000000000e+02 5.000000000000000000e+02 5.000000000000000000e+02 5.000000000000000000e+02 5.000000000000000000e+02 5.000000000000000000e+02 5.000000000000000000e+02
-9.057144850291390820e-10 1.174287998437500028e+04 8.675325943359375742e+03 1.435877816406250076e+03 5.632214355468750239e-02 5.222163085937500115e-01 -1.689169921875000036e-01 7.969451904296874500e-02 -1.898455810546874900e-01 1.174044535937500041e+04 1.013410203857421834e+02 1.436829089111328130e+03 1.886099243164062605e-02 6.033953247070312775e-01 -2.788361206054687513e-01 -1.280524291992187480e-01 -1.551025390625000028e-02 2.435707081742054214e+01 9.330856950214462486e+00 9.785023506173915919e+00 3.054896783019220852e+00 2.314474728018248051e+00 4.379240710248928359e+00 4.242266671623614371e+00 4.783816625559490276e+00 2.438583864024339576e+01 7.545675719425268824e+00 9.772901784639152822e+00 3.272398838259709120e+00 2.553558927453522642e+00 4.491014625556796425e+00 4.044707340588439060e+00 4.728515446489814700e+00 5.000000000000000000e+02 5.000000000000000000e+02 5.000000000000000000e+02 5.000000000000000000e+02 5.000000000000000000e+02 5.000000000000000000e+02 5.000000000000000000e+02 5.000000000000000000e+02 5.000000000000000000e+02 5.000000000000000000e+02 5.000000000000000000e+02 5.000000000000000000e+02 5.000000000000000000e+02 5.000000000000000000e+02 5.000000000000000000e+02 5.000000000000000000e+02
-9.056894482092366222e-10 1.174174245898437584e+04 8.676173087890625538e+03 1.435673205810546960e+03 -6.314389038085937988e-02 5.426887817382812784e-01 -3.056589355468750102e-01 -5.126669921875000036e-01 1.724337158203124998e-01 1.174238579492187455e+04 1.013130042877197212e+02 1.436409590576171922e+03 7.166644287109374956e-02 4.733232421874999929e-01 -1.612863769531250047e-01 5.197772216796874706e-02 2.472344970703125033e-01 2.481808982016645615e+01 9.366439622992432490e+00 9.514999832334927632e+00 3.187826712851885347e+00 2.649991778472535309e+00 4.482033884733952256e+00 4.052507298110189282e+00 4.905352478646000769e+00 2.379387139494237147e+01 7.547755600954703326e+00 9.899678016207612785e+00 3.065307408069140926e+00 2.522068453331298699e+00 4.390984320710423106e+00 4.018554468167828908e+00 4.672951615607079390e+00 5.000000000000000000e+02 5.000000000000000000e+02 5.000000000000000000e+02 5.000000000000000000e+02 5.000000000000000000e+02 5.000000000000000000e+02 5.000000000000000000e+02 5.000000000000000000e+02 5.000000000000000000e+02 5.000000000000000000e+02 5.000000000000000000e+02 5.000000000000000000e+02 5.000000000000000000e+02 5.000000000000000000e+02 5.000000000000000000e+02 5.000000000000000000e+02
-9.056643380067018822e-10 1.174200768554687420e+04 8.676026789062500029e+03 1.434099320800781243e+03 2.237225341796875155e-02 5.551337280273437313e-01 1.811151123046874853e-02 4.720300292968750144e-02 -1.844116210937499917e-03 1.174262781250000080e+04 1.016252611694335997e+02 1.435016606445312391e+03 1.544168395996093623e-01 5.339959716796874867e-01 -3.447801513671874818e-01 -7.840820312500000611e-02 -4.698114013671875200e-01 2.379787915447419522e+01 9.145967397093249573e+00 9.751545653766065413e+00 3.115893460142501237e+00 2.417382213306112249e+00 4.404494652063123183e+00 4.163140468018410978e+00 4.957432882305683464e+00 2.496004842391267786e+01 7.853145134693756191e+00 9.756318564676851324e+00 3.035869431221985604e+00 2.605986261948215255e+00 4.420511266875366552e+00 4.179079850929473317e+00 4.785980858859321785e+00 5.000000000000000000e+02 5.000000000000000000e+02 5.000000000000000000e+02 5.000000000000000000e+02 5.000000000000000000e+02 5.000000000000000000e+02 5.000000000000000000e+02 5.000000000000000000e+02 5.000000000000000000e+02 5.000000000000000000e+02 5.000000000000000000e+02 5.000000000000000000e+02 5.000000000000000000e+02 5.000000000000000000e+02 5.000000000000000000e+02 5.000000000000000000e+02
-9.056393345425413304e-10 1.174263128515625067e+04 8.674652826171875859e+03 1.433415116455078078e+03 1.823273620605468659e-01 4.208171386718749796e-01 -2.828026123046875062e-01 2.715618896484375128e-02 1.039792480468750002e-01 1.174061369531250057e+04 1.001774490356445284e+02 1.434536481689453012e+03 1.191831665039062432e-01 5.798812255859374654e-01 -4.016784667968750430e-03 -5.567279052734375178e-02 -4.184999999999999831e-01 2.457702980510398660e+01 9.381219027451651371e+00 9.874504520860535095e+00 3.031169098991690181e+00 2.399124580554038211e+00 4.755931020336136683e+00 4.081339246906821927e+00 4.470499835754402795e+00 2.446656734634793651e+01 7.848891509603656225e+00 9.721086620252036070e+00 3.136197564078023081e+00 2.436048584873261813e+00 4.276005246785687497e+00 3.965828319942602320e+00 4.559835156118518640e+00 5.000000000000000000e+02 5.000000000000000000e+02 5.000000000000000000e+02 5.000000000000000000e+02 5.000000000000000000e+02 5.000000000000000000e+02 5.000000000000000000e+02 5.000000000000000000e+02 5.000000000000000000e+02 5.000000000000000000e+02 5.000000000000000000e+02 5.000000000000000000e+02 5.000000000000000000e+02 5.000000000000000000e+02 5.000000000000000000e+02 5.000000000000000000e+02
-9.056145912531677853e-10 1.174016774414062456e+04 8.676741396484374491e+03 1.433715354980468646e+03 1.788556823730468870e-01 6.699360961914062607e-01 -8.311950683593749556e-02 9.578039550781250466e-02 2.269667968749999876e-01 1.174343981835937484e+04 1.018535224456787063e+02 1.434622771972656210e+03 2.737223815917968484e-01 6.031201782226562891e-01 5.307602539062500346e-01 -4.927551269531250250e-03 2.828906249999999997e-02 2.463612057802197697e+01 9.520011063391999429e+00 9.788027014642191048e+00 3.125880921511412502e+00 2.516902282516421785e+00 4.566377932405286444e+00 4.044505962348518224e+00 4.564825678933821074e+00 2.452312841520669551e+01 8.102287205950867488e+00 9.862422450269360041e+00 3.184660234174650828e+00 2.456676602823510969e+00 4.525563772140928087e+00 4.118991871589789966e+00 4.400662010614274422e+00 5.000000000000000000e+02 5.000000000000000000e+02 5.000000000000000000e+02 5.000000000000000000e+02 5.000000000000000000e+02 5.000000000000000000e+02 5.000000000000000000e+02 5.000000000000000000e+02 5.000000000000000000e+02 5.000000000000000000e+02 5.000000000000000000e+02 5.000000000000000000e+02 5.000000000000000000e+02 5.000000000000000000e+02 5.000000000000000000e+02 5.000000000000000000e+02
-9.055900547693943594e-10 1.174195756835937573e+04 8.675838167968749985e+03 1.435183409179687487e+03 4.796112060546874750e-02 4.062239379882812695e-01 -9.795043945312499611e-02 4.333979492187500226e-01 -1.758978271484374911e-01 1.174019143359375084e+04 1.017836203613281185e+02 1.436254206542968859e+03 2.476942138671875127e-01 5.262870483398437438e-01 -8.459088134765624378e-02 4.009742431640624938e-01 -1.219891357421875044e-01 2.404418466307481950e+01 9.520028107552750640e+00 9.742420790764448668e+00 3.106547379047321478e+00 2.741277082212026706e+00 4.476228049574595858e+00 4.255292629772494450e+00 4.969876297836393064e+00 2.386914984059695044e+01 8.318490337622085562e+00 9.775786811676738353e+00 3.046524680374547600e+00 2.358247256625523924e+00 4.580141329255008387e+00 3.650175951861479362e+00 4.820065058442920325e+00 5.000000000000000000e+02 5.000000000000000000e+02 5.000000000000000000e+02 5.000000000000000000e+02 5.000000000000000000e+02 5.000000000000000000e+02 5.000000000000000000e+02 5.000000000000000000e+02 5.000000000000000000e+02 5.000000000000000000e+02 5.000000000000000000e+02 5.000000000000000000e+02 5.000000000000000000e+02 5.000000000000000000e+02 5.000000000000000000e+02 5.000000000000000000e+02
-9.055643641769497374e-10 1.173973508984375076e+04 8.675582662109374724e+03 1.435029432373046802e+03 3.363845825195312805e-02 5.163870239257812855e-01 -3.327007446289062531e-01 -1.332389526367187549e-01 2.173121337890625004e-01 1.174361231640625010e+04 1.010363550720214789e+02 1.435996041992187429e+03 1.959440002441406314e-01 4.569493408203125218e-01 -6.838580322265624956e-02 -1.902656249999999938e-01 -7.174377441406250278e-02 2.447622740874056291e+01 9.330951790087699038e+00 9.705427460444775889e+00 3.242987731585673217e+00 2.524919704551873423e+00 4.611649925982220566e+00 3.981795220048449657e+00 4.476007660328848559e+00 2.417966721714838485e+01 7.981073298916335546e+00 9.839454790897054437e+00 3.111746844867311790e+00 2.338820534160014120e+00 4.728570917175345834e+00 4.267874517541616619e+00 4.703830541463132953e+00 5.000000000000000000e+02 5.000000000000000000e+02 5.000000000000000000e+02 5.000000000000000000e+02 5.000000000000000000e+02 5.000000000000000000e+02 5.000000000000000000e+02 5.000000000000000000e+02 5.000000000000000000e+02 5.000000000000000000e+02 5.000000000000000000e+02 5.000000000000000000e+02 5.000000000000000000e+02 5.000000000000000000e+02 5.000000000000000000e+02 5.000000000000000000e+02
-9.055395274914990359e-10 1.174397553906249959e+04 8.674665753906250757e+03 1.435813797851562413e+03 7.439492797851562922e-02 4.861973266601562482e-01 3.128189697265624791e-01 -7.470062255859374889e-02 3.565600585937499928e-02 1.173914538476562484e+04 1.006758163757324240e+02 1.436815293701171868e+03 2.698165588378906299e-01 4.339469604492187660e-01 -5.882468261718749591e-01 -2.951772460937500120e-01 2.753295898437499965e-03 2.472475933852094343e+01 9.298414320774437414e+00 9.756242839849530668e+00 3.165678429428052443e+00 2.601503550960668765e+00 4.610716474674815046e+00 4.088732036300978478e+00 4.530132849345677393e+00 2.531800960519699828e+01 8.149310540402064262e+00 9.797026326089937953e+00 3.068378855691788587e+00 2.526007676420833015e+00 4.701189584189612525e+00 3.928883148020924754e+00 4.681956139708650433e+00 5.000000000000000000e+02 5.000000000000000000e+02 5.000000000000000000e+02 5.000000000000000000e+02 5.000000000000000000e+02 5.000000000000000000e+02 5.000000000000000000e+02 5.000000000000000000e+02 5.000000000000000000e+02 5.000000000000000000e+02 5.000000000000000000e+02 5.000000000000000000e+02 5.000000000000000000e+02 5.000000000000000000e+02 5.000000000000000000e+02 5.000000000000000000e+02
-9.055142705236996317e-10 1.173915783984375048e+04 8.674975855468750524e+03 1.433698892333984304e+03 1.896053771972656121e-01 6.550935058593749805e-01 1.142413940429687497e-01 1.888613281250000053e-01 -4.450073242187500139e-02 1.174327702734375089e+04 1.007042327575683629e+02 1.434486205566406170e+03 4.741113281249999950e-02 6.101661376953124716e-01 -2.183672485351562387e-01 -9.922271728515624778e-02 7.117785644531250677e-02 2.455825434538516916e+01 9.368445230293275472e+00 9.808623269042946902e+00 3.082960732516270230e+00 2.754089934618439095e+00 4.643977254987659897e+00 4.116564043531051986e+00 4.542322889178700862e+00 2.525973972178579885e+01 8.319137557681781203e+00 9.854231425458985782e+00 3.081116145368502313e+00 2.505175214063767086e+00 4.641158786244402812e+00 3.994425134141939004e+00 5.012890654784511568e+00 5.000000000000000000e+02 5.000000000000000000e+02 5.000000000000000000e+02 5.000000000000000000e+02 5.000000000000000000e+02 5.000000000000000000e+02 5.000000000000000000e+02 5.000000000000000000e+02 5.000000000000000000e+02 5.000000000000000000e+02 5.000000000000000000e+02 5.000000000000000000e+02 5.000000000000000000e+02 5.000000000000000000e+02 5.000000000000000000e+02 5.000000000000000000e+02
-9.054895872746617485e-10 1.174332040234375017e+04 8.674479228515625437e+03 1.433839001953125035e+03 7.344146728515624743e-03 4.578070068359375022e-01 3.262130737304687611e-01 -4.718920898437500150e-02 -1.282087402343750071e-01 1.173896681250000074e+04 1.009235592803955086e+02 1.434781013916015581e+03 3.231079101562499972e-02 4.483312988281250022e-01 2.037214355468749960e-01 -1.868624267578125053e-01 2.444219970703125078e-01 2.437104653325004833e+01 9.264133498834844715e+00 9.790068374336627244e+00 3.075617050374309880e+00 2.587502968265623871e+00 4.602252301090817177e+00 4.031812720927022475e+00 4.631053369831210631e+00 2.431269248387539150e+01 8.243041662778765044e+00 1.001239618177742052e+01 3.080981026490831720e+00 2.286269038962478017e+00 4.514929942326337375e+00 4.061658879133010380e+00 4.566493820183658237e+00 5.000000000000000000e+02 5.000000000000000000e+02 5.000000000000000000e+02 5.000000000000000000e+02 5.000000000000000000e+02 5.000000000000000000e+02 5.000000000000000000e+02 5.000000000000000000e+02 5.000000000000000000e+02 5.000000000000000000e+02 5.000000000000000000e+02 5.000000000000000000e+02 5.000000000000000000e+02 5.000000000000000000e+02 5.000000000000000000e+02 5.000000000000000000e+02
-9.054644103606429856e-10 1.173915332421875064e+04 8.675219220703125757e+03 1.431663091796875051e+03 6.939413452148437966e-02 4.227330932617187620e-01 6.223913574218749994e-02 -2.098213500976562618e-01 1.407222900390625031e-01 1.174317242578124933e+04 1.010204531402587946e+02 1.432483627929687600e+03 6.560589599609374656e-02 5.355508422851562589e-01 1.208860473632812488e-01 -1.711362304687500113e-01 -1.018228759765625047e-01 2.482439419302032846e+01 9.354901411436975067e+00 9.851949238256430874e+00 3.156925377161987178e+00 2.512994774758271266e+00 4.572228704856237336e+00 3.981052074654754414e+00 4.882374167171149359e+00 2.425379682595461617e+01 7.803410281398736714e+00 9.972216378514112023e+00 3.154317274435843199e+00 2.328803315715377131e+00 4.453641153760098170e+00 4.185548289435030433e+00 4.648800955736695606e+00 5.000000000000000000e+02 5.000000000000000000e+02 5.000000000000000000e+02 5.000000000000000000e+02 5.000000000000000000e+02 5.000000000000000000e+02 5.000000000000000000e+02 5.000000000000000000e+02 5.000000000000000000e+02 5.000000000000000000e+02 5.000000000000000000e+02 5.000000000000000000e+02 5.000000000000000000e+02 5.000000000000000000e+02 5.000000000000000000e+02 5.000000000000000000e+02
-9.054392601312177698e-10 1.174294902929687487e+04 8.675830167968750175e+03 1.435030374267578054e+03 1.024060668945312447e-01 5.140970458984375213e-01 -4.845249023437500080e-01 3.159442749023437247e-01 2.264664306640624958e-01 1.173890386132812455e+04 1.021393674316406219e+02 1.436065066162109360e+03 7.233923339843749412e-02 3.934392089843750107e-01 -6.623632812499999356e-02 -3.378106689453125311e-02 -5.770007324218749678e-02 2.502564730346041344e+01 9.582690577570563306e+00 9.454627476540704123e+00 3.023202680277021770e+00 2.466991063294963205e+00 4.271456229868106469e+00 4.137295963295774648e+00 4.829379481208147418e+00 2.483939613755239151e+01 8.191464770779719018e+00 9.736414059012011180e+00 3.021797978444619392e+00 2.550318603303775244e+00 4.491827751219642728e+00 4.149868968772654654e+00 4.877462577650081066e+00 5.000000000000000000e+02 5.000000000000000000e+02 5.000000000000000000e+02 5.000000000000000000e+02 5.000000000000000000e+02 5.000000000000000000e+02 5.000000000000000000e+02 5.000000000000000000e+02 5.000000000000000000e+02 5.000000000000000000e+02 5.000000000000000000e+02 5.000000000000000000e+02 5.000000000000000000e+02 5.000000000000000000e+02 5.000000000000000000e+02 5.000000000000000000e+02
-9.054144034323216754e-10 1.173970288671874914e+04 8.675939160156249272e+03 1.435010760253906255e+03 7.269436645507812433e-02 6.879456176757812180e-01 6.966400146484375000e-02 9.775390624999999792e-03 -4.044564208984374742e-01 1.174304727148437451e+04 1.015014080810546915e+02 1.435851632568359264e+03 1.402945251464843834e-01 4.278001098632812638e-01 5.685815429687499784e-02 -1.172979736328124967e-01 1.024660644531250053e-01 2.360401909914360274e+01 9.597292330383835335e+00 9.795233203208329797e+00 3.147390657583764462e+00 2.390297726758457308e+00 4.683013641437907104e+00 4.395824814340385522e+00 4.716001338547271438e+00 2.435498388199347630e+01 7.895085239499575636e+00 9.813530079754825053e+00 3.023523243327350229e+00 2.552853573784938046e+00 4.468558679309423631e+00 4.127728874989903929e+00 4.768493107755158000e+00 5.000000000000000000e+02 5.000000000000000000e+02 5.000000000000000000e+02 5.000000000000000000e+02 5.000000000000000000e+02 5.000000000000000000e+02 5.000000000000000000e+02 5.000000000000000000e+02 5.000000000000000000e+02 5.000000000000000000e+02 5.000000000000000000e+02 5.000000000000000000e+02 5.000000000000000000e+02 5.000000000000000000e+02 5.000000000000000000e+02 5.000000000000000000e+02
-9.053893732835676799e-10 1.174252781640624926e+04 8.675828986328124302e+03 1.435489596923828231e+03 6.647225952148437533e-02 4.981296386718749858e-01 -8.499645996093750655e-02 -2.489465332031250144e-02 -2.671888427734375182e-01 1.173988086523437414e+04 1.019975468597412060e+02 1.436494686523437394e+03 4.686660766601562222e-02 5.414498291015624742e-01 1.861638183593750107e-01 -8.828851318359375033e-02 2.467994384765624938e-01 2.414778781705804533e+01 9.990617702128323785e+00 9.585599545516901188e+00 3.135758064346538809e+00 2.402048583247216484e+00 4.642907033673818518e+00 3.954529973099407680e+00 4.818984783004282235e+00 2.502039709356137465e+01 7.851098707133680854e+00 9.812925831053831871e+00 3.110378171286383608e+00 2.652442902262304614e+00 4.374858660274671074e+00 3.904038050115585801e+00 4.620146432691767835e+00 5.000000000000000000e+02 5.000000000000000000e+02 5.000000000000000000e+02 5.000000000000000000e+02 5.000000000000000000e+02 5.000000000000000000e+02 5.000000000000000000e+02 5.000000000000000000e+02 5.000000000000000000e+02 5.000000000000000000e+02 5.000000000000000000e+02 5.000000000000000000e+02 5.000000000000000000e+02 5.000000000000000000e+02 5.000000000000000000e+02 5.000000000000000000e+02
-9.053643297925168593e-10 1.174055020898437579e+04 8.675841541015624898e+03 1.435236377685546813e+03 1.000886230468750054e-01 4.553398437499999729e-01 -2.215881347656250000e-01 -8.648760986328124512e-02 -3.338212890625000262e-01 1.174307339062500068e+04 1.010796285552978446e+02 1.436176717529296866e+03 9.554968261718750633e-02 3.285660400390624791e-01 2.246688842773437444e-01 9.157421875000000544e-02 -2.211193847656249892e-02 2.490064171784945657e+01 9.508118340160415016e+00 9.840593674211895348e+00 3.019548927296775265e+00 2.371885971290118800e+00 4.480618170831656144e+00 4.061862328265585020e+00 4.957051970116320483e+00 2.391973504911871373e+01 7.346669082178883592e+00 9.579353652445719902e+00 3.142410012119699392e+00 2.509360297694822606e+00 4.708937541763139834e+00 3.988299010693582503e+00 4.652387910422907780e+00 5.000000000000000000e+02 5.000000000000000000e+02 5.000000000000000000e+02 5.000000000000000000e+02 5.000000000000000000e+02 5.000000000000000000e+02 5.000000000000000000e+02 5.000000000000000000e+02 5.000000000000000000e+02 5.000000000000000000e+02 5.000000000000000000e+02 5.000000000000000000e+02 5.000000000000000000e+02 5.000000000000000000e+02 5.000000000000000000e+02 5.000000000000000000e+02
-9.053392863014657284e-10 1.174204251953124913e+04 8.676291992187500000e+03 1.436205459960937560e+03 2.029446411132812544e-02 5.240463867187500346e-01 -1.946978759765624900e-01 -3.461507568359374898e-01 -1.497556152343750002e-01 1.174106578515625006e+04 1.024680325622558570e+02 1.437057343505859308e+03 2.108889465332031143e-01 4.471741943359375249e-01 1.589526977539062469e-01 9.700134277343749542e-03 -1.893889160156249918e-01 2.439693993602704936e+01 9.574685544061992459e+00 9.851472016901135831e+00 3.040146098606364422e+00 2.413310782739820581e+00 4.417972122452535899e+00 4.009985712713252326e+00 4.920792363322349594e+00 2.389180770526264297e+01 7.756635753877668904e+00 9.899624809006127180e+00 2.996859543075476306e+00 2.584140611868775306e+00 4.422797710261640702e+00 4.017009064211989333e+00 4.525408557390920627e+00 5.000000000000000000e+02 5.000000000000000000e+02 5.000000000000000000e+02 5.000000000000000000e+02 5.000000000000000000e+02 5.000000000000000000e+02 5.000000000000000000e+02 5.000000000000000000e+02 5.000000000000000000e+02 5.000000000000000000e+02 5.000000000000000000e+02 5.000000000000000000e+02 5.000000000000000000e+02 5.000000000000000000e+02 5.000000000000000000e+02 5.000000000000000000e+02
-9.053142361392666502e-10 1.174147778320312500e+04 8.675722968750000291e+03 1.436747353027343706e+03 3.043310546874999911e-02 5.081769409179687225e-01 3.016828613281249960e-01 -8.518695068359374845e-02 1.859008789062499903e-02 1.174184376953124956e+04 1.013624733123779293e+02 1.437436926269531341e+03 -3.491629028320312328e-02 6.358363647460937296e-01 -3.835266113281250201e-03 2.380081176757812556e-01 -9.787475585937500250e-03 2.409902237455522211e+01 9.242885814741883976e+00 9.480990145582595119e+00 3.074628391689767870e+00 2.565440547625828405e+00 4.318898442304774932e+00 4.268393060633535185e+00 4.814797079843192940e+00 2.415737939196733564e+01 7.594288955126535789e+00 9.573725590109138039e+00 3.104007512839952021e+00 2.436947567965899619e+00 4.417246644270866440e+00 4.158387199985670080e+00 4.728137625487785378e+00 5.000000000000000000e+02 5.000000000000000000e+02 5.000000000000000000e+02 5.000000000000000000e+02 5.000000000000000000e+02 5.000000000000000000e+02 5.000000000000000000e+02 5.000000000000000000e+02 5.000000000000000000e+02 5.000000000000000000e+02 5.000000000000000000e+02 5.000000000000000000e+02 5.000000000000000000e+02 5.000000000000000000e+02 5.000000000000000000e+02 5.000000000000000000e+02
-9.052894061249641029e-10 1.174098077929687497e+04 8.675828238281250378e+03 1.436661918212890669e+03 2.116722412109375007e-01 5.428267211914062917e-01 8.514721679687499434e-02 7.109936523437500322e-02 1.511558837890625007e-01 1.174266690429687515e+04 1.020143020629882784e+02 1.437422834228515512e+03 1.166833496093750006e-01 6.546403808593750373e-01 1.187786254882812476e-01 -4.359855346679687438e-01 9.066723632812499767e-02 2.392984990853729954e+01 9.305424888137570960e+00 9.683763479786271944e+00 3.121145360841189209e+00 2.445712610373629303e+00 4.441161001311852985e+00 3.919297305023949463e+00 4.825799157322841815e+00 2.414558307855076791e+01 8.020899553461285691e+00 9.769225588978834196e+00 3.046113081235271025e+00 2.320945287858246164e+00 4.537434004607033167e+00 4.134708933419779520e+00 4.809430674277273887e+00 5.000000000000000000e+02 5.000000000000000000e+02 5.000000000000000000e+02 5.000000000000000000e+02 5.000000000000000000e+02 5.000000000000000000e+02 5.000000000000000000e+02 5.000000000000000000e+02 5.000000000000000000e+02 5.000000000000000000e+02 5.000000000000000000e+02 5.000000000000000000e+02 5.000000000000000000e+02 5.000000000000000000e+02 5.000000000000000000e+02 5.000000000000000000e+02
-9.052645360837712866e-10 1.174353506249999919e+04 8.675775439453125728e+03 1.435718321533203152e+03 1.363892517089843881e-01 5.413671875000000133e-01 4.214360351562499996e-01 -7.689709472656250377e-02 -1.232663574218750002e-01 1.173946077734374921e+04 1.020065836029052804e+02 1.436696440429687527e+03 2.978881835937500014e-02 4.573899536132812749e-01 9.544525146484375555e-02 5.501623535156249800e-02 2.023997802734374962e-01 2.451300854664153661e+01 9.203493378421569560e+00 9.677955606800740185e+00 3.054635669065366876e+00 2.714412656167151550e+00 4.524880177472956788e+00 3.946338164475555299e+00 4.696333535477331900e+00 2.450556625002116462e+01 8.351399211009134405e+00 9.727361647940769629e+00 3.062104716506307334e+00 2.392142523592050818e+00 4.357584054664953577e+00 3.956798070966197844e+00 4.721355697514491467e+00 5.000000000000000000e+02 5.000000000000000000e+02 5.000000000000000000e+02 5.000000000000000000e+02 5.000000000000000000e+02 5.000000000000000000e+02 5.000000000000000000e+02 5.000000000000000000e+02 5.000000000000000000e+02 5.000000000000000000e+02 5.000000000000000000e+02 5.000000000000000000e+02 5.000000000000000000e+02 5.000000000000000000e+02 5.000000000000000000e+02 5.000000000000000000e+02
-9.052396860560235531e-10 1.173882676171875028e+04 8.675674466796874185e+03 1.435306392333984377e+03 1.175280456542968782e-01 5.469937744140624947e-01 -1.618054199218749850e-02 2.888762207031250195e-01 -4.902338867187500115e-01 1.174354691601562445e+04 1.017595509033203172e+02 1.436118493408203221e+03 1.131997680664062478e-01 4.353358154296875226e-01 -7.056121826171875278e-02 2.972605590820312504e-01 2.457666015624999922e-01 2.440891655179824937e+01 9.383174541481286823e+00 9.615859451560520910e+00 3.150443165152867042e+00 2.455108209773956940e+00 4.739818608119461985e+00 4.085463560877421685e+00 4.634546898088157008e+00 2.432587493217336316e+01 8.391303431231824206e+00 9.855740663563196335e+00 3.151143526879658374e+00 2.419562753279074219e+00 4.725094829593517787e+00 4.005367530686312350e+00 4.598355747486157163e+00 5.000000000000000000e+02 5.000000000000000000e+02 5.000000000000000000e+02 5.000000000000000000e+02 5.000000000000000000e+02 5.000000000000000000e+02 5.000000000000000000e+02 5.000000000000000000e+02 5.000000000000000000e+02 5.000000000000000000e+02 5.000000000000000000e+02 5.000000000000000000e+02 5.000000000000000000e+02 5.000000000000000000e+02 5.000000000000000000e+02 5.000000000000000000e+02
-9.052142756518113307e-10 1.174368916015624927e+04 8.675570546875000218e+03 1.435986699462890556e+03 1.881051940917968790e-01 4.530995483398437274e-01 -3.039503784179687362e-01 1.658430175781250016e-01 1.248670654296874932e-01 1.174002746484374984e+04 1.018329836273193365e+02 1.436854457519531252e+03 1.134615478515624970e-01 5.502898559570312820e-01 -8.563867187500000255e-02 1.854354858398437611e-01 4.326442871093750253e-01 2.331053083469971909e+01 9.407787497266266286e+00 9.606994022853655224e+00 3.159419284913378423e+00 2.656040082466533558e+00 4.826944962734323497e+00 4.001823896523294621e+00 4.711492180898823712e+00 2.430380309812300510e+01 7.839511788215010490e+00 9.810315232327527113e+00 3.198747356756942217e+00 2.574897577795827175e+00 4.492887622117547330e+00 4.178867902683144564e+00 4.485156372987132656e+00 5.000000000000000000e+02 5.000000000000000000e+02 5.000000000000000000e+02 5.000000000000000000e+02 5.000000000000000000e+02 5.000000000000000000e+02 5.000000000000000000e+02 5.000000000000000000e+02 5.000000000000000000e+02 5.000000000000000000e+02 5.000000000000000000e+02 5.000000000000000000e+02 5.000000000000000000e+02 5.000000000000000000e+02 5.000000000000000000e+02 5.000000000000000000e+02
-9.051893455702831627e-10 1.173994282421874959e+04 8.676255169921874767e+03 1.434777894775390678e+03 1.982613525390624909e-01 4.849801635742187478e-01 4.551994018554687549e-01 -7.059143066406249785e-03 -3.295327148437500187e-01 1.174280952929687555e+04 1.017344241943359435e+02 1.435436086181640576e+03 7.251123046874999312e-02 5.909802246093750488e-01 1.339723510742187595e-01 -4.516601562500000217e-04 1.514587402343750035e-02 2.445885038842731873e+01 9.586398001210637787e+00 9.827710708199244749e+00 3.185235768859820737e+00 2.480379975551517013e+00 4.535503748067561958e+00 4.002991701781041023e+00 4.716907151596782199e+00 2.438506072703104266e+01 7.728043738664713835e+00 9.790523876601291420e+00 3.051353497595146180e+00 2.549841045314446220e+00 4.282389258353614281e+00 4.075747203234098670e+00 4.826627352214742039e+00 5.000000000000000000e+02 5.000000000000000000e+02 5.000000000000000000e+02 5.000000000000000000e+02 5.000000000000000000e+02 5.000000000000000000e+02 5.000000000000000000e+02 5.000000000000000000e+02 5.000000000000000000e+02 5.000000000000000000e+02 5.000000000000000000e+02 5.000000000000000000e+02 5.000000000000000000e+02 5.000000000000000000e+02 5.000000000000000000e+02 5.000000000000000000e+02
-9.051644221599032523e-10 1.174183960742187446e+04 8.676298289062500771e+03 1.436994409179687409e+03 1.538945617675781252e-01 5.567867431640625142e-01 -3.134032592773437487e-01 6.759423828124999645e-02 -4.816782226562499880e-01 1.174076739062500019e+04 1.021393182830810531e+02 1.437829063232421959e+03 1.636109313964843881e-01 5.355032958984374813e-01 1.764423828124999927e-01 7.909472656249999512e-02 1.371907958984374953e-01 2.385372187109055275e+01 9.576414695755369522e+00 9.322052866338296440e+00 3.143814945019223650e+00 2.324764299501579146e+00 4.639975958603557160e+00 4.028172772566081861e+00 4.675734673671280817e+00 2.433928389715820373e+01 7.909649024043570620e+00 9.764631678869601927e+00 3.086455183453138851e+00 2.524108459743740873e+00 4.553146692958878639e+00 3.895433372501847735e+00 4.615072935259781239e+00 5.000000000000000000e+02 5.000000000000000000e+02 5.000000000000000000e+02 5.000000000000000000e+02 5.000000000000000000e+02 5.000000000000000000e+02 5.000000000000000000e+02 5.000000000000000000e+02 5.000000000000000000e+02 5.000000000000000000e+02 5.000000000000000000e+02 5.000000000000000000e+02 5.000000000000000000e+02 5.000000000000000000e+02 5.000000000000000000e+02 5.000000000000000000e+02
-9.051394120245941328e-10 1.174185516210937567e+04 8.676165267578124258e+03 1.437773267089843785e+03 1.092444152832031251e-01 6.015569458007812287e-01 -3.785640258789062518e-01 -2.771024780273437238e-01 1.723537597656250031e-01 1.174222956445312411e+04 1.016019552612304722e+02 1.438678041748046780e+03 8.456719970703124867e-02 5.361093139648437367e-01 1.352531127929687549e-01 7.395288085937500033e-02 -2.340773925781249876e-01 2.379097670516052432e+01 9.653290350273389109e+00 9.676205518528742999e+00 3.186227823163874540e+00 2.456100020064376555e+00 4.490903383594626597e+00 4.171469723907801352e+00 4.702945312313266513e+00 2.419008189022551747e+01 7.717073087894335437e+00 9.526953095811967032e+00 3.040910753123680976e+00 2.441250318578620959e+00 4.589839361591810274e+00 4.093188835356706079e+00 4.573870119064727291e+00 5.000000000000000000e+02 5.000000000000000000e+02 5.000000000000000000e+02 5.000000000000000000e+02 5.000000000000000000e+02 5.000000000000000000e+02 5.000000000000000000e+02 5.000000000000000000e+02 5.000000000000000000e+02 5.000000000000000000e+02 5.000000000000000000e+02 5.000000000000000000e+02 5.000000000000000000e+02 5.000000000000000000e+02 5.000000000000000000e+02 5.000000000000000000e+02
-9.051144552584722110e-10 1.174012967578125063e+04 8.676491521484374971e+03 1.436575395507812573e+03 7.418914794921875611e-02 6.032737426757812660e-01 -5.877435302734374672e-02 -3.935546874999999722e-02 -9.358947753906249334e-02 1.174222868554687557e+04 1.020515429077148468e+02 1.437455107421875027e+03 2.175009155273437481e-02 5.374461059570312393e-01 -3.196004028320312274e-01 -3.730859985351562269e-01 -5.807873535156250072e-02 2.466000323378053594e+01 9.763472858406860411e+00 9.743478627202055264e+00 3.134913387395928730e+00 2.450205893139159929e+00 4.506007619347499826e+00 3.958996887020233668e+00 4.658390898892194265e+00 2.367692853474061465e+01 7.671724511335440866e+00 9.771721276572508330e+00 3.209727110455778298e+00 2.494682850588184397e+00 4.515094323873760196e+00 3.958192167622985647e+00 4.768524490683538453e+00 5.000000000000000000e+02 5.000000000000000000e+02 5.000000000000000000e+02 5.000000000000000000e+02 5.000000000000000000e+02 5.000000000000000000e+02 5.000000000000000000e+02 5.000000000000000000e+02 5.000000000000000000e+02 5.000000000000000000e+02 5.000000000000000000e+02 5.000000000000000000e+02 5.000000000000000000e+02 5.000000000000000000e+02 5.000000000000000000e+02 5.000000000000000000e+02
-9.050896385864666957e-10 1.174234810937499969e+04 8.675553632812499927e+03 1.434543864990234397e+03 1.791165771484375113e-01 5.553535766601562784e-01 -1.640548095703124876e-01 -2.584335327148437611e-01 -4.879150390624999861e-04 1.174036115234375029e+04 1.018869143066406195e+02 1.435700588867187435e+03 1.395221862792968837e-01 5.850604248046874512e-01 -1.317167968749999862e-01 -5.326312255859375067e-02 -8.217761230468749456e-02 2.376886510701669408e+01 9.237276240548823125e+00 9.826668269710651771e+00 3.133530443402198440e+00 2.450340323916986751e+00 4.342344654180564589e+00 4.045155450929898144e+00 4.791051162685105780e+00 2.426852178221387746e+01 7.760543374478785061e+00 9.863744481821610677e+00 3.152450613929984158e+00 2.496559635264909982e+00 4.690069734658972145e+00 3.967217304218036755e+00 4.603861967739792505e+00 5.000000000000000000e+02 5.000000000000000000e+02 5.000000000000000000e+02 5.000000000000000000e+02 5.000000000000000000e+02 5.000000000000000000e+02 5.000000000000000000e+02 5.000000000000000000e+02 5.000000000000000000e+02 5.000000000000000000e+02 5.000000000000000000e+02 5.000000000000000000e+02 5.000000000000000000e+02 5.000000000000000000e+02 5.000000000000000000e+02 5.000000000000000000e+02
-9.050642882225897216e-10 1.174097546093749952e+04 8.675598306640624287e+03 1.435510015869140716e+03 1.059003601074218759e-01 5.822573242187499831e-01 1.478109130859374953e-01 4.652758789062499956e-02 -2.806999511718750173e-01 1.174363985742187469e+04 1.011728286132812542e+02 1.436447502929687516e+03 2.589492797851562500e-01 4.096395263671874787e-01 -2.115805053710937411e-01 -1.670835571289062405e-01 -9.176721191406249367e-02 2.429300150163739502e+01 9.151975067642192485e+00 9.565241981201019428e+00 2.971679220034079805e+00 2.553395257770983307e+00 4.559129234070927517e+00 3.843421145993613397e+00 4.833302756003772238e+00 2.358668106808841358e+01 7.765255448244190895e+00 9.759407233210998456e+00 3.197532351873971557e+00 2.326937614639326579e+00 4.047347814572161084e+00 4.026021206871304159e+00 4.427915999825543736e+00 5.000000000000000000e+02 5.000000000000000000e+02 5.000000000000000000e+02 5.000000000000000000e+02 5.000000000000000000e+02 5.000000000000000000e+02 5.000000000000000000e+02 5.000000000000000000e+02 5.000000000000000000e+02 5.000000000000000000e+02 5.000000000000000000e+02 5.000000000000000000e+02 5.000000000000000000e+02 5.000000000000000000e+02 5.000000000000000000e+02 5.000000000000000000e+02
-9.050395516043647442e-10 1.174300281054687548e+04 8.676057958984374636e+03 1.436563910644531234e+03 5.494985961914062439e-02 5.075969848632811976e-01 1.437830200195312491e-01 -2.369450683593750107e-01 1.103124999999999939e-01 1.174011172460937451e+04 1.023326652069091836e+02 1.437487075195312400e+03 -6.886679077148437356e-02 4.145330810546875022e-01 2.607951049804687615e-01 -2.213848876953124906e-02 -1.862222900390624880e-01 2.516265171782467647e+01 9.493700658005749915e+00 9.546219911237928457e+00 3.136811956440976434e+00 2.639985620060844695e+00 4.622754627955344198e+00 4.193888768321961891e+00 4.472887872008434407e+00 2.429598519901303888e+01 8.529638632577768220e+00 9.515845397386879512e+00 3.047789469764548453e+00 2.349937995475565256e+00 4.520413886449803798e+00 4.157471089080953419e+00 4.895533937617615017e+00 5.000000000000000000e+02 5.000000000000000000e+02 5.000000000000000000e+02 5.000000000000000000e+02 5.000000000000000000e+02 5.000000000000000000e+02 5.000000000000000000e+02 5.000000000000000000e+02 5.000000000000000000e+02 5.000000000000000000e+02 5.000000000000000000e+02 5.000000000000000000e+02 5.000000000000000000e+02 5.000000000000000000e+02 5.000000000000000000e+02 5.000000000000000000e+02
-9.050146148516880085e-10 1.173941853515625007e+04 8.676279574218749985e+03 1.436131462646484351e+03 7.610537719726562234e-02 5.773474121093750133e-01 2.418510131835937549e-01 2.599858398437500107e-01 -2.146434326171874907e-01 1.174328130859375051e+04 1.021066612396240174e+02 1.436808723144531314e+03 5.353314208984374933e-02 4.804429931640625262e-01 -9.116345214843750433e-02 -4.697460937499999684e-02 1.452902832031250091e-01 2.408335093603932364e+01 9.484300803651585454e+00 9.733309502746273267e+00 3.060977299844845234e+00 2.525367588899491977e+00 4.280563663739274993e+00 4.054039236599108698e+00 4.459171310186726522e+00 2.401441191267530684e+01 8.141067016347120600e+00 9.719489189555817532e+00 3.072302803375210445e+00 2.558863321979878425e+00 4.405967726389827810e+00 4.236846354132445036e+00 4.676957803863366792e+00 5.000000000000000000e+02 5.000000000000000000e+02 5.000000000000000000e+02 5.000000000000000000e+02 5.000000000000000000e+02 5.000000000000000000e+02 5.000000000000000000e+02 5.000000000000000000e+02 5.000000000000000000e+02 5.000000000000000000e+02 5.000000000000000000e+02 5.000000000000000000e+02 5.000000000000000000e+02 5.000000000000000000e+02 5.000000000000000000e+02 5.000000000000000000e+02
-9.049894112530756985e-10 1.174287974609374942e+04 8.675834796875000393e+03 1.436109521484374909e+03 1.464772949218750009e-01 4.787667846679687367e-01 -1.393413696289062531e-01 1.830419921875000022e-01 -6.297999267578124893e-01 1.174029181249999965e+04 1.018336328582763741e+02 1.437028807373046902e+03 1.672221374511718706e-01 6.434868164062500506e-01 -1.338587036132812547e-01 4.676361083984374722e-02 -1.426708984374999989e-01 2.463294964788689967e+01 9.636964871472269323e+00 9.371848085907940273e+00 3.143303496790291973e+00 2.377680250199569745e+00 4.411639211188932208e+00 4.110216873789637404e+00 4.541332607156920886e+00 2.475678910872300165e+01 7.850410503822409680e+00 9.681171794725329960e+00 3.132762718494445320e+00 2.713061440634024102e+00 4.312260944860676126e+00 4.001391217282474599e+00 4.703516818489713813e+00 5.000000000000000000e+02 5.000000000000000000e+02 5.000000000000000000e+02 5.000000000000000000e+02 5.000000000000000000e+02 5.000000000000000000e+02 5.000000000000000000e+02 5.000000000000000000e+02 5.000000000000000000e+02 5.000000000000000000e+02 5.000000000000000000e+02 5.000000000000000000e+02 5.000000000000000000e+02 5.000000000000000000e+02 5.000000000000000000e+02 5.000000000000000000e+02
-9.049643744331733421e-10 1.174021519531249942e+04 8.675702251953125597e+03 1.437952323730468834e+03 1.806997985839843834e-01 6.027503662109374716e-01 -1.680548706054687536e-01 3.136940307617187562e-01 -1.275557861328124876e-01 1.174193105859374919e+04 1.018629754638671869e+02 1.438507900146484417e+03 1.170168457031249970e-01 3.226599121093750022e-01 1.903428955078124984e-01 2.811967163085937749e-01 1.934110107421875002e-01 2.393230973881672341e+01 9.590991161923259511e+00 9.456006758819198055e+00 3.071710712883579664e+00 2.362958510255470657e+00 4.467246718895860447e+00 4.168376290412204810e+00 4.976087857118919544e+00 2.480365641236312158e+01 7.736421156252827558e+00 9.719856297594413164e+00 3.092306865630320978e+00 2.685424437715921098e+00 4.588606928910237137e+00 3.973012765449923656e+00 4.775779665681280761e+00 5.000000000000000000e+02 5.000000000000000000e+02 5.000000000000000000e+02 5.000000000000000000e+02 5.000000000000000000e+02 5.000000000000000000e+02 5.000000000000000000e+02 5.000000000000000000e+02 5.000000000000000000e+02 5.000000000000000000e+02 5.000000000000000000e+02 5.000000000000000000e+02 5.000000000000000000e+02 5.000000000000000000e+02 5.000000000000000000e+02 5.000000000000000000e+02
-9.049396244726514361e-10 1.174222291015624978e+04 8.675995107421875218e+03 1.438048472412109277e+03 1.831441345214843697e-01 5.936041870117187980e-01 -6.603223876953124849e-01 3.125072021484375240e-01 -2.174312744140624865e-01 1.174161525976562552e+04 1.018995346527099599e+02 1.438636570556640663e+03 1.074334411621093721e-01 5.341766357421875444e-01 1.451828613281249958e-01 5.345092773437499882e-03 -5.108665771484375284e-01 2.366030610455661787e+01 9.427798482251056100e+00 9.723085051232917664e+00 3.180720182350236236e+00 2.489249009527382483e+00 4.672287597028808470e+00 3.872775116384903349e+00 4.691476603428634817e+00 2.408603496523277343e+01 7.567203040863226704e+00 9.566829072791479760e+00 3.107379086940418755e+00 2.695440193625795455e+00 4.694657163253461718e+00 3.922974988129335205e+00 4.650605233572258967e+00 5.000000000000000000e+02 5.000000000000000000e+02 5.000000000000000000e+02 5.000000000000000000e+02 5.000000000000000000e+02 5.000000000000000000e+02 5.000000000000000000e+02 5.000000000000000000e+02 5.000000000000000000e+02 5.000000000000000000e+02 5.000000000000000000e+02 5.000000000000000000e+02 5.000000000000000000e+02 5.000000000000000000e+02 5.000000000000000000e+02 5.000000000000000000e+02
-9.049143141356649377e-10 1.174165472460937417e+04 8.675389646484374680e+03 1.438590282958984290e+03 4.674472045898437483e-02 6.664095458984374831e-01 7.591717529296874989e-02 -1.005563354492187561e-01 -2.346671142578125036e-01 1.174120690624999952e+04 1.015315266418457014e+02 1.439390532714843857e+03 1.249774780273437552e-01 3.950043945312500249e-01 7.375183105468749618e-03 -3.188442382812500253e-01 9.720068359375000355e-02 2.375932409756753572e+01 9.269382508728428505e+00 9.741551456622284277e+00 3.102962447013973613e+00 2.624296579708649269e+00 4.199552269389178250e+00 4.215913413514369878e+00 4.536928815194139375e+00 2.422547462533067630e+01 7.807966824375739634e+00 9.665601284866013998e+00 3.116814275238543264e+00 2.409773984967753080e+00 4.260404099229925912e+00 3.828612867495126970e+00 4.669819438052016380e+00 5.000000000000000000e+02 5.000000000000000000e+02 5.000000000000000000e+02 5.000000000000000000e+02 5.000000000000000000e+02 5.000000000000000000e+02 5.000000000000000000e+02 5.000000000000000000e+02 5.000000000000000000e+02 5.000000000000000000e+02 5.000000000000000000e+02 5.000000000000000000e+02 5.000000000000000000e+02 5.000000000000000000e+02 5.000000000000000000e+02 5.000000000000000000e+02
-9.048893907252852340e-10 1.174107694921875009e+04 8.675690449218749563e+03 1.438532061767578170e+03 1.451282043457031157e-01 5.418396606445312624e-01 -1.897861938476562427e-01 -1.280242919921874972e-02 2.182226562500000008e-02 1.174226758007812532e+04 1.015462081604003970e+02 1.439536259765624891e+03 9.562777709960937345e-02 3.303799438476562322e-01 1.047556152343750019e-01 -1.399638671875000073e-01 -1.226457519531250068e-01 2.452757058056151251e+01 9.561197481274232857e+00 1.010315581441462562e+01 3.151887437981234275e+00 2.481148171939164815e+00 4.349430292153390276e+00 3.997883117232696293e+00 4.589906532460732436e+00 2.408929999154317159e+01 8.309905758593410852e+00 1.013350043584220650e+01 3.144222558858446259e+00 2.321066990771994742e+00 4.573157166576831578e+00 4.088497949072288584e+00 4.809071252517333583e+00 5.000000000000000000e+02 5.000000000000000000e+02 5.000000000000000000e+02 5.000000000000000000e+02 5.000000000000000000e+02 5.000000000000000000e+02 5.000000000000000000e+02 5.000000000000000000e+02 5.000000000000000000e+02 5.000000000000000000e+02 5.000000000000000000e+02 5.000000000000000000e+02 5.000000000000000000e+02 5.000000000000000000e+02 5.000000000000000000e+02 5.000000000000000000e+02
-9.048645807244278729e-10 1.174177862695312433e+04 8.675561701171875029e+03 1.437281321289062589e+03 9.793893432617187256e-02 4.883997802734375004e-01 2.615164184570312744e-01 -1.128134765625000008e-01 1.208675537109375059e-01 1.174079591992187488e+04 1.022620733642578159e+02 1.438182283935546820e+03 1.293222961425781192e-01 5.787031249999999849e-01 -1.684451293945312400e-01 2.408024291992187371e-01 -2.137597656249999936e-02 2.358174497769677203e+01 9.254906323795870193e+00 9.814665310302679302e+00 3.180906042374849640e+00 2.433183635738061845e+00 4.477051437431666336e+00 4.124971096207177723e+00 4.684941224794348713e+00 2.446608120811503184e+01 8.199611165258538392e+00 9.900577559898025015e+00 3.092632046855703365e+00 2.315465727676612406e+00 4.215139360453090234e+00 4.062354196725300071e+00 4.753102943798197977e+00 5.000000000000000000e+02 5.000000000000000000e+02 5.000000000000000000e+02 5.000000000000000000e+02 5.000000000000000000e+02 5.000000000000000000e+02 5.000000000000000000e+02 5.000000000000000000e+02 5.000000000000000000e+02 5.000000000000000000e+02 5.000000000000000000e+02 5.000000000000000000e+02 5.000000000000000000e+02 5.000000000000000000e+02 5.000000000000000000e+02 5.000000000000000000e+02
-9.048393771258156663e-10 1.174001943554687568e+04 8.676259527343749141e+03 1.439281228515624889e+03 1.095719909667968728e-01 6.480523681640625311e-01 1.457233886718750093e-01 -4.319158935546874717e-02 1.776226806640625044e-01 1.174271497070312580e+04 1.020348897552490257e+02 1.440140076416015518e+03 -1.808364868164062667e-02 4.179302978515624933e-01 -9.683471679687499778e-03 -1.582147216796875033e-01 -4.395544433593750328e-02 2.426982193907838692e+01 9.432811707991929140e+00 9.845599385704646878e+00 3.071121003639746938e+00 2.522408719345212713e+00 4.658163619376142428e+00 3.772742502891124339e+00 4.560570551472657996e+00 2.424178846355954420e+01 7.997852425667836052e+00 1.006017011936553196e+01 3.133796824344051046e+00 2.684872654062689712e+00 4.596647367005288309e+00 4.105479199120748213e+00 4.791461278980393423e+00 5.000000000000000000e+02 5.000000000000000000e+02 5.000000000000000000e+02 5.000000000000000000e+02 5.000000000000000000e+02 5.000000000000000000e+02 5.000000000000000000e+02 5.000000000000000000e+02 5.000000000000000000e+02 5.000000000000000000e+02 5.000000000000000000e+02 5.000000000000000000e+02 5.000000000000000000e+02 5.000000000000000000e+02 5.000000000000000000e+02 5.000000000000000000e+02
-9.048143603193581859e-10 1.174257957812499990e+04 8.675835519531250611e+03 1.439794041015624998e+03 1.447001342773437393e-01 4.645994262695312682e-01 1.218973999023437449e-01 -4.999658203125000033e-02 -2.222237548828125131e-01 1.174057457812500070e+04 1.018937876129150339e+02 1.440497820800781255e+03 1.321333923339843841e-01 5.039822387695312988e-01 4.112493896484375328e-02 1.416544799804687615e-01 5.226770019531250533e-01 2.379469675511429116e+01 9.841487681851663893e+00 9.405695494964662728e+00 3.205755917305087355e+00 2.471915928358847214e+00 4.273036181247767296e+00 4.092544546809376627e+00 4.618205939467289411e+00 2.444343308496365097e+01 8.113174011893411475e+00 9.601782674009479379e+00 3.043251907043054594e+00 2.713128606584499281e+00 4.695119747591694370e+00 4.147340187863130190e+00 4.847034097314946166e+00 5.000000000000000000e+02 5.000000000000000000e+02 5.000000000000000000e+02 5.000000000000000000e+02 5.000000000000000000e+02 5.000000000000000000e+02 5.000000000000000000e+02 5.000000000000000000e+02 5.000000000000000000e+02 5.000000000000000000e+02 5.000000000000000000e+02 5.000000000000000000e+02 5.000000000000000000e+02 5.000000000000000000e+02 5.000000000000000000e+02 5.000000000000000000e+02
-9.047895569896493925e-10 1.173953314062500067e+04 8.676845546874999854e+03 1.438621079101562600e+03 7.397781372070312556e-02 4.903663940429687229e-01 -7.228637695312499500e-02 9.369812011718749167e-03 -1.867993164062499989e-01 1.174255793164062561e+04 1.023575263214111288e+02 1.439496593017578107e+03 1.661725158691406135e-01 4.456451416015624889e-01 -6.706066894531249878e-02 4.963928222656249604e-03 -1.137324218750000032e-01 2.442578233205683347e+01 9.858625855165422891e+00 9.725488218318627531e+00 3.044084688661076399e+00 2.302243154312256568e+00 4.485741527247474991e+00 4.019927932580339203e+00 4.862327172256523333e+00 2.420407012174387518e+01 7.865868486927156233e+00 9.712858941867729357e+00 3.179335546192228801e+00 2.592420865482455206e+00 4.349470842374338453e+00 3.977702588407572737e+00 4.810388989533664450e+00 5.000000000000000000e+02 5.000000000000000000e+02 5.000000000000000000e+02 5.000000000000000000e+02 5.000000000000000000e+02 5.000000000000000000e+02 5.000000000000000000e+02 5.000000000000000000e+02 5.000000000000000000e+02 5.000000000000000000e+02 5.000000000000000000e+02 5.000000000000000000e+02 5.000000000000000000e+02 5.000000000000000000e+02 5.000000000000000000e+02 5.000000000000000000e+02
-9.047643467198887215e-10 1.174299647851562440e+04 8.675777876953125087e+03 1.437406128906249933e+03 -2.111114501953125205e-03 6.729001464843750169e-01 2.666688232421874916e-01 -1.979858398437499972e-02 2.357784423828125087e-01 1.174003083398437411e+04 1.020643795318603537e+02 1.438277716552734319e+03 9.123867797851561989e-02 5.279667968750000329e-01 3.392476196289062607e-01 -9.201049804687500000e-02 5.932657470703125435e-01 2.450299578016845459e+01 9.613701009931029162e+00 9.889791900663940538e+00 3.185342094272816116e+00 2.318838170889364392e+00 4.672037126851617650e+00 4.184262220288544221e+00 4.643115867726773871e+00 2.467531446425665465e+01 7.871830432335950256e+00 9.691452779110893090e+00 3.127644931737766143e+00 2.519087442475926863e+00 4.615494251991051122e+00 3.999367465061999027e+00 4.732771138468923944e+00 5.000000000000000000e+02 5.000000000000000000e+02 5.000000000000000000e+02 5.000000000000000000e+02 5.000000000000000000e+02 5.000000000000000000e+02 5.000000000000000000e+02 5.000000000000000000e+02 5.000000000000000000e+02 5.000000000000000000e+02 5.000000000000000000e+02 5.000000000000000000e+02 5.000000000000000000e+02 5.000000000000000000e+02 5.000000000000000000e+02 5.000000000000000000e+02
-9.047393499268765307e-10 1.173963218164062528e+04 8.675301306640625626e+03 1.437892250244140541e+03 5.211105346679687639e-02 4.793396606445312624e-01 2.056054687499999922e-01 1.463663330078124880e-01 -9.325549316406249456e-02 1.174365265429687497e+04 1.009006694335937482e+02 1.438608309570312485e+03 3.192736816406249734e-02 8.998063354492187305e-01 7.603320312500000400e-02 1.475445556640624933e-01 1.701882324218750020e-01 2.458260875735425444e+01 9.356525737063305925e+00 9.638696466341814428e+00 3.104456831917921100e+00 2.572432077915501658e+00 4.372936958901756377e+00 4.111699138341102788e+00 4.796718937756470957e+00 2.453394409463790282e+01 7.661191521834251894e+00 9.777160284705443516e+00 3.050019409700962303e+00 2.503592955843233270e+00 4.639904843907857845e+00 4.270272753758625583e+00 4.824294358447671627e+00 5.000000000000000000e+02 5.000000000000000000e+02 5.000000000000000000e+02 5.000000000000000000e+02 5.000000000000000000e+02 5.000000000000000000e+02 5.000000000000000000e+02 5.000000000000000000e+02 5.000000000000000000e+02 5.000000000000000000e+02 5.000000000000000000e+02 5.000000000000000000e+02 5.000000000000000000e+02 5.000000000000000000e+02 5.000000000000000000e+02 5.000000000000000000e+02
-9.047145999663547281e-10 1.174249280273437580e+04 8.675084363281250262e+03 1.438496809326171842e+03 -7.327728271484375278e-03 4.597962646484374805e-01 -3.351224365234374836e-01 -3.097922363281250258e-01 -1.686331787109374980e-01 1.173986442968750089e+04 1.011625019989013623e+02 1.439332965576171773e+03 1.013894042968749992e-01 5.436000366210937962e-01 9.992749023437499933e-02 1.031443481445312449e-01 4.742126464843750278e-02 2.501793594132055887e+01 9.513970190291409779e+00 9.549453577728307607e+00 3.092055938841506979e+00 2.419721799588206324e+00 4.665167735724561560e+00 4.202056892761107498e+00 4.638180841082673922e+00 2.452884400912797247e+01 7.421472155185154129e+00 9.468301440600598085e+00 3.097523664641088192e+00 2.383039510959331420e+00 4.268830718209629893e+00 4.049054402823971444e+00 4.661895015951855292e+00 5.000000000000000000e+02 5.000000000000000000e+02 5.000000000000000000e+02 5.000000000000000000e+02 5.000000000000000000e+02 5.000000000000000000e+02 5.000000000000000000e+02 5.000000000000000000e+02 5.000000000000000000e+02 5.000000000000000000e+02 5.000000000000000000e+02 5.000000000000000000e+02 5.000000000000000000e+02 5.000000000000000000e+02 5.000000000000000000e+02 5.000000000000000000e+02
-9.046894430657811513e-10 1.173961300976562416e+04 8.674547785156250029e+03 1.436104190185546940e+03 -7.596606445312499567e-02 6.201966552734374805e-01 -4.189733886718750161e-02 -8.718627929687500222e-03 2.189431152343750131e-01 1.174203305078125049e+04 1.003951838378906274e+02 1.436961382812500005e+03 1.990888977050781217e-01 5.600065917968749529e-01 -3.713574218750000100e-02 2.217507324218750131e-01 -1.210443115234375033e-01 2.456015976553923608e+01 9.513409106860063247e+00 1.000683572503645280e+01 3.068312245782283121e+00 2.228611870106427695e+00 4.689039898571340181e+00 4.018245825058398779e+00 4.828948386594750453e+00 2.464083491792761649e+01 7.587536422763627719e+00 9.813546241014151406e+00 3.044514107324683305e+00 2.395031744912876182e+00 4.574262163944243120e+00 4.204748037739578947e+00 4.823100708758871313e+00 5.000000000000000000e+02 5.000000000000000000e+02 5.000000000000000000e+02 5.000000000000000000e+02 5.000000000000000000e+02 5.000000000000000000e+02 5.000000000000000000e+02 5.000000000000000000e+02 5.000000000000000000e+02 5.000000000000000000e+02 5.000000000000000000e+02 5.000000000000000000e+02 5.000000000000000000e+02 5.000000000000000000e+02 5.000000000000000000e+02 5.000000000000000000e+02
-9.046642928363559355e-10 1.174326477929687462e+04 8.675624562499999229e+03 1.438044623046874904e+03 3.828335571289062655e-02 4.007260131835937433e-01 -1.275369262695312533e-01 -1.407583618164062467e-01 1.200783691406250020e-01 1.174021065039062523e+04 1.015891183929443429e+02 1.438986508544921890e+03 6.622210693359374678e-02 4.944996337890624760e-01 2.172530517578125098e-01 2.635961914062499856e-02 -2.372794189453124869e-01 2.506201685170147186e+01 9.961668993672487815e+00 9.966061195915044024e+00 2.957444023578175152e+00 2.567748774022097003e+00 4.627700722861870730e+00 4.147783135277645528e+00 4.428265315699937865e+00 2.389292806717014983e+01 7.720246777957735063e+00 9.682482589450616572e+00 3.129403931744512146e+00 2.428513513501769694e+00 4.552933438545014866e+00 4.070278238516404912e+00 4.681429123818698024e+00 5.000000000000000000e+02 5.000000000000000000e+02 5.000000000000000000e+02 5.000000000000000000e+02 5.000000000000000000e+02 5.000000000000000000e+02 5.000000000000000000e+02 5.000000000000000000e+02 5.000000000000000000e+02 5.000000000000000000e+02 5.000000000000000000e+02 5.000000000000000000e+02 5.000000000000000000e+02 5.000000000000000000e+02 5.000000000000000000e+02 5.000000000000000000e+02
-9.046394294663115836e-10 1.174050889648437442e+04 8.676140017578125480e+03 1.436778482666015634e+03 1.541667785644531274e-01 5.847095947265624760e-01 4.392993164062499734e-01 -1.178049316406249991e-01 -1.500112304687500064e-01 1.174214092773437551e+04 1.018333470306396435e+02 1.437482566162109379e+03 1.074779968261718732e-01 5.080712280273437242e-01 1.066224365234375027e-01 -7.983026123046875477e-02 5.144339599609375480e-01 2.425593442908469299e+01 9.646307420761912610e+00 9.903898099015233214e+00 3.051023726373094824e+00 2.380649143845648741e+00 4.391379555356397901e+00 3.927773700414591396e+00 4.752519432723605775e+00 2.391325009702298843e+01 7.831933712921816060e+00 9.897485061588158217e+00 3.136177696600455977e+00 2.442046990404256768e+00 4.625504466484613886e+00 4.010467248956759434e+00 4.377435034500908095e+00 5.000000000000000000e+02 5.000000000000000000e+02 5.000000000000000000e+02 5.000000000000000000e+02 5.000000000000000000e+02 5.000000000000000000e+02 5.000000000000000000e+02 5.000000000000000000e+02 5.000000000000000000e+02 5.000000000000000000e+02 5.000000000000000000e+02 5.000000000000000000e+02 5.000000000000000000e+02 5.000000000000000000e+02 5.000000000000000000e+02 5.000000000000000000e+02
-9.046143459483703906e-10 1.174119095312500031e+04 8.675534679687500102e+03 1.434219548583984306e+03 1.934114990234374887e-01 4.913665161132812487e-01 1.036914062500000067e-01 3.493085327148437447e-01 1.149548339843750044e-01 1.174155616796875074e+04 1.012221468353271518e+02 1.435027952392578072e+03 -1.092387084960937532e-01 6.997300415039062749e-01 -2.494025878906249993e-01 1.581658935546874922e-01 -9.807641601562500089e-02 2.439840383946343394e+01 9.625164679857684646e+00 1.004136340978410047e+01 3.146032334745028969e+00 2.495210369129759354e+00 4.651385796549796225e+00 4.058530473296364072e+00 4.570453104746531992e+00 2.388163151982610444e+01 7.699218360432365849e+00 9.812939247196613479e+00 3.075507693537844922e+00 2.430034681672431418e+00 4.591090033680098159e+00 4.161007630243396704e+00 4.745507967575811392e+00 5.000000000000000000e+02 5.000000000000000000e+02 5.000000000000000000e+02 5.000000000000000000e+02 5.000000000000000000e+02 5.000000000000000000e+02 5.000000000000000000e+02 5.000000000000000000e+02 5.000000000000000000e+02 5.000000000000000000e+02 5.000000000000000000e+02 5.000000000000000000e+02 5.000000000000000000e+02 5.000000000000000000e+02 5.000000000000000000e+02 5.000000000000000000e+02
-9.045896160012938775e-10 1.174183723437499975e+04 8.675346843749999607e+03 1.438164008300781234e+03 2.556054077148437464e-01 5.975802001953125497e-01 -3.044219360351562709e-01 -1.565924682617187425e-01 1.770664062500000024e-01 1.174110571093749968e+04 1.017401184539794912e+02 1.438907466552734377e+03 1.474005737304687480e-01 5.250542602539062242e-01 2.442941894531250047e-01 3.872608642578124760e-01 3.300203857421875053e-01 2.431431027763234098e+01 9.468618240083094051e+00 9.750408452540533233e+00 3.014557362679264330e+00 2.241936201759803460e+00 4.352206840286461542e+00 3.999281357486022870e+00 4.920715747777114402e+00 2.373667485837376745e+01 7.659713380178850173e+00 9.726226834810871580e+00 3.120670545722928235e+00 2.615798097337824313e+00 4.515523253027865280e+00 4.130412377949059355e+00 4.878077392536383172e+00 5.000000000000000000e+02 5.000000000000000000e+02 5.000000000000000000e+02 5.000000000000000000e+02 5.000000000000000000e+02 5.000000000000000000e+02 5.000000000000000000e+02 5.000000000000000000e+02 5.000000000000000000e+02 5.000000000000000000e+02 5.000000000000000000e+02 5.000000000000000000e+02 5.000000000000000000e+02 5.000000000000000000e+02 5.000000000000000000e+02 5.000000000000000000e+02
-9.045643456911975446e-10 1.173975757421874914e+04 8.674628560546874724e+03 1.438301786865234362e+03 7.910006713867187567e-02 4.532435302734375004e-01 -7.556958007812500377e-02 -2.122819213867187527e-01 -7.712109374999999434e-02 1.174221747265624981e+04 1.010274328155517622e+02 1.439127051269531194e+03 6.149468994140624978e-02 6.445658569335936949e-01 9.801977539062499412e-02 -1.863087768554687607e-01 1.903891601562499869e-01 2.486117521053260404e+01 9.763869212897759553e+00 9.559336056046470631e+00 3.084927300694734864e+00 2.211706340281204053e+00 4.329586484355822051e+00 3.906403883908342589e+00 4.666056758336559085e+00 2.450599885245416587e+01 7.918248751604690661e+00 9.679580946043783385e+00 3.132861079910241209e+00 2.517975498238362864e+00 4.716316569749997356e+00 4.027584874336806564e+00 4.723767675206486771e+00 5.000000000000000000e+02 5.000000000000000000e+02 5.000000000000000000e+02 5.000000000000000000e+02 5.000000000000000000e+02 5.000000000000000000e+02 5.000000000000000000e+02 5.000000000000000000e+02 5.000000000000000000e+02 5.000000000000000000e+02 5.000000000000000000e+02 5.000000000000000000e+02 5.000000000000000000e+02 5.000000000000000000e+02 5.000000000000000000e+02 5.000000000000000000e+02
-9.045393755827791077e-10 1.174205571679687455e+04 8.676261281249999229e+03 1.438958302978515576e+03 1.524558410644531181e-01 5.555892944335937278e-01 -8.686218261718750555e-02 1.457855224609374938e-02 1.172996826171874979e-01 1.174031309960937506e+04 1.025439427947998041e+02 1.439917721923828140e+03 1.746835327148437422e-01 6.274505615234374778e-01 -4.784954833984374906e-02 1.754965209960937522e-01 -1.054996337890625052e-01 2.519210185528160650e+01 9.909727249323028175e+00 9.644449627795692592e+00 3.133731666962487949e+00 2.369756703091065564e+00 4.372631324717174195e+00 4.221731110215945826e+00 4.832409327114977060e+00 2.421364305721622756e+01 7.859012968009231770e+00 9.645299170344060258e+00 3.063024677566031251e+00 2.669494090793247842e+00 4.421250448617954021e+00 3.982612743779891051e+00 4.939503229645814564e+00 5.000000000000000000e+02 5.000000000000000000e+02 5.000000000000000000e+02 5.000000000000000000e+02 5.000000000000000000e+02 5.000000000000000000e+02 5.000000000000000000e+02 5.000000000000000000e+02 5.000000000000000000e+02 5.000000000000000000e+02 5.000000000000000000e+02 5.000000000000000000e+02 5.000000000000000000e+02 5.000000000000000000e+02 5.000000000000000000e+02 5.000000000000000000e+02
-9.045144521723990939e-10 1.174050529492187525e+04 8.676051664062499185e+03 1.439006041259765652e+03 1.764611816406249922e-01 6.343366088867187225e-01 1.318745727539062385e-01 -2.629907226562500089e-02 3.146850585937500250e-02 1.174187831054687558e+04 1.023357549591064384e+02 1.439837260253906152e+03 2.207809448242187625e-02 4.573833007812500018e-01 1.501472778320312451e-01 1.997864990234375082e-01 -1.635001220703125036e-01 2.455148189850045526e+01 9.431877285389578702e+00 9.828046176601816342e+00 3.084938256829062198e+00 2.392002925891262066e+00 4.416594015670025186e+00 4.015971397866337611e+00 4.407017551903448904e+00 2.461775042532113389e+01 7.548019926245403077e+00 9.778904333308039654e+00 3.026527408681039866e+00 2.602249695336786850e+00 4.237832538389816328e+00 4.183052670209755242e+00 4.777218902360240271e+00 5.000000000000000000e+02 5.000000000000000000e+02 5.000000000000000000e+02 5.000000000000000000e+02 5.000000000000000000e+02 5.000000000000000000e+02 5.000000000000000000e+02 5.000000000000000000e+02 5.000000000000000000e+02 5.000000000000000000e+02 5.000000000000000000e+02 5.000000000000000000e+02 5.000000000000000000e+02 5.000000000000000000e+02 5.000000000000000000e+02 5.000000000000000000e+02
-9.044894153524964273e-10 1.174106582421874919e+04 8.675938218749999578e+03 1.438314405517578052e+03 1.345280761718750107e-01 5.966870727539062003e-01 -1.213309326171874980e-01 1.856695556640625133e-01 -4.283349609374999950e-02 1.174270638085937571e+04 1.013449468994140688e+02 1.439164140869140738e+03 -7.356649780273437356e-02 6.163265991210937766e-01 -2.785092163085937655e-01 -2.786586303710937296e-01 6.137785644531249529e-01 2.487087892857417160e+01 9.540631159805922579e+00 9.700019555672730220e+00 3.066709035036973230e+00 2.557196757015248956e+00 4.294418994294508352e+00 3.964968711242390587e+00 4.569009807925993094e+00 2.549107398198468033e+01 7.799609302556122614e+00 9.531015580776122320e+00 3.061618181642502989e+00 2.297198967892116972e+00 4.455443638333933976e+00 4.039839386652084308e+00 4.590234882367570712e+00 5.000000000000000000e+02 5.000000000000000000e+02 5.000000000000000000e+02 5.000000000000000000e+02 5.000000000000000000e+02 5.000000000000000000e+02 5.000000000000000000e+02 5.000000000000000000e+02 5.000000000000000000e+02 5.000000000000000000e+02 5.000000000000000000e+02 5.000000000000000000e+02 5.000000000000000000e+02 5.000000000000000000e+02 5.000000000000000000e+02 5.000000000000000000e+02
-9.044645653247489006e-10 1.174256749609375038e+04 8.674883972656249171e+03 1.436034035156249956e+03 1.492774963378906139e-01 4.052839355468749738e-01 -2.343440551757812462e-01 8.631292724609375411e-02 2.789062499999999875e-03 1.174033583203125090e+04 1.008474571533203061e+02 1.437015213378906310e+03 2.645584106445312417e-02 6.113635253906249956e-01 1.497558593750000083e-02 -1.068942260742187511e-01 1.385101318359374944e-01 2.404985107935964450e+01 9.589606957752321748e+00 9.809822018481529682e+00 3.066373846898788891e+00 2.666004201333870505e+00 4.700624945051687931e+00 3.989316514272093883e+00 4.815238520359663710e+00 2.445552725313702780e+01 8.070751343592583282e+00 9.810889224997913161e+00 3.099579461218002319e+00 2.402767261866746384e+00 4.575159390191212871e+00 4.223540131761270189e+00 4.739337397399221885e+00 5.000000000000000000e+02 5.000000000000000000e+02 5.000000000000000000e+02 5.000000000000000000e+02 5.000000000000000000e+02 5.000000000000000000e+02 5.000000000000000000e+02 5.000000000000000000e+02 5.000000000000000000e+02 5.000000000000000000e+02 5.000000000000000000e+02 5.000000000000000000e+02 5.000000000000000000e+02 5.000000000000000000e+02 5.000000000000000000e+02 5.000000000000000000e+02
-9.044394351087688710e-10 1.174091367187499964e+04 8.675720703125000000e+03 1.437752453369140540e+03 7.816223144531250430e-03 5.841729125976562464e-01 1.097911376953124990e-01 6.038635253906249854e-03 3.114111328124999911e-01 1.174341345117187484e+04 1.018242978820800744e+02 1.438746055664062396e+03 5.328326416015625316e-02 5.727100219726563024e-01 -2.140296020507812536e-01 -8.778350830078124334e-02 -2.092539062500000102e-01 2.325171602286516759e+01 9.578881040421252990e+00 9.674155592461092468e+00 3.153708362696141076e+00 2.719173059357452349e+00 4.507819651164109764e+00 3.919156680396238990e+00 4.843541370849623995e+00 2.475600814863232912e+01 8.222182075124813139e+00 9.742207002464731147e+00 3.038089282192595775e+00 2.358184652551184257e+00 4.671582943862456538e+00 3.898335055499507096e+00 4.481313874648262363e+00 5.000000000000000000e+02 5.000000000000000000e+02 5.000000000000000000e+02 5.000000000000000000e+02 5.000000000000000000e+02 5.000000000000000000e+02 5.000000000000000000e+02 5.000000000000000000e+02 5.000000000000000000e+02 5.000000000000000000e+02 5.000000000000000000e+02 5.000000000000000000e+02 5.000000000000000000e+02 5.000000000000000000e+02 5.000000000000000000e+02 5.000000000000000000e+02
-9.044143315773824918e-10 1.174182789453125042e+04 8.676147714843749782e+03 1.433853321289062478e+03 8.842770385742187988e-02 5.092427978515624565e-01 -1.261114501953125022e-01 1.749799804687499905e-01 -5.685546874999999889e-02 1.174091000781249932e+04 1.018235632781982360e+02 1.434795238769531352e+03 8.583294677734375211e-02 6.202370605468749964e-01 3.408547363281250187e-01 8.337457275390625089e-02 -2.110106201171874918e-01 2.415740287108880580e+01 9.630225026580443881e+00 9.797212750419715732e+00 3.163728085024198666e+00 2.508633947931457886e+00 4.290593707891880548e+00 4.154959149892273551e+00 4.656448153619603403e+00 2.456014480677234602e+01 8.499159051617766636e+00 9.984223713691861235e+00 3.178168521612666275e+00 2.475571189322324006e+00 4.599729918310386800e+00 4.176918153047588511e+00 4.689278605804327427e+00 5.000000000000000000e+02 5.000000000000000000e+02 5.000000000000000000e+02 5.000000000000000000e+02 5.000000000000000000e+02 5.000000000000000000e+02 5.000000000000000000e+02 5.000000000000000000e+02 5.000000000000000000e+02 5.000000000000000000e+02 5.000000000000000000e+02 5.000000000000000000e+02 5.000000000000000000e+02 5.000000000000000000e+02 5.000000000000000000e+02 5.000000000000000000e+02
-9.043892680728864850e-10 1.174109827929687526e+04 8.675194441406249098e+03 1.435122678710937407e+03 8.318341064453124711e-02 2.849865112304687531e-01 -2.057194213867187538e-01 1.217987060546874972e-01 -3.416888427734374734e-01 1.174149072656250064e+04 1.014434776458740259e+02 1.435878951171875087e+03 -2.008291625976562494e-02 4.746630859375000067e-01 2.342604980468749876e-01 -2.771947631835937620e-01 -2.279650878906250011e-01 2.448453843701520327e+01 9.227789527711054873e+00 9.784822175316421067e+00 3.125747561338701797e+00 2.504074080672153979e+00 4.393192168999845215e+00 4.102936626743199255e+00 4.990346359636180118e+00 2.410628810528418597e+01 7.941970747195314928e+00 9.888790260214008754e+00 3.134738249173398827e+00 2.478807640698883485e+00 4.483686027527210349e+00 4.017465393767244208e+00 4.512589874087340469e+00 5.000000000000000000e+02 5.000000000000000000e+02 5.000000000000000000e+02 5.000000000000000000e+02 5.000000000000000000e+02 5.000000000000000000e+02 5.000000000000000000e+02 5.000000000000000000e+02 5.000000000000000000e+02 5.000000000000000000e+02 5.000000000000000000e+02 5.000000000000000000e+02 5.000000000000000000e+02 5.000000000000000000e+02 5.000000000000000000e+02 5.000000000000000000e+02
-9.043643846893968435e-10 1.174058652929687560e+04 8.675365656250000029e+03 1.435332321777343850e+03 3.654473876953125144e-02 5.985656738281249778e-01 7.156701660156250533e-02 -1.015163574218749948e-01 -5.641064453124999822e-02 1.174167316210937497e+04 1.013876939849853471e+02 1.435970125976562485e+03 1.018169860839843732e-01 4.839202880859375111e-01 3.530681762695312420e-01 4.725482177734374734e-02 1.531999511718749873e-01 2.513253742795355450e+01 9.305907961418339980e+00 9.971395655670523439e+00 3.063801339469843121e+00 2.435738030255677700e+00 4.572915188739380632e+00 3.991547258746315219e+00 4.762835489821577895e+00 2.456459589614502548e+01 7.849577614060220476e+00 1.040096792357567601e+01 3.205564395646872899e+00 2.622568209525564242e+00 4.410648782670381962e+00 4.027998021940779161e+00 4.943931491423640523e+00 5.000000000000000000e+02 5.000000000000000000e+02 5.000000000000000000e+02 5.000000000000000000e+02 5.000000000000000000e+02 5.000000000000000000e+02 5.000000000000000000e+02 5.000000000000000000e+02 5.000000000000000000e+02 5.000000000000000000e+02 5.000000000000000000e+02 5.000000000000000000e+02 5.000000000000000000e+02 5.000000000000000000e+02 5.000000000000000000e+02 5.000000000000000000e+02
-9.043393612117911056e-10 1.174204900585937503e+04 8.674276937500000713e+03 1.435207822021484390e+03 2.604425048828125019e-02 6.772958984375000435e-01 -2.114696044921874907e-01 -7.889453124999999678e-02 -2.316711425781249958e-02 1.173939804296875081e+04 1.003702450561523420e+02 1.435897083496093728e+03 1.150556640624999932e-01 7.137800292968750071e-01 -1.580665893554687451e-01 4.214178466796875133e-02 4.478637695312500007e-03 2.427096165156001817e+01 9.719806927136239949e+00 9.902325536223981928e+00 3.082240346461625702e+00 2.343262267067273807e+00 4.911928836283306232e+00 4.141315084421831827e+00 4.619317606388060327e+00 2.419193433599509291e+01 7.918777703838355997e+00 1.007972486340587714e+01 3.081377146929832112e+00 2.537996163709410169e+00 4.508906238421506174e+00 4.015834689357906662e+00 4.676464943995879864e+00 5.000000000000000000e+02 5.000000000000000000e+02 5.000000000000000000e+02 5.000000000000000000e+02 5.000000000000000000e+02 5.000000000000000000e+02 5.000000000000000000e+02 5.000000000000000000e+02 5.000000000000000000e+02 5.000000000000000000e+02 5.000000000000000000e+02 5.000000000000000000e+02 5.000000000000000000e+02 5.000000000000000000e+02 5.000000000000000000e+02 5.000000000000000000e+02
-9.043142243246628184e-10 1.173979372656250052e+04 8.674976707031250044e+03 1.435906068847656343e+03 1.221949157714843776e-01 7.634572753906250231e-01 -7.081463623046875544e-02 7.474908447265625477e-02 7.237768554687500078e-02 1.174228205273437561e+04 1.005116858367919974e+02 1.436686669921874909e+03 4.579406738281249778e-02 6.013092651367187846e-01 -1.074004516601562431e-01 -3.269552001953124898e-01 1.112215576171874942e-01 2.468574339310400134e+01 9.476606225530145977e+00 9.767827817241242272e+00 3.088796138858472595e+00 2.517454584605437695e+00 4.805420156250077568e+00 3.974874534603270337e+00 4.542746735835154759e+00 2.414820553176948792e+01 7.348234000852307268e+00 9.789227061310992184e+00 2.967860097040651901e+00 2.584465447317086273e+00 4.469512580699109172e+00 4.199336535351925193e+00 4.607937815496575773e+00 5.000000000000000000e+02 5.000000000000000000e+02 5.000000000000000000e+02 5.000000000000000000e+02 5.000000000000000000e+02 5.000000000000000000e+02 5.000000000000000000e+02 5.000000000000000000e+02 5.000000000000000000e+02 5.000000000000000000e+02 5.000000000000000000e+02 5.000000000000000000e+02 5.000000000000000000e+02 5.000000000000000000e+02 5.000000000000000000e+02 5.000000000000000000e+02
